Termo de pesquisa,Unidade,Seção,URL,Título,Resumo,Data
,Comando da Aeronáutica,DOU - Seção 3,http://pesquisa.in.gov.br/imprensa/jsp/visualiza/index.jsp?data=29/07/2026&jornal=530&pagina=12,AVISO DE LICITAÇÃO,"<p>BASE AEREA DE SALVADOR - UASG 120023. Modalidade: Pregão 82/2026 / Número do processo: 67224.002078/2026-52 / Objeto: Aquisição de material permanente de climatização. Data de início de recebimento de propostas: 29/07/2026, 08:00. Forma de apresentação: Eletrônica. Data de Abertura: 11/08/2026, 10:00. Endereço eletrônico do Edital: https://cnetmobile.estaleiro.serpro.gov.br/comprasnet-web/public/compras/acompanhamento-compra?compra=12002305000822026.</p><p class=""assina"">SAULO CALDAS DESOUZART</p><p class=""cargo"">Autoridade competente</p>",29/07/2026
,Comando da Aeronáutica,DOU - Seção 3,http://pesquisa.in.gov.br/imprensa/jsp/visualiza/index.jsp?data=29/07/2026&jornal=530&pagina=19,AVISO DE LICITAÇÃO,"<p>SEGUNDO CENTRO INT.DEF.AEREA CONTR.TFG.AEREO - UASG 120072</p><p>Modalidade: Pregão 165/2026 / Número do processo: 67613.009516/2026-20 / Objeto: Aquisição de Equipamentos de Proteção Individual (EPI) e Coletiva (EPC),</p><p>Data de início de recebimento de propostas: 29/07/2026, 08:00. Forma de apresentação: Eletrônica</p><p>Data de Abertura: 10/08/2026, 09:00</p><p>Endereço eletrônico do Edital: https://cnetmobile.estaleiro.serpro.gov.br/comprasnet-web/public/compras/acompanhamento-compra?compra=12007205001652026</p><p class=""assina"">MARIANA BARBOSA VILAS BOAS</p><p class=""cargo"">Equipe de apoio</p>",29/07/2026
,Comando da Aeronáutica,DOU - Seção 3,http://pesquisa.in.gov.br/imprensa/jsp/visualiza/index.jsp?data=29/07/2026&jornal=530&pagina=20,AVISO DE LICITAÇÃO,"<p>GRUPAMENTO DE APOIO DE CANOAS - UASG 120629</p><p>Modalidade: Pregão 189/2026 / Número do processo: 67278.003212/2026-15 / Objeto: Aquisição de itens de uniformes (tarjetas de identificação, distintivo de organização militar, dentre outros).</p><p>Data de início de recebimento de propostas: 29/07/2026, 08:00. Forma de apresentação: Eletrônica</p><p>Data de Abertura: 10/08/2026, 09:10</p><p>Endereço eletrônico do Edital: https://cnetmobile.estaleiro.serpro.gov.br/comprasnet-web/public/compras/acompanhamento-compra?compra=12062905001892026</p><p class=""assina"">FAGNER OLIVEIRA DA SILVA</p><p class=""cargo"">Agente de contratação</p>",29/07/2026
,Comando da Aeronáutica,DOU - Seção 3,http://pesquisa.in.gov.br/imprensa/jsp/visualiza/index.jsp?data=29/07/2026&jornal=530&pagina=20,AVISO DE LICITAÇÃO,"<p>Modalidade: Pregão 284/2026 / Número do processo: 67262.000535/2026-18 / Objeto: Aquisição de Materiais Esportivos em atendimento ao Programa Forças no Esporte - PROFESP</p><p>Data de início de recebimento de propostas: 29/07/2026, 08:00. Forma de apresentação: Eletrônica</p><p>Data de Abertura: 10/08/2026, 10:00</p><p>Endereço eletrônico do Edital: https://cnetmobile.estaleiro.serpro.gov.br/comprasnet-web/public/compras/acompanhamento-compra?compra=12063305002842026</p><p class=""assina"">JOESER SOARES DE CARVALHO</p><p class=""cargo"">Autoridade competente</p>",29/07/2026
,Comando da Aeronáutica,DOU - Seção 3,http://pesquisa.in.gov.br/imprensa/jsp/visualiza/index.jsp?data=29/07/2026&jornal=530&pagina=19,AVISO DE LICITAÇÃO,"<p>SEGUNDO CENTRO INT.DEF.AEREA CONTR.TFG.AEREO - UASG 120072</p><p>Modalidade: Pregão 176/2026 / Número do processo: 67613.049559/2024-86 / Objeto: Aquisição de itens de Carnes e Derivados.</p><p>Data de início de recebimento de propostas: 29/07/2026, 08:00. Forma de apresentação: Eletrônica</p><p>Data de Abertura: 11/08/2026, 09:00</p><p>Endereço eletrônico do Edital: https://cnetmobile.estaleiro.serpro.gov.br/comprasnet-web/public/compras/acompanhamento-compra?compra=12007205001762026</p><p class=""assina"">MARIANA BARBOSA VILAS BOAS</p><p class=""cargo"">Equipe de apoio</p>",29/07/2026
,Comando da Aeronáutica,DOU - Seção 3,http://pesquisa.in.gov.br/imprensa/jsp/visualiza/index.jsp?data=29/07/2026&jornal=530&pagina=20,AVISO DE LICITAÇÃO,"<p>Modalidade: Pregão 239/2026 / Número do processo: 67230.008051/2025-11 / Objeto: CONTRATAÇÃO DE SERVIÇOS DE IMPLANTAÇÃO, OPERACIONALIZAÇÃO COMPARTILHADA E MANUTENÇÃO DE SISTEMA INFORMATIZADO PARA GESTÃO DE MANUTENÇÃO DE FROTA VEICULAR E EQUIPAMENTOS MOTORIZADOS PARA ATENDER ÀS NECESSIDADES DO GRUPAMENTO DE APOIO DE RECIFE (GAP-RF), TERCEIRO CENTRO INTEGRADO DE DEFESA AÉREA E CONTROLE DE TRÁFEGO AÉREO (CINDACTA III) E ORGANIZAÇÕES MILITARES APOIADAS.</p><p>Data de início de recebimento de propostas: 30/07/2026, 08:00. Forma de apresentação: Eletrônica</p><p>Data de Abertura: 14/08/2026, 08:59</p><p>Endereço eletrônico do Edital: https://cnetmobile.estaleiro.serpro.gov.br/comprasnet-web/public/compras/acompanhamento-compra?compra=12063205002392026</p><p class=""assina"">LISLAINE LINK</p><p class=""cargo"">Autoridade competente</p>",29/07/2026
,Comando da Aeronáutica,DOU - Seção 3,http://pesquisa.in.gov.br/imprensa/jsp/visualiza/index.jsp?data=29/07/2026&jornal=530&pagina=20,AVISO DE LICITAÇÃO,"<p>Modalidade: Pregão 94/2026 / Número do processo: 67215.008554/2025-77 / Objeto: contratação de serviços continuados de limpeza e conservação, com disponibilização de mão de obra em regime de dedicação exclusiva e fornecimento de todo o material de consumo, insumos e equipamentos necessários à execução dos serviços para o Hospital de Aeronáutica de Belém.</p><p>Data de início de recebimento de propostas: 29/07/2026, 09:00. Forma de apresentação: Eletrônica</p><p>Data de Abertura: 13/08/2026, 09:00</p><p>Endereço eletrônico do Edital: https://cnetmobile.estaleiro.serpro.gov.br/comprasnet-web/public/compras/acompanhamento-compra?compra=12062805000942026</p><p class=""assina"">RENATA DE SOUZA BARBOSA</p><p class=""cargo"">Equipe de apoio</p>",29/07/2026
,Comando da Aeronáutica,DOU - Seção 3,http://pesquisa.in.gov.br/imprensa/jsp/visualiza/index.jsp?data=29/07/2026&jornal=530&pagina=21,AVISO DE LICITAÇÃO,"<p>Modalidade: Pregão 150/2026 / Número do processo: 67282.007307/2025-50 / Objeto: Aquisição de Materiais Tático-militares para o Grupo de Segurança e Defesa de Brasília (GSD-BR),</p><p>Data de início de recebimento de propostas: 29/07/2026, 09:00. Forma de apresentação: Eletrônica</p><p>Data de Abertura: 11/08/2026, 10:00</p><p>Endereço eletrônico do Edital: https://cnetmobile.estaleiro.serpro.gov.br/comprasnet-web/public/compras/acompanhamento-compra?compra=12062505001502026</p><p class=""assina"">ULISSES CRUZ DA COSTA</p><p class=""cargo"">Autoridade competente</p>",29/07/2026
,Comando da Aeronáutica,DOU - Seção 3,http://pesquisa.in.gov.br/imprensa/jsp/visualiza/index.jsp?data=29/07/2026&jornal=530&pagina=13,AVISO DE LICITAÇÃO,"<p>Modalidade: Pregão 149/2026 / Número do processo: 67221.009900/2026-36 / Objeto: Aquisição de equipamentos destinados à Seção de Subsistência da Base Aérea de Fortaleza (BAFZ)</p><p>Data de início de recebimento de propostas: 30/07/2026, 10:00. Forma de apresentação: Eletrônica</p><p>Data de Abertura: 13/08/2026, 10:00</p><p>Endereço eletrônico do Edital: https://cnetmobile.estaleiro.serpro.gov.br/comprasnet-web/public/compras/acompanhamento-compra?compra=12001405001492026</p><p class=""assina"">RAIMUNDO ALBERTO SOARES FREIRE</p><p class=""cargo"">Chefe da Seção de Contratos</p>",29/07/2026
,Comando da Aeronáutica,DOU - Seção 3,http://pesquisa.in.gov.br/imprensa/jsp/visualiza/index.jsp?data=29/07/2026&jornal=530&pagina=20,AVISO DE LICITAÇÃO,"<p>GRUPAMENTO DE APOIO DE CANOAS - UASG 120629</p><p>Modalidade: Pregão 186/2026 / Número do processo: 67278.001472/2026-48 / Objeto: Contratação de serviços locação de equipamento automático de química urinária com fornecimento de reagentes, em proveito do Hospital de Aeronáutica de Canoas, conforme condições, quantidades e exigências estabelecidas neste Edital e seus anexos.</p><p>Data de início de recebimento de propostas: 29/07/2026, 08:00. Forma de apresentação: Eletrônica</p><p>Data de Abertura: 13/08/2026, 09:10</p><p>Endereço eletrônico do Edital: https://cnetmobile.estaleiro.serpro.gov.br/comprasnet-web/public/compras/acompanhamento-compra?compra=12062905001862026</p><p class=""assina"">FAGNER OLIVEIRA DA SILVA</p><p class=""cargo"">Agente de contratação</p>",29/07/2026
,Comando da Aeronáutica,DOU - Seção 3,http://pesquisa.in.gov.br/imprensa/jsp/visualiza/index.jsp?data=29/07/2026&jornal=530&pagina=19,AVISO DE LICITAÇÃO,"<p>Modalidade: Pregão 175/2026 / Número do processo: 67613.030234/2026-91 / Objeto: Aquisição de Máquinas e Equipamentos para Manutenção e Conservação de Áreas Verdes do CINDACTA II e Destacamentos Subordinados</p><p>Data de início de recebimento de propostas: 29/07/2026, 08:00. Forma de apresentação: Eletrônica</p><p>Data de Abertura: 11/08/2026, 09:00</p><p>Endereço eletrônico do Edital: https://cnetmobile.estaleiro.serpro.gov.br/comprasnet-web/public/compras/acompanhamento-compra?compra=12007205001752026</p><p class=""assina"">MARIANA BARBOSA VILAS BOAS</p><p class=""cargo"">Equipe de apoio</p>",29/07/2026
,Comando da Aeronáutica,DOU - Seção 3,http://pesquisa.in.gov.br/imprensa/jsp/visualiza/index.jsp?data=29/07/2026&jornal=530&pagina=20,AVISO DE LICITAÇÃO,"<p>Modalidade: Pregão 47/2026 / Número do processo: 67532.000106/2026-13 / Objeto: AQUISIÇÃO DE MATERIAL MOBILIÁRIO EM GERAL</p><p>Data de início de recebimento de propostas: 29/07/2026, 09:00. Forma de apresentação: Eletrônica</p><p>Data de Abertura: 10/08/2026, 09:00</p><p>Endereço eletrônico do Edital: https://cnetmobile.estaleiro.serpro.gov.br/comprasnet-web/public/compras/acompanhamento-compra?compra=12063605000472026</p><p class=""assina"">TAIS REGINA DOS SANTOS PORTO</p><p class=""cargo"">Equipe de apoio</p>",29/07/2026
,Comando da Aeronáutica,DOU - Seção 3,http://pesquisa.in.gov.br/imprensa/jsp/visualiza/index.jsp?data=29/07/2026&jornal=530&pagina=20,AVISO DE LICITAÇÃO,"<p></p><p>A Chefe Interina do GAP-BE, no exercício de suas atribuições legais, NOTIFICA, por meio do presente edital, a representante legal abaixo relacionada, em razão das tentativas infrutíferas de contato por correio eletrônico, telefone e e-mail acerca do Processo Administrativo de Apuração de Irregularidades n° 006/PAAI/GAPBE/STIC/2026. A comparecer ou entrar em contato, no prazo de 15 (quinze) dias, contados a partir da data de publicação deste edital, à sede do I COMAR, localizada na Avenida Julio Cesar S/N, bairro Souza, Belém-PA, CEP 66613-902, com o objetivo de tornar ciência dos fatos apurados e apresentar recurso administrativo, nos termos do art. 157, 158 e 166, da Lei n° 14.133/2021. O atendimento será realizado de segunda a quinta-feira, no horário das 08h às 16h. Para esclarecimentos adicionais a Assessoria de Riscos Contratuais (ARC) encontra-se à disposição, podendo ser contatada pelo e-mail: rosanarvg@fab.mil.br. ODARA SERVICOS E COMERCIO DE PRODUTOS INDUSTRIAIS (PESSOA JURÍDICA CNPJ 49.217.145/0001-38).</p><p class=""assina"">LÍDIA BORGES AMBRÓSIO Ten Cel Int</p><p class=""cargo"">Ordenador de Despesas</p>",29/07/2026
,Comando da Aeronáutica,DOU - Seção 3,http://pesquisa.in.gov.br/imprensa/jsp/visualiza/index.jsp?data=29/07/2026&jornal=530&pagina=21,EDITAL DE  NOTIFICAÇÃO,"<p>NOTIFICA EMPRESA EMPREENDIMENTO LGA LTDA</p><p>O Grupamento de Apoio de Canoas (GAPCO), diante das informações que instruem os autos do Processo n° 67278.001209/2026-59, e pelo fato de a empresa encontrar-se em local incerto e não sabido, NOTIFICA a empresa EMPREENDIMENTO LGA LTDA, CNPJ n° 37.278.582/0001-82, para querendo, apresentar defesa prévia quanto ao Ofício n° 194/ARC/3664, referente a Notificação de Imposição de Sanção, decorrente do Processo Administrativo de Gestão n° 67278.002740/2025-68. As alegações devem ser encaminhadas pelo responsável ou procurador/representante legal, por escrito e assinada, acompanhada de todas as provas admitidas em direito, no prazo de 15 (quinze) dias uteis, a contar da data da publicação desta notificação dirigida à Sra. KESIA GUEDES ARRAES GOMES, Tenente-Coronel Intendente, Ordenadora de Despesas do Grupamento de Apoio de Canoas (GAPCO), no endereço: Av Guilherme Schell 3950, Bairro Fátima/Canoas/RS, CEP: 92.200-714, garantindo o contraditório e ampla defesa, haja vista a possível aplicação das penalidades administrativas que o caso requer.</p><p class=""assina"">KESIA GUEDES ARRAES GOMES Ten Cel Int</p><p class=""cargo"">Ordenadora de Despesas do Grupamento de Apoio de Canoas</p>",29/07/2026
,Comando da Aeronáutica,DOU - Seção 3,http://pesquisa.in.gov.br/imprensa/jsp/visualiza/index.jsp?data=29/07/2026&jornal=530&pagina=14,EDITAL DE  NOTIFICAÇÃO,"<p>O DEPARTAMENTO DE CONTROLE DO ESPAÇO AÉREO (DECEA), no uso da competência que lhe confere o inciso VIII do art. 4° do ROCA 20-7 ""Regulamento do DECEA"", aprovado pela Portaria n° 1.668/GC3, de 16 de setembro de 2013, considerando o disposto nos artigos 8° e 9° da Lei n° 6.009/73, combinado com o parágrafo 4° do artigo 14, da Lei n° 7.565/86 - Código Brasileiro de Aeronáutica, combinado com o parágrafo único, incisos V e X, do artigo 2°, inciso II do artigo 3°, parágrafo 4° do artigo 26, artigo 28 e o artigo 66 da Lei n° 9.784/99, combinado com o inciso IV do artigo 8° da Lei n° 6.830/80, considerando ainda que a Empresa Brasileira de Correios e Telégrafos - ECT, devolveu a notificação de inadimplência encaminhada para o endereço declarado por parte da Empresa/Proprietário/Explorador ou Operador, no processo administrativo de cobrança de Tarifas de Navegação Aérea, não comprovando assim a entrega ao efetivo destinatário, resolve:</p><p>NOTIFICAR os proprietários, exploradores ou operadores de aeronaves constantes da relação abaixo especificada para que no prazo de 10 (dez) dias, a contar da data da publicação deste EDITAL, efetuem a quitação do débito referente ao não pagamento das Tarifas de Navegação Aérea ou apresentem defesa administrativa, sob pena de aplicação de sanções administrativas, sem prejuízo do possível lançamento em dívida ativa da União, bem como a efetiva execução fiscal</p><p>Caso o valor apontado como inadimplido tenha sido quitado, deverá o proprietário, operador ou explorador da aeronave remeter o respectivo comprovante para efetiva baixa no apontamento.</p><p>Por fim, informa que o endereço eletrônico: https://servicos2.decea.mil.br/sac/index.cfm?a=tarifas está disponível para a solicitação das GRU/Faturas que viabilizarão o pagamento da dívida, bem como para apresentação de defesa administrativa.</p><p>Relação de Proprietários, exploradores ou operadores de aeronaves:</p><p></p><p></p><table><tr><td colspan=""1"" rowspan=""1""><p>PROCESSO Nº</p></td><td colspan=""1"" rowspan=""1""><p>PROPRIETÁRIO/</p><p>OPERADOR</p></td><td colspan=""1"" rowspan=""1""><p>CPF/CNPJ</p></td><td colspan=""1"" rowspan=""1""><p>VALOR PRINCIPAL</p></td></tr><tr><td colspan=""1"" rowspan=""1""><p>S/NUP</p></td><td colspan=""1"" rowspan=""1""><p>AGROPECUARIA MJ LTDA</p></td><td colspan=""1"" rowspan=""1""><p>21.264.151/0001-27</p></td><td colspan=""1"" rowspan=""1""><p>R$ 101,34</p></td></tr><tr><td colspan=""1"" rowspan=""1""><p>S/NUP</p></td><td colspan=""1"" rowspan=""1""><p>AMARO AVIATION S.A</p></td><td colspan=""1"" rowspan=""1""><p>40.264.431/0001-80</p></td><td colspan=""1"" rowspan=""1""><p>R$ 8.657,23</p></td></tr><tr><td colspan=""1"" rowspan=""1""><p>S/NUP</p></td><td colspan=""1"" rowspan=""1""><p>CESAR DE PAULA CORDEIRO</p></td><td colspan=""1"" rowspan=""1""><p>XXX.XXX.442-34</p></td><td colspan=""1"" rowspan=""1""><p>R$ 17.745,10</p></td></tr><tr><td colspan=""1"" rowspan=""1""><p>S/NUP</p></td><td colspan=""1"" rowspan=""1""><p>CLAUDIR DA SILVA</p></td><td colspan=""1"" rowspan=""1""><p>XXX.XXX.610-97</p></td><td colspan=""1"" rowspan=""1""><p>R$ 797,58</p></td></tr><tr><td colspan=""1"" rowspan=""1""><p>S/NUP</p></td><td colspan=""1"" rowspan=""1""><p>COMERCIAL IGOR LTDA</p></td><td colspan=""1"" rowspan=""1""><p>57.224.022/0001-52</p></td><td colspan=""1"" rowspan=""1""><p>R$ 1.536,25</p></td></tr><tr><td colspan=""1"" rowspan=""1""><p>S/NUP</p></td><td colspan=""1"" rowspan=""1""><p>CONVIASA S.A.</p></td><td colspan=""1"" rowspan=""1""><p>Sem CNPJ</p></td><td colspan=""1"" rowspan=""1""><p>R$ 332.535,32</p></td></tr><tr><td colspan=""1"" rowspan=""1""><p>S/NUP</p></td><td colspan=""1"" rowspan=""1""><p>ESTHARLYS BARROS BARRETO</p></td><td colspan=""1"" rowspan=""1""><p>XXX.XXX.422-53</p></td><td colspan=""1"" rowspan=""1""><p>R$ 2.668,91</p></td></tr><tr><td colspan=""1"" rowspan=""1""><p>S/NUP</p></td><td colspan=""1"" rowspan=""1""><p>HELIO SILVA DELGADO</p></td><td colspan=""1"" rowspan=""1""><p>XXX.XXX.523-10</p></td><td colspan=""1"" rowspan=""1""><p>R$ 128,33</p></td></tr><tr><td colspan=""1"" rowspan=""1""><p>S/NUP</p></td><td colspan=""1"" rowspan=""1""><p>IZIDRO RIGO</p></td><td colspan=""1"" rowspan=""1""><p>XXX.XXX.540-34</p></td><td colspan=""1"" rowspan=""1""><p>R$ 2.972,04</p></td></tr><tr><td colspan=""1"" rowspan=""1""><p>S/NUP</p></td><td colspan=""1"" rowspan=""1""><p>K5-AVIATION GMBH</p></td><td colspan=""1"" rowspan=""1""><p>Sem CNPJ</p></td><td colspan=""1"" rowspan=""1""><p>R$ 126.832,61</p></td></tr><tr><td colspan=""1"" rowspan=""1""><p>S/NUP</p></td><td colspan=""1"" rowspan=""1""><p>ONEJETS TAXI AEREO LTDA</p></td><td colspan=""1"" rowspan=""1""><p>51.546.482/0001-10</p></td><td colspan=""1"" rowspan=""1""><p>R$ 1.930,20</p></td></tr><tr><td colspan=""1"" rowspan=""1""><p>S/NUP</p></td><td colspan=""1"" rowspan=""1""><p>RODRIGO THOMAZ DE CASTRO GONTIJO</p></td><td colspan=""1"" rowspan=""1""><p>XXX.XXX.936-93</p></td><td colspan=""1"" rowspan=""1""><p>R$ 1.647,62</p></td></tr><tr><td colspan=""1"" rowspan=""1""><p>S/NUP</p></td><td colspan=""1"" rowspan=""1""><p>TM AEROLÍNEAS SA DE CV (AWESOME CARGO)</p></td><td colspan=""1"" rowspan=""1""><p>Sem CNPJ</p></td><td colspan=""1"" rowspan=""1""><p>R$ 1.669.580,12</p></td></tr><tr><td colspan=""1"" rowspan=""1""><p>S/NUP</p></td><td colspan=""1"" rowspan=""1""><p>336 PATRIMONIAL LTDA</p></td><td colspan=""1"" rowspan=""1""><p>45.331.161/0001-04</p></td><td colspan=""1"" rowspan=""1""><p>R$ 14.058,44</p></td></tr><tr><td colspan=""1"" rowspan=""1""><p>S/NUP</p></td><td colspan=""1"" rowspan=""1""><p>4TRINTA EMPREEND. E PARTICIPAÇÕES LTDA</p></td><td colspan=""1"" rowspan=""1""><p>31.582.453/0001-05</p></td><td colspan=""1"" rowspan=""1""><p>R$ 1.576,11</p></td></tr><tr><td colspan=""1"" rowspan=""1""><p>S/NUP</p></td><td colspan=""1"" rowspan=""1""><p>A. R. T. TAXI AEREO LTDA</p></td><td colspan=""1"" rowspan=""1""><p>10.441.464/0001-97</p></td><td colspan=""1"" rowspan=""1""><p>R$ 37.223,43</p></td></tr><tr><td colspan=""1"" rowspan=""1""><p>S/NUP</p></td><td colspan=""1"" rowspan=""1""><p>A7 PARS PATRIMONIAL LTDA</p></td><td colspan=""1"" rowspan=""1""><p>20.605.845/0001-18</p></td><td colspan=""1"" rowspan=""1""><p>R$ 6.851,81</p></td></tr><tr><td colspan=""1"" rowspan=""1""><p>S/NUP</p></td><td colspan=""1"" rowspan=""1""><p>ABATEDOURO DE BOVINOS SAMPAIO LTDA</p></td><td colspan=""1"" rowspan=""1""><p>09.248.966/0001-17</p></td><td colspan=""1"" rowspan=""1""><p>R$ 1.127,06</p></td></tr><tr><td colspan=""1"" rowspan=""1""><p>S/NUP</p></td><td colspan=""1"" rowspan=""1""><p>ABDUL HADI FARES</p></td><td colspan=""1"" rowspan=""1""><p>XXX.XXX.428-03</p></td><td colspan=""1"" rowspan=""1""><p>R$ 71.976,63</p></td></tr><tr><td colspan=""1"" rowspan=""1""><p>S/NUP</p></td><td colspan=""1"" rowspan=""1""><p>ABERNESSIA GESTÃO DE ATIVOS LTDA</p></td><td colspan=""1"" rowspan=""1""><p>28.258.191/0001-05</p></td><td colspan=""1"" rowspan=""1""><p>R$ 56.716,85</p></td></tr><tr><td colspan=""1"" rowspan=""1""><p>S/NUP</p></td><td colspan=""1"" rowspan=""1""><p>ABG PARTICIPACOES LTDA</p></td><td colspan=""1"" rowspan=""1""><p>14.591.453/0001-44</p></td><td colspan=""1"" rowspan=""1""><p>R$ 32.156,51</p></td></tr><tr><td colspan=""1"" rowspan=""1""><p>S/NUP</p></td><td colspan=""1"" rowspan=""1""><p>ACM AUTO CENTER MAQUINAS LTDA</p></td><td colspan=""1"" rowspan=""1""><p>05.476.456/0001-46</p></td><td colspan=""1"" rowspan=""1""><p>R$ 3.134,82</p></td></tr><tr><td colspan=""1"" rowspan=""1""><p>S/NUP</p></td><td colspan=""1"" rowspan=""1""><p>ADAILTON DESIDEIRO DA SILVA</p></td><td colspan=""1"" rowspan=""1""><p>XXX.XXX.841-72</p></td><td colspan=""1"" rowspan=""1""><p>R$ 1.173,20</p></td></tr><tr><td colspan=""1"" rowspan=""1""><p>S/NUP</p></td><td colspan=""1"" rowspan=""1""><p>AERO CENTER BRASIL ESCOLA DE AVIACAO CIVIL LTDA</p></td><td colspan=""1"" rowspan=""1""><p>35.143.834/0001-30</p></td><td colspan=""1"" rowspan=""1""><p>R$ 1.541,86</p></td></tr><tr><td colspan=""1"" rowspan=""1""><p>S/NUP</p></td><td colspan=""1"" rowspan=""1""><p>AERO CENTER BRASIL LTDA</p></td><td colspan=""1"" rowspan=""1""><p>20.122.710/0001-00</p></td><td colspan=""1"" rowspan=""1""><p>R$ 3.638,00</p></td></tr><tr><td colspan=""1"" rowspan=""1""><p>S/NUP</p></td><td colspan=""1"" rowspan=""1""><p>AERO CENTER BRASIL TÁXI AÉREO LTDA</p></td><td colspan=""1"" rowspan=""1""><p>32.131.251/0001-00</p></td><td colspan=""1"" rowspan=""1""><p>R$ 25.311,19</p></td></tr><tr><td colspan=""1"" rowspan=""1""><p>S/NUP</p></td><td colspan=""1"" rowspan=""1""><p>AERO MT - ESCOLA DE AVIACAO CIVIL LTDA</p></td><td colspan=""1"" rowspan=""1""><p>53.442.446/0001-32</p></td><td colspan=""1"" rowspan=""1""><p>R$ 1.247,75</p></td></tr><tr><td colspan=""1"" rowspan=""1""><p>S/NUP</p></td><td colspan=""1"" rowspan=""1""><p>AERO TRIP TÁXI AÉREO LTDA</p></td><td colspan=""1"" rowspan=""1""><p>35.021.192/0001-05</p></td><td colspan=""1"" rowspan=""1""><p>R$ 3.862,67</p></td></tr><tr><td colspan=""1"" rowspan=""1""><p>S/NUP</p></td><td colspan=""1"" rowspan=""1""><p>AEROBRAN TAXI AEREO LTDA</p></td><td colspan=""1"" rowspan=""1""><p>07.918.532/0001-51</p></td><td colspan=""1"" rowspan=""1""><p>R$ 20.457,65</p></td></tr><tr><td colspan=""1"" rowspan=""1""><p>S/NUP</p></td><td colspan=""1"" rowspan=""1""><p>AEROSPEED TÁXI AÉREO LTDA</p></td><td colspan=""1"" rowspan=""1""><p>26.479.153/0001-57</p></td><td colspan=""1"" rowspan=""1""><p>R$ 26.288,49</p></td></tr><tr><td colspan=""1"" rowspan=""1""><p>S/NUP</p></td><td colspan=""1"" rowspan=""1""><p>AEROTOP TAXI AEREO LTDA</p></td><td colspan=""1"" rowspan=""1""><p>06.180.439/0001-20</p></td><td colspan=""1"" rowspan=""1""><p>R$ 21.273,51</p></td></tr><tr><td colspan=""1"" rowspan=""1""><p>S/NUP</p></td><td colspan=""1"" rowspan=""1""><p>AEROTRADING AVIACAO LTDA</p></td><td colspan=""1"" rowspan=""1""><p>12.625.913/0001-82</p></td><td colspan=""1"" rowspan=""1""><p>R$ 2.426,26</p></td></tr><tr><td colspan=""1"" rowspan=""1""><p>S/NUP</p></td><td colspan=""1"" rowspan=""1""><p>AEROTUR TAXI AEREO LTDA</p></td><td colspan=""1"" rowspan=""1""><p>13.304.516/0001-71</p></td><td colspan=""1"" rowspan=""1""><p>R$ 2.039,09</p></td></tr><tr><td colspan=""1"" rowspan=""1""><p>S/NUP</p></td><td colspan=""1"" rowspan=""1""><p>AEROVIDA TÁXI AÉREO LTDA</p></td><td colspan=""1"" rowspan=""1""><p>28.445.023/0001-29</p></td><td colspan=""1"" rowspan=""1""><p>R$ 183.253,32</p></td></tr><tr><td colspan=""1"" rowspan=""1""><p>S/NUP</p></td><td colspan=""1"" rowspan=""1""><p>AEROVIP SERVICOS AERONAUTICOS LTDA</p></td><td colspan=""1"" rowspan=""1""><p>41.314.164/0001-70</p></td><td colspan=""1"" rowspan=""1""><p>R$ 7.033,03</p></td></tr><tr><td colspan=""1"" rowspan=""1""><p>S/NUP</p></td><td colspan=""1"" rowspan=""1""><p>AGASSIS LEITÃO DE QUEIROZ</p></td><td colspan=""1"" rowspan=""1""><p>XXX.XXX.792-04</p></td><td colspan=""1"" rowspan=""1""><p>R$ 2.267,20</p></td></tr><tr><td colspan=""1"" rowspan=""1""><p>S/NUP</p></td><td colspan=""1"" rowspan=""1""><p>AGNALDO SOUSA RESENDE</p></td><td colspan=""1"" rowspan=""1""><p>XXX.XXX.061-15</p></td><td colspan=""1"" rowspan=""1""><p>R$ 1.053,96</p></td></tr><tr><td colspan=""1"" rowspan=""1""><p>S/NUP</p></td><td colspan=""1"" rowspan=""1""><p>AGRÍCOLA VONTOBEL LTDA</p></td><td colspan=""1"" rowspan=""1""><p>19.534.485/0001-21</p></td><td colspan=""1"" rowspan=""1""><p>R$ 5.104,38</p></td></tr><tr><td colspan=""1"" rowspan=""1""><p>S/NUP</p></td><td colspan=""1"" rowspan=""1""><p>AGROMAQUINAS EMPREENDIMENTOS AGRICOLAS LTDA</p></td><td colspan=""1"" rowspan=""1""><p>05.604.422/0001-90</p></td><td colspan=""1"" rowspan=""1""><p>R$ 8.391,54</p></td></tr><tr><td colspan=""1"" rowspan=""1""><p>S/NUP</p></td><td colspan=""1"" rowspan=""1""><p>AGROP CABECEIRA DO RIBEIRAO DA PRATA LTDA</p></td><td colspan=""1"" rowspan=""1""><p>10.540.921/0001-09</p></td><td colspan=""1"" rowspan=""1""><p>R$ 7.058,16</p></td></tr><tr><td colspan=""1"" rowspan=""1""><p>S/NUP</p></td><td colspan=""1"" rowspan=""1""><p>AGROPECUARIA J D LTDA</p></td><td colspan=""1"" rowspan=""1""><p>34.381.158/0001-70</p></td><td colspan=""1"" rowspan=""1""><p>R$ 49.059,17</p></td></tr><tr><td colspan=""1"" rowspan=""1""><p>S/NUP</p></td><td colspan=""1"" rowspan=""1""><p>AGROPECUARIA PEDRA PRETA LTDA - MTZ</p></td><td colspan=""1"" rowspan=""1""><p>22.688.951/0001-38</p></td><td colspan=""1"" rowspan=""1""><p>R$ 3.069,80</p></td></tr><tr><td colspan=""1"" rowspan=""1""><p>S/NUP</p></td><td colspan=""1"" rowspan=""1""><p>AGROPECUÁRIA SANGUE DE BOI LTDA</p></td><td colspan=""1"" rowspan=""1""><p>26.471.874/0001-10</p></td><td colspan=""1"" rowspan=""1""><p>R$ 2.395,18</p></td></tr><tr><td colspan=""1"" rowspan=""1""><p>S/NUP</p></td><td colspan=""1"" rowspan=""1""><p>AGROPECUARIA VALE SAO PEDRO LTDA</p></td><td colspan=""1"" rowspan=""1""><p>45.584.604/0001-60</p></td><td colspan=""1"" rowspan=""1""><p>R$ 2.276,94</p></td></tr><tr><td colspan=""1"" rowspan=""1""><p>S/NUP</p></td><td colspan=""1"" rowspan=""1""><p>AGROSUL MAQUINAS LTDA</p></td><td colspan=""1"" rowspan=""1""><p>40.512.337/0001-00</p></td><td colspan=""1"" rowspan=""1""><p>R$ 3.460,50</p></td></tr><tr><td colspan=""1"" rowspan=""1""><p>S/NUP</p></td><td colspan=""1"" rowspan=""1""><p>AICITEL ADM DE BENS E PARTICIPAÇÕES LTDA</p></td><td colspan=""1"" rowspan=""1""><p>37.603.165/0001-68</p></td><td colspan=""1"" rowspan=""1""><p>R$ 27.768,42</p></td></tr><tr><td colspan=""1"" rowspan=""1""><p>S/NUP</p></td><td colspan=""1"" rowspan=""1""><p>AILTON MARTINS DE OLIVEIRA</p></td><td colspan=""1"" rowspan=""1""><p>XXX.XXX.871-68</p></td><td colspan=""1"" rowspan=""1""><p>R$ 1.263,83</p></td></tr><tr><td colspan=""1"" rowspan=""1""><p>S/NUP</p></td><td colspan=""1"" rowspan=""1""><p>AIRMEDPLAN SERVICOS LTDA</p></td><td colspan=""1"" rowspan=""1""><p>15.709.998/0001-75</p></td><td colspan=""1"" rowspan=""1""><p>R$ 7.106,78</p></td></tr><tr><td colspan=""1"" rowspan=""1""><p>S/NUP</p></td><td colspan=""1"" rowspan=""1""><p>AIRPLANE ADMINISTRADORA LTDA</p></td><td colspan=""1"" rowspan=""1""><p>47.079.051/0001-14</p></td><td colspan=""1"" rowspan=""1""><p>R$ 17.251,49</p></td></tr><tr><td colspan=""1"" rowspan=""1""><p>S/NUP</p></td><td colspan=""1"" rowspan=""1""><p>ALEX SANDRO DA SILVA CALIL</p></td><td colspan=""1"" rowspan=""1""><p>43.407.534/0001-40</p></td><td colspan=""1"" rowspan=""1""><p>R$ 1.779,45</p></td></tr><tr><td colspan=""1"" rowspan=""1""><p>S/NUP</p></td><td colspan=""1"" rowspan=""1""><p>ALEXANDRE FRANCA SIQUEIRA</p></td><td colspan=""1"" rowspan=""1""><p>XXX.XXX.942-72</p></td><td colspan=""1"" rowspan=""1""><p>R$ 25.092,86</p></td></tr><tr><td colspan=""1"" rowspan=""1""><p>S/NUP</p></td><td colspan=""1"" rowspan=""1""><p>ALEXANDRE VASCONCELOS CASTRO</p></td><td colspan=""1"" rowspan=""1""><p>XXX.XXX.465-49</p></td><td colspan=""1"" rowspan=""1""><p>R$ 12.468,31</p></td></tr><tr><td colspan=""1"" rowspan=""1""><p>S/NUP</p></td><td colspan=""1"" rowspan=""1""><p>ALFFA EMPREENDIMENTOS E ADMINISTRACAO DE BENS PROPRIOS LTDA</p></td><td colspan=""1"" rowspan=""1""><p>45.262.143/0001-00</p></td><td colspan=""1"" rowspan=""1""><p>R$ 4.836,44</p></td></tr><tr><td colspan=""1"" rowspan=""1""><p>S/NUP</p></td><td colspan=""1"" rowspan=""1""><p>ALPHA CONSTRUTORA LTDA</p></td><td colspan=""1"" rowspan=""1""><p>08.718.006/0001-00</p></td><td colspan=""1"" rowspan=""1""><p>R$ 1.039,25</p></td></tr><tr><td colspan=""1"" rowspan=""1""><p>S/NUP</p></td><td colspan=""1"" rowspan=""1""><p>ALTO TIJUCA PARTICIPACOES S/A</p></td><td colspan=""1"" rowspan=""1""><p>26.983.174/0001-05</p></td><td colspan=""1"" rowspan=""1""><p>R$ 8.544,49</p></td></tr><tr><td colspan=""1"" rowspan=""1""><p>S/NUP</p></td><td colspan=""1"" rowspan=""1""><p>ALUMNI ADMINISTRAÇÃO PARTICIPAÇÕES LTDA</p></td><td colspan=""1"" rowspan=""1""><p>14.363.291/0001-97</p></td><td colspan=""1"" rowspan=""1""><p>R$ 9.339,75</p></td></tr><tr><td colspan=""1"" rowspan=""1""><p>S/NUP</p></td><td colspan=""1"" rowspan=""1""><p>ALVARO AMORIM BASTOS</p></td><td colspan=""1"" rowspan=""1""><p>XXX.XXX.771-20</p></td><td colspan=""1"" rowspan=""1""><p>R$ 22.619,32</p></td></tr><tr><td colspan=""1"" rowspan=""1""><p>S/NUP</p></td><td colspan=""1"" rowspan=""1""><p>AMAPIL TAXI AEREO LTDA</p></td><td colspan=""1"" rowspan=""1""><p>70.390.497/0001-87</p></td><td colspan=""1"" rowspan=""1""><p>R$ 64.102,61</p></td></tr><tr><td colspan=""1"" rowspan=""1""><p>S/NUP</p></td><td colspan=""1"" rowspan=""1""><p>AMARO AVIATION S.A</p></td><td colspan=""1"" rowspan=""1""><p>40.264.431/0001-80</p></td><td colspan=""1"" rowspan=""1""><p>R$ 14.562,07</p></td></tr><tr><td colspan=""1"" rowspan=""1""><p>S/NUP</p></td><td colspan=""1"" rowspan=""1""><p>AMARO AVIATION S.A</p></td><td colspan=""1"" rowspan=""1""><p>40.264.431/0001-80</p></td><td colspan=""1"" rowspan=""1""><p>R$ 14.562,07</p></td></tr><tr><td colspan=""1"" rowspan=""1""><p>S/NUP</p></td><td colspan=""1"" rowspan=""1""><p>AMAZON GREEN TAXI AEREO E SERVICOS AERONAUTICOS LTDA</p></td><td colspan=""1"" rowspan=""1""><p>46.611.306/0001-85</p></td><td colspan=""1"" rowspan=""1""><p>R$ 5.304,89</p></td></tr><tr><td colspan=""1"" rowspan=""1""><p>S/NUP</p></td><td colspan=""1"" rowspan=""1""><p>AMAZON GREEN TAXI AEREO E SERVICOS AERONAUTICOS LTDA</p></td><td colspan=""1"" rowspan=""1""><p>46.611.306/0002-66</p></td><td colspan=""1"" rowspan=""1""><p>R$ 12.222,15</p></td></tr><tr><td colspan=""1"" rowspan=""1""><p>S/NUP</p></td><td colspan=""1"" rowspan=""1""><p>AMAZONAS IMPORTADOS LTDA</p></td><td colspan=""1"" rowspan=""1""><p>07.269.201/0001-38</p></td><td colspan=""1"" rowspan=""1""><p>R$ 2.449,36</p></td></tr><tr><td colspan=""1"" rowspan=""1""><p>S/NUP</p></td><td colspan=""1"" rowspan=""1""><p>AMAZONIA TAXI AEREO LTDA</p></td><td colspan=""1"" rowspan=""1""><p>48.589.268/0001-37</p></td><td colspan=""1"" rowspan=""1""><p>R$ 5.299,43</p></td></tr><tr><td colspan=""1"" rowspan=""1""><p>S/NUP</p></td><td colspan=""1"" rowspan=""1""><p>AMBIENTAL PARTICIPACOES LTDA</p></td><td colspan=""1"" rowspan=""1""><p>61.304.723/0001-79</p></td><td colspan=""1"" rowspan=""1""><p>R$ 3.789,34</p></td></tr><tr><td colspan=""1"" rowspan=""1""><p>S/NUP</p></td><td colspan=""1"" rowspan=""1""><p>ANAXIMANDRO DA SILVA SOARES</p></td><td colspan=""1"" rowspan=""1""><p>XXX.XXX.923-68</p></td><td colspan=""1"" rowspan=""1""><p>R$ 1.418,92</p></td></tr><tr><td colspan=""1"" rowspan=""1""><p>S/NUP</p></td><td colspan=""1"" rowspan=""1""><p>ANDRE DANITA</p></td><td colspan=""1"" rowspan=""1""><p>XXX.XXX.988-79</p></td><td colspan=""1"" rowspan=""1""><p>R$ 1.316,96</p></td></tr><tr><td colspan=""1"" rowspan=""1""><p>S/NUP</p></td><td colspan=""1"" rowspan=""1""><p>ANDRE DE OLIVEIRA MARTINS</p></td><td colspan=""1"" rowspan=""1""><p>XXX.XXX.207-94</p></td><td colspan=""1"" rowspan=""1""><p>R$ 1.502,85</p></td></tr><tr><td colspan=""1"" rowspan=""1""><p>S/NUP</p></td><td colspan=""1"" rowspan=""1""><p>ANDRE LUIZ RAMOS BRETAS</p></td><td colspan=""1"" rowspan=""1""><p>XXX.XXX.006-11</p></td><td colspan=""1"" rowspan=""1""><p>R$ 4.519,90</p></td></tr><tr><td colspan=""1"" rowspan=""1""><p>S/NUP</p></td><td colspan=""1"" rowspan=""1""><p>ANTONIO BARBOSA MAIA</p></td><td colspan=""1"" rowspan=""1""><p>XXX.XXX.408-26</p></td><td colspan=""1"" rowspan=""1""><p>R$ 5.129,31</p></td></tr><tr><td colspan=""1"" rowspan=""1""><p>S/NUP</p></td><td colspan=""1"" rowspan=""1""><p>ANTONIO CAPISTRANO SOCIEDADE INDIVIDUAL DE ADVOCACIA</p></td><td colspan=""1"" rowspan=""1""><p>42.419.371/0001-52</p></td><td colspan=""1"" rowspan=""1""><p>R$ 1.844,90</p></td></tr><tr><td colspan=""1"" rowspan=""1""><p>S/NUP</p></td><td colspan=""1"" rowspan=""1""><p>ANTONIO DA CRUZ FILGUEIRA</p></td><td colspan=""1"" rowspan=""1""><p>XXX.XXX.204-34</p></td><td colspan=""1"" rowspan=""1""><p>R$ 1.535,07</p></td></tr><tr><td colspan=""1"" rowspan=""1""><p>S/NUP</p></td><td colspan=""1"" rowspan=""1""><p>ANTONIO FILLIPE MARQUES REGO</p></td><td colspan=""1"" rowspan=""1""><p>XXX.XXX.863-34</p></td><td colspan=""1"" rowspan=""1""><p>R$ 4.159,78</p></td></tr><tr><td colspan=""1"" rowspan=""1""><p>S/NUP</p></td><td colspan=""1"" rowspan=""1""><p>APARTE TAXI AEREO LTDA</p></td><td colspan=""1"" rowspan=""1""><p>58.577.925/0002-60</p></td><td colspan=""1"" rowspan=""1""><p>R$ 184,80</p></td></tr><tr><td colspan=""1"" rowspan=""1""><p>S/NUP</p></td><td colspan=""1"" rowspan=""1""><p>APUI TAXI AEREO S.A</p></td><td colspan=""1"" rowspan=""1""><p>01.341.740/0001-54</p></td><td colspan=""1"" rowspan=""1""><p>R$ 3.941,21</p></td></tr><tr><td colspan=""1"" rowspan=""1""><p>S/NUP</p></td><td colspan=""1"" rowspan=""1""><p>ARAGUAIA AVIATION HOLDING LTDA</p></td><td colspan=""1"" rowspan=""1""><p>57.152.249/0001-30</p></td><td colspan=""1"" rowspan=""1""><p>R$ 1.747,43</p></td></tr><tr><td colspan=""1"" rowspan=""1""><p>S/NUP</p></td><td colspan=""1"" rowspan=""1""><p>ARAGUAIA S.A.</p></td><td colspan=""1"" rowspan=""1""><p>03.306.578/0012-11</p></td><td colspan=""1"" rowspan=""1""><p>R$ 2.283,43</p></td></tr><tr><td colspan=""1"" rowspan=""1""><p>S/NUP</p></td><td colspan=""1"" rowspan=""1""><p>ARCO-IRIS AVIACAO AGRICOLA LTDA</p></td><td colspan=""1"" rowspan=""1""><p>53.817.194/0001-89</p></td><td colspan=""1"" rowspan=""1""><p>R$ 1.293,59</p></td></tr><tr><td colspan=""1"" rowspan=""1""><p>S/NUP</p></td><td colspan=""1"" rowspan=""1""><p>ARES A ESCOLA DE AVIACAO CIVIL LTDA</p></td><td colspan=""1"" rowspan=""1""><p>29.043.433/0001-06</p></td><td colspan=""1"" rowspan=""1""><p>R$ 2.014,68</p></td></tr><tr><td colspan=""1"" rowspan=""1""><p>S/NUP</p></td><td colspan=""1"" rowspan=""1""><p>ARLINDO RAGGIO VERGACAS JUNIOR</p></td><td colspan=""1"" rowspan=""1""><p>XXX.XXX.017-53</p></td><td colspan=""1"" rowspan=""1""><p>R$ 6.014,41</p></td></tr><tr><td colspan=""1"" rowspan=""1""><p>S/NUP</p></td><td colspan=""1"" rowspan=""1""><p>ASSOCIACAO ALIANCA DE ESPERANCA</p></td><td colspan=""1"" rowspan=""1""><p>08.147.424/0001-95</p></td><td colspan=""1"" rowspan=""1""><p>R$ 1.215,49</p></td></tr><tr><td colspan=""1"" rowspan=""1""><p>S/NUP</p></td><td colspan=""1"" rowspan=""1""><p>ASSOCIACAO IGREJA ADVENTISTA MISSIONARIA - AIAMIS</p></td><td colspan=""1"" rowspan=""1""><p>03.365.403/0001-22</p></td><td colspan=""1"" rowspan=""1""><p>R$ 3.658,24</p></td></tr><tr><td colspan=""1"" rowspan=""1""><p>S/NUP</p></td><td colspan=""1"" rowspan=""1""><p>ATEM'S DISTRUBUIDORA DE PETROLE SA</p></td><td colspan=""1"" rowspan=""1""><p>03.987.364/0001-03</p></td><td colspan=""1"" rowspan=""1""><p>R$ 2.916,06</p></td></tr><tr><td colspan=""1"" rowspan=""1""><p>S/NUP</p></td><td colspan=""1"" rowspan=""1""><p>ATVOS BIOENERGIA BRENCO S.A</p></td><td colspan=""1"" rowspan=""1""><p>08.070.566/0016-88</p></td><td colspan=""1"" rowspan=""1""><p>R$ 1.053,96</p></td></tr><tr><td colspan=""1"" rowspan=""1""><p>S/NUP</p></td><td colspan=""1"" rowspan=""1""><p>AVA SERVICOS AEREOS ESPECIALIZADOS LTDA</p></td><td colspan=""1"" rowspan=""1""><p>42.693.932/0001-07</p></td><td colspan=""1"" rowspan=""1""><p>R$ 1.130,95</p></td></tr><tr><td colspan=""1"" rowspan=""1""><p>S/NUP</p></td><td colspan=""1"" rowspan=""1""><p>AVIACAO E PARTICIPACOES RV-10 LTDA</p></td><td colspan=""1"" rowspan=""1""><p>56.100.631/0001-37</p></td><td colspan=""1"" rowspan=""1""><p>R$ 1.682,13</p></td></tr><tr><td colspan=""1"" rowspan=""1""><p>S/NUP</p></td><td colspan=""1"" rowspan=""1""><p>AVIATION MANAGEMENT SERVICES - SERVICOS AERONAUTICOS LTDA</p></td><td colspan=""1"" rowspan=""1""><p>11.450.358/0001-32</p></td><td colspan=""1"" rowspan=""1""><p>R$ 9.610,22</p></td></tr><tr><td colspan=""1"" rowspan=""1""><p>S/NUP</p></td><td colspan=""1"" rowspan=""1""><p>B. C. SOUZA ALMEIDA LTDA</p></td><td colspan=""1"" rowspan=""1""><p>57.372.110/0001-00</p></td><td colspan=""1"" rowspan=""1""><p>R$ 10.932,00</p></td></tr><tr><td colspan=""1"" rowspan=""1""><p>S/NUP</p></td><td colspan=""1"" rowspan=""1""><p>BAHIA SECRETARIA DA SEGURANCA PUBLICA</p></td><td colspan=""1"" rowspan=""1""><p>13.937.149/0002-24</p></td><td colspan=""1"" rowspan=""1""><p>R$ 1.149,71</p></td></tr><tr><td colspan=""1"" rowspan=""1""><p>S/NUP</p></td><td colspan=""1"" rowspan=""1""><p>BALWE EMPREENDIMENTOS LTDA</p></td><td colspan=""1"" rowspan=""1""><p>42.080.901/0001-80</p></td><td colspan=""1"" rowspan=""1""><p>R$ 1.212,14</p></td></tr><tr><td colspan=""1"" rowspan=""1""><p>S/NUP</p></td><td colspan=""1"" rowspan=""1""><p>BARDOCK PARTICIPAÇÕES LTDA</p></td><td colspan=""1"" rowspan=""1""><p>00.862.951/0001-70</p></td><td colspan=""1"" rowspan=""1""><p>R$ 3.393,45</p></td></tr><tr><td colspan=""1"" rowspan=""1""><p>S/NUP</p></td><td colspan=""1"" rowspan=""1""><p>BARRETO PARTICIPACOES SOCIETARIAS LTDA</p></td><td colspan=""1"" rowspan=""1""><p>40.473.064/0001-24</p></td><td colspan=""1"" rowspan=""1""><p>R$ 1.646,51</p></td></tr><tr><td colspan=""1"" rowspan=""1""><p>S/NUP</p></td><td colspan=""1"" rowspan=""1""><p>BCP SERVICOS AUXILIARES DE TRANSPORTE AEREO LTDA</p></td><td colspan=""1"" rowspan=""1""><p>34.170.329/0001-12</p></td><td colspan=""1"" rowspan=""1""><p>R$ 1.557,68</p></td></tr><tr><td colspan=""1"" rowspan=""1""><p>S/NUP</p></td><td colspan=""1"" rowspan=""1""><p>BDB PARTICIPACOES LTDA</p></td><td colspan=""1"" rowspan=""1""><p>63.844.755/0001-92</p></td><td colspan=""1"" rowspan=""1""><p>R$ 1.401,10</p></td></tr><tr><td colspan=""1"" rowspan=""1""><p>S/NUP</p></td><td colspan=""1"" rowspan=""1""><p>BEM NUTRI LIMITADA</p></td><td colspan=""1"" rowspan=""1""><p>17.475.068/0001-20</p></td><td colspan=""1"" rowspan=""1""><p>R$ 5.116,49</p></td></tr><tr><td colspan=""1"" rowspan=""1""><p>S/NUP</p></td><td colspan=""1"" rowspan=""1""><p>BENEVENUTO &amp; QUEIROZ LTDA</p></td><td colspan=""1"" rowspan=""1""><p>46.590.297/0001-93</p></td><td colspan=""1"" rowspan=""1""><p>R$ 2.853,20</p></td></tr><tr><td colspan=""1"" rowspan=""1""><p>S/NUP</p></td><td colspan=""1"" rowspan=""1""><p>BENEVIDES MADEIRA LTDA</p></td><td colspan=""1"" rowspan=""1""><p>03.278.503/0001-11</p></td><td colspan=""1"" rowspan=""1""><p>R$ 4.707,49</p></td></tr><tr><td colspan=""1"" rowspan=""1""><p>S/NUP</p></td><td colspan=""1"" rowspan=""1""><p>BERNARDO GONÇALVES MENDES</p></td><td colspan=""1"" rowspan=""1""><p>XXX.XXX.771-41</p></td><td colspan=""1"" rowspan=""1""><p>R$ 1.173,18</p></td></tr><tr><td colspan=""1"" rowspan=""1""><p>S/NUP</p></td><td colspan=""1"" rowspan=""1""><p>BIOTER PROTECAO AMBIENTAL LTDA</p></td><td colspan=""1"" rowspan=""1""><p>02.236.436/0001-00</p></td><td colspan=""1"" rowspan=""1""><p>R$ 1.198,91</p></td></tr><tr><td colspan=""1"" rowspan=""1""><p>S/NUP</p></td><td colspan=""1"" rowspan=""1""><p>BLACK TAXI AEREO E SERVICOS AERONAUTICOS S/A</p></td><td colspan=""1"" rowspan=""1""><p>28.395.388/0001-96</p></td><td colspan=""1"" rowspan=""1""><p>R$ 60.212,60</p></td></tr><tr><td colspan=""1"" rowspan=""1""><p>S/NUP</p></td><td colspan=""1"" rowspan=""1""><p>BLACKSTEEL INVESTIMENTOS E EMPREENDIMENTOS IMOBILIARIOS S.A.</p></td><td colspan=""1"" rowspan=""1""><p>52.996.662/0001-67</p></td><td colspan=""1"" rowspan=""1""><p>R$ 3.832,13</p></td></tr><tr><td colspan=""1"" rowspan=""1""><p>S/NUP</p></td><td colspan=""1"" rowspan=""1""><p>BLUE SKY AERO LTDA</p></td><td colspan=""1"" rowspan=""1""><p>44.583.989/0001-89</p></td><td colspan=""1"" rowspan=""1""><p>R$ 2.364,31</p></td></tr><tr><td colspan=""1"" rowspan=""1""><p>S/NUP</p></td><td colspan=""1"" rowspan=""1""><p>BM ADMINISTRACAO INVESTIMENTOS LOCACOES &amp; SERVICOS LIMITADA</p></td><td colspan=""1"" rowspan=""1""><p>19.323.513/0001-61</p></td><td colspan=""1"" rowspan=""1""><p>R$ 1.496,25</p></td></tr><tr><td colspan=""1"" rowspan=""1""><p>S/NUP</p></td><td colspan=""1"" rowspan=""1""><p>BMSS COMERCIO INTERNACIONAL LTDA</p></td><td colspan=""1"" rowspan=""1""><p>22.242.437/0001-74</p></td><td colspan=""1"" rowspan=""1""><p>R$ 1.290,96</p></td></tr><tr><td colspan=""1"" rowspan=""1""><p>S/NUP</p></td><td colspan=""1"" rowspan=""1""><p>BOMAR MARICULTURA LTDA</p></td><td colspan=""1"" rowspan=""1""><p>05.628.087/0001-60</p></td><td colspan=""1"" rowspan=""1""><p>R$ 3.011,49</p></td></tr><tr><td colspan=""1"" rowspan=""1""><p>S/NUP</p></td><td colspan=""1"" rowspan=""1""><p>BPX BETS SPORTS GROUP LTDA</p></td><td colspan=""1"" rowspan=""1""><p>55.590.815/0001-60</p></td><td colspan=""1"" rowspan=""1""><p>R$ 3.502,12</p></td></tr><tr><td colspan=""1"" rowspan=""1""><p>S/NUP</p></td><td colspan=""1"" rowspan=""1""><p>BRASIL COMERCIO E DISTRIBUIDORA LTDA</p></td><td colspan=""1"" rowspan=""1""><p>11.210.951/0001-01</p></td><td colspan=""1"" rowspan=""1""><p>R$ 15.968,99</p></td></tr><tr><td colspan=""1"" rowspan=""1""><p>S/NUP</p></td><td colspan=""1"" rowspan=""1""><p>BRASIL MANGANES LTDA</p></td><td colspan=""1"" rowspan=""1""><p>10.306.257/0001-20</p></td><td colspan=""1"" rowspan=""1""><p>R$ 1.171,45</p></td></tr><tr><td colspan=""1"" rowspan=""1""><p>S/NUP</p></td><td colspan=""1"" rowspan=""1""><p>BRASIL VIDA TAXI AEREO LTDA</p></td><td colspan=""1"" rowspan=""1""><p>06.234.656/0001-55</p></td><td colspan=""1"" rowspan=""1""><p>R$ 874.007,62</p></td></tr><tr><td colspan=""1"" rowspan=""1""><p>S/NUP</p></td><td colspan=""1"" rowspan=""1""><p>BRAVO NOVEMBER ZULU PARTICIPACOES E INVESTIMENTOS LTDA</p></td><td colspan=""1"" rowspan=""1""><p>61.805.505/0001-18</p></td><td colspan=""1"" rowspan=""1""><p>R$ 1.128,82</p></td></tr><tr><td colspan=""1"" rowspan=""1""><p>S/NUP</p></td><td colspan=""1"" rowspan=""1""><p>BRICK LOGÍSTICA LIMITADA</p></td><td colspan=""1"" rowspan=""1""><p>07.651.845/0001-96</p></td><td colspan=""1"" rowspan=""1""><p>R$ 3.687,60</p></td></tr><tr><td colspan=""1"" rowspan=""1""><p>S/NUP</p></td><td colspan=""1"" rowspan=""1""><p>BRUCKER SOLUCOES EM FORNOS LTDA</p></td><td colspan=""1"" rowspan=""1""><p>11.065.883/0001-34</p></td><td colspan=""1"" rowspan=""1""><p>R$ 1.158,30</p></td></tr><tr><td colspan=""1"" rowspan=""1""><p>S/NUP</p></td><td colspan=""1"" rowspan=""1""><p>BRUNA MARIA GUERRA DE FARIAS CÂMARA</p></td><td colspan=""1"" rowspan=""1""><p>XXX.XXX.554-00</p></td><td colspan=""1"" rowspan=""1""><p>R$ 1.678,16</p></td></tr><tr><td colspan=""1"" rowspan=""1""><p>S/NUP</p></td><td colspan=""1"" rowspan=""1""><p>BRUNO ALVES VALVERDE</p></td><td colspan=""1"" rowspan=""1""><p>XXX.XXX.525-70</p></td><td colspan=""1"" rowspan=""1""><p>R$ 8.511,88</p></td></tr><tr><td colspan=""1"" rowspan=""1""><p>S/NUP</p></td><td colspan=""1"" rowspan=""1""><p>BRUNO LEONARDO DE SILVA LIMA</p></td><td colspan=""1"" rowspan=""1""><p>XXX.XXX.285-00</p></td><td colspan=""1"" rowspan=""1""><p>R$ 1.027,53</p></td></tr><tr><td colspan=""1"" rowspan=""1""><p>S/NUP</p></td><td colspan=""1"" rowspan=""1""><p>BSA ADMINISTRACAO DE BENS PROPRIOS S/A</p></td><td colspan=""1"" rowspan=""1""><p>64.664.736/0001-47</p></td><td colspan=""1"" rowspan=""1""><p>R$ 31.428,98</p></td></tr><tr><td colspan=""1"" rowspan=""1""><p>S/NUP</p></td><td colspan=""1"" rowspan=""1""><p>BURITI - COM E REPRESENTACOES DE PRODS AGRICOLAS LTDA</p></td><td colspan=""1"" rowspan=""1""><p>25.131.343/0001-16</p></td><td colspan=""1"" rowspan=""1""><p>R$ 1.141,28</p></td></tr><tr><td colspan=""1"" rowspan=""1""><p>S/NUP</p></td><td colspan=""1"" rowspan=""1""><p>C V E COMERCIO BRASIL LTDA</p></td><td colspan=""1"" rowspan=""1""><p>32.723.332/0001-90</p></td><td colspan=""1"" rowspan=""1""><p>R$ 5.708,62</p></td></tr><tr><td colspan=""1"" rowspan=""1""><p>S/NUP</p></td><td colspan=""1"" rowspan=""1""><p>CAIO VITOR DE CASTRO CUNHA</p></td><td colspan=""1"" rowspan=""1""><p>XXX.XXX.193-14</p></td><td colspan=""1"" rowspan=""1""><p>R$ 1.650,72</p></td></tr><tr><td colspan=""1"" rowspan=""1""><p>S/NUP</p></td><td colspan=""1"" rowspan=""1""><p>CARLOS ALBERTO FERREIRA DA SILVA</p></td><td colspan=""1"" rowspan=""1""><p>XXX.XXX.824-53</p></td><td colspan=""1"" rowspan=""1""><p>R$ 5.206,17</p></td></tr><tr><td colspan=""1"" rowspan=""1""><p>S/NUP</p></td><td colspan=""1"" rowspan=""1""><p>CARLOS VITOR OHF</p></td><td colspan=""1"" rowspan=""1""><p>XXX.XXX.379-49</p></td><td colspan=""1"" rowspan=""1""><p>R$ 1.228,42</p></td></tr></table>",29/07/2026
,Comando da Aeronáutica,DOU - Seção 3,http://pesquisa.in.gov.br/imprensa/jsp/visualiza/index.jsp?data=29/07/2026&jornal=530&pagina=13,EDITAL DE  NOTIFICAÇÃO,"<p>O DEPARTAMENTO DE CONTROLE DO ESPAÇO AÉREO (DECEA), no uso da competência que lhe confere o inciso VIII do art. 4° do ROCA 20-7 ""Regulamento do DECEA"", aprovado pela Portaria n° 1.668/GC3, de 16 de setembro de 2013, considerando o disposto nos artigos 8° e 9° da Lei n° 6.009/73, combinado com o parágrafo 4° do artigo 14, da Lei n° 7.565/86 - Código Brasileiro de Aeronáutica, combinado com o parágrafo único, incisos V e X, do artigo 2°, inciso II do artigo 3°, parágrafo 4° do artigo 26, artigo 28 e o artigo 66 da Lei n° 9.784/99, combinado com o inciso IV do artigo 8° da Lei n° 6.830/80, considerando ainda que a Empresa Brasileira de Correios e Telégrafos - ECT, devolveu a notificação de inadimplência encaminhada para o endereço declarado por parte da Empresa/Proprietário/Explorador ou Operador, no processo administrativo de cobrança de Tarifas de Navegação Aérea, não comprovando assim a entrega ao efetivo destinatário, resolve:</p><p>NOTIFICAR os proprietários, exploradores ou operadores de aeronaves constantes da relação abaixo especificada para que no prazo de 30 (trinta) dias, a contar da data da publicação deste EDITAL, efetuem a quitação do débito referente ao não pagamento das Tarifas de Navegação Aérea ou apresentem a efetiva comprovação do pagamento, sob pena de aplicação de sanções administrativas, sem prejuízo do possível lançamento em dívida ativa da União, bem como a efetiva execução fiscal</p><p>Informar ainda que as respectivas GRU/Faturas que lhes cabem pagar se encontram disponibilizas no endereço eletrônico: http://tarifas.decea.mil.br/Atendimento.Aspx do Departamento de Controle do Espaço Aéreo - DECEA - Assessoria de Assuntos de Tarifas de Navegação Aérea.</p><p>Relação de Proprietários, exploradores ou operadores de aeronaves:</p><p></p><p></p><table><tr><td colspan=""1"" rowspan=""1""><p>PROPRIETÁRIO/OPERADOR</p></td><td colspan=""1"" rowspan=""1""><p>CPF/CNPJ</p></td><td colspan=""1"" rowspan=""1""><p>NÚMERO DA GRU</p></td><td colspan=""1"" rowspan=""1""><p>VALOR DO DÉBITO</p></td><td colspan=""1"" rowspan=""1""><p>DATA DE VENCIMENTO DA GRU/INVOICE</p></td></tr><tr><td colspan=""1"" rowspan=""1""><p>AGSON ROBERTO VIEIRA SILVA</p></td><td colspan=""1"" rowspan=""1""><p>XXX.XXX.152-38</p></td><td colspan=""1"" rowspan=""1""><p>42747</p></td><td colspan=""1"" rowspan=""1""><p>R$ 219,28</p></td><td colspan=""1"" rowspan=""1""><p>07/08/2026</p></td></tr><tr><td colspan=""1"" rowspan=""1""><p>AGSON ROBERTO VIEIRA SILVA</p></td><td colspan=""1"" rowspan=""1""><p>XXX.XXX.152-38</p></td><td colspan=""1"" rowspan=""1""><p>42721</p></td><td colspan=""1"" rowspan=""1""><p>R$ 438,56</p></td><td colspan=""1"" rowspan=""1""><p>07/08/2026</p></td></tr><tr><td colspan=""1"" rowspan=""1""><p>AGSON ROBERTO VIEIRA SILVA</p></td><td colspan=""1"" rowspan=""1""><p>XXX.XXX.152-38</p></td><td colspan=""1"" rowspan=""1""><p>42739</p></td><td colspan=""1"" rowspan=""1""><p>R$ 5.653,64</p></td><td colspan=""1"" rowspan=""1""><p>07/08/2026</p></td></tr><tr><td colspan=""1"" rowspan=""1""><p>ALIMENTARE COMERCIO E DISTRIBUICAO DE ALIMENTOS LTDA</p></td><td colspan=""1"" rowspan=""1""><p>28.158.336/0001-04</p></td><td colspan=""1"" rowspan=""1""><p>42763</p></td><td colspan=""1"" rowspan=""1""><p>R$ 800,37</p></td><td colspan=""1"" rowspan=""1""><p>07/08/2026</p></td></tr><tr><td colspan=""1"" rowspan=""1""><p>ALPHA ADMINISTRAÇÃO E PARTICIPAÇÕES LTDA</p></td><td colspan=""1"" rowspan=""1""><p>52.908.822/0001-79</p></td><td colspan=""1"" rowspan=""1""><p>43271</p></td><td colspan=""1"" rowspan=""1""><p>R$ 1.232,87</p></td><td colspan=""1"" rowspan=""1""><p>14/08/2026</p></td></tr><tr><td colspan=""1"" rowspan=""1""><p>ALPHA ADMINISTRAÇÃO E PARTICIPAÇÕES LTDA</p></td><td colspan=""1"" rowspan=""1""><p>52.908.822/0001-79</p></td><td colspan=""1"" rowspan=""1""><p>43280</p></td><td colspan=""1"" rowspan=""1""><p>R$ 1.275,07</p></td><td colspan=""1"" rowspan=""1""><p>14/08/2026</p></td></tr><tr><td colspan=""1"" rowspan=""1""><p>ALPHA ADMINISTRAÇÃO E PARTICIPAÇÕES LTDA</p></td><td colspan=""1"" rowspan=""1""><p>52.908.822/0001-79</p></td><td colspan=""1"" rowspan=""1""><p>43301</p></td><td colspan=""1"" rowspan=""1""><p>R$ 1.004,52</p></td><td colspan=""1"" rowspan=""1""><p>14/08/2026</p></td></tr><tr><td colspan=""1"" rowspan=""1""><p>ALS COMÉRCIO DE ALIMENTOS LTDA</p></td><td colspan=""1"" rowspan=""1""><p>35.692.303/0001-05</p></td><td colspan=""1"" rowspan=""1""><p>43034</p></td><td colspan=""1"" rowspan=""1""><p>R$ 242,96</p></td><td colspan=""1"" rowspan=""1""><p>14/08/2026</p></td></tr><tr><td colspan=""1"" rowspan=""1""><p>ALS COMÉRCIO DE ALIMENTOS LTDA</p></td><td colspan=""1"" rowspan=""1""><p>35.692.303/0001-05</p></td><td colspan=""1"" rowspan=""1""><p>43042</p></td><td colspan=""1"" rowspan=""1""><p>R$ 489,64</p></td><td colspan=""1"" rowspan=""1""><p>14/08/2026</p></td></tr><tr><td colspan=""1"" rowspan=""1""><p>ALS COMÉRCIO DE ALIMENTOS LTDA</p></td><td colspan=""1"" rowspan=""1""><p>35.692.303/0001-05</p></td><td colspan=""1"" rowspan=""1""><p>43051</p></td><td colspan=""1"" rowspan=""1""><p>R$ 157,64</p></td><td colspan=""1"" rowspan=""1""><p>14/08/2026</p></td></tr><tr><td colspan=""1"" rowspan=""1""><p>AMARO AVIATION S.A</p></td><td colspan=""1"" rowspan=""1""><p>40.264.431/0001-80</p></td><td colspan=""1"" rowspan=""1""><p>42887</p></td><td colspan=""1"" rowspan=""1""><p>R$ 4.034,91</p></td><td colspan=""1"" rowspan=""1""><p>08/08/2026</p></td></tr><tr><td colspan=""1"" rowspan=""1""><p>AMARO AVIATION S.A</p></td><td colspan=""1"" rowspan=""1""><p>40.264.431/0001-80</p></td><td colspan=""1"" rowspan=""1""><p>42891</p></td><td colspan=""1"" rowspan=""1""><p>R$ 963,03</p></td><td colspan=""1"" rowspan=""1""><p>08/08/2026</p></td></tr><tr><td colspan=""1"" rowspan=""1""><p>AMARO AVIATION S.A</p></td><td colspan=""1"" rowspan=""1""><p>40.264.431/0001-80</p></td><td colspan=""1"" rowspan=""1""><p>42909</p></td><td colspan=""1"" rowspan=""1""><p>R$ 3.659,29</p></td><td colspan=""1"" rowspan=""1""><p>08/08/2026</p></td></tr><tr><td colspan=""1"" rowspan=""1""><p>AMARO AVIATION S.A</p></td><td colspan=""1"" rowspan=""1""><p>40.264.431/0001-80</p></td><td colspan=""1"" rowspan=""1""><p>42771</p></td><td colspan=""1"" rowspan=""1""><p>R$ 2.973,39</p></td><td colspan=""1"" rowspan=""1""><p>07/08/2026</p></td></tr><tr><td colspan=""1"" rowspan=""1""><p>AMARO AVIATION S.A</p></td><td colspan=""1"" rowspan=""1""><p>40.264.431/0001-80</p></td><td colspan=""1"" rowspan=""1""><p>42780</p></td><td colspan=""1"" rowspan=""1""><p>R$ 796,42</p></td><td colspan=""1"" rowspan=""1""><p>07/08/2026</p></td></tr><tr><td colspan=""1"" rowspan=""1""><p>BL TAXI AEREO LTDA</p></td><td colspan=""1"" rowspan=""1""><p>60.997.416/0001-58</p></td><td colspan=""1"" rowspan=""1""><p>43115</p></td><td colspan=""1"" rowspan=""1""><p>R$ 9.269,86</p></td><td colspan=""1"" rowspan=""1""><p>14/08/2026</p></td></tr><tr><td colspan=""1"" rowspan=""1""><p>BL TAXI AEREO LTDA</p></td><td colspan=""1"" rowspan=""1""><p>60.997.416/0001-58</p></td><td colspan=""1"" rowspan=""1""><p>43123</p></td><td colspan=""1"" rowspan=""1""><p>R$ 2.180,99</p></td><td colspan=""1"" rowspan=""1""><p>14/08/2026</p></td></tr><tr><td colspan=""1"" rowspan=""1""><p>BL TAXI AEREO LTDA</p></td><td colspan=""1"" rowspan=""1""><p>60.997.416/0001-58</p></td><td colspan=""1"" rowspan=""1""><p>43131</p></td><td colspan=""1"" rowspan=""1""><p>R$ 7.628,76</p></td><td colspan=""1"" rowspan=""1""><p>14/08/2026</p></td></tr><tr><td colspan=""1"" rowspan=""1""><p>FLORIDA ULTRA EMPREENDIMENTOS E PARTICIPACOES S.A.</p></td><td colspan=""1"" rowspan=""1""><p>55.649.285/0001-88</p></td><td colspan=""1"" rowspan=""1""><p>42793</p></td><td colspan=""1"" rowspan=""1""><p>R$ 110,67</p></td><td colspan=""1"" rowspan=""1""><p>07/08/2026</p></td></tr><tr><td colspan=""1"" rowspan=""1""><p>FLORIDA ULTRA EMPREENDIMENTOS E PARTICIPACOES S.A.</p></td><td colspan=""1"" rowspan=""1""><p>55.649.285/0001-88</p></td><td colspan=""1"" rowspan=""1""><p>42801</p></td><td colspan=""1"" rowspan=""1""><p>R$ 799,20</p></td><td colspan=""1"" rowspan=""1""><p>07/08/2026</p></td></tr><tr><td colspan=""1"" rowspan=""1""><p>FLORIDA ULTRA EMPREENDIMENTOS E PARTICIPACOES S.A.</p></td><td colspan=""1"" rowspan=""1""><p>55.649.285/0001-88</p></td><td colspan=""1"" rowspan=""1""><p>42810</p></td><td colspan=""1"" rowspan=""1""><p>R$ 490,88</p></td><td colspan=""1"" rowspan=""1""><p>07/08/2026</p></td></tr><tr><td colspan=""1"" rowspan=""1""><p>FLORIDA ULTRA EMPREENDIMENTOS E PARTICIPACOES S.A.</p></td><td colspan=""1"" rowspan=""1""><p>55.649.285/0001-88</p></td><td colspan=""1"" rowspan=""1""><p>42828</p></td><td colspan=""1"" rowspan=""1""><p>R$ 1.071,78</p></td><td colspan=""1"" rowspan=""1""><p>07/08/2026</p></td></tr><tr><td colspan=""1"" rowspan=""1""><p>HELIFLY RIO SERVICO AEREO ESPECIALIZADO LTDA</p></td><td colspan=""1"" rowspan=""1""><p>54.590.661/0001-43</p></td><td colspan=""1"" rowspan=""1""><p>43140</p></td><td colspan=""1"" rowspan=""1""><p>R$ 276,97</p></td><td colspan=""1"" rowspan=""1""><p>14/08/2026</p></td></tr><tr><td colspan=""1"" rowspan=""1""><p>HELIFLY RIO SERVICO AEREO ESPECIALIZADO LTDA</p></td><td colspan=""1"" rowspan=""1""><p>54.590.661/0001-43</p></td><td colspan=""1"" rowspan=""1""><p>43158</p></td><td colspan=""1"" rowspan=""1""><p>R$ 255,81</p></td><td colspan=""1"" rowspan=""1""><p>14/08/2026</p></td></tr><tr><td colspan=""1"" rowspan=""1""><p>HELIFLY RIO SERVICO AEREO ESPECIALIZADO LTDA</p></td><td colspan=""1"" rowspan=""1""><p>54.590.661/0001-43</p></td><td colspan=""1"" rowspan=""1""><p>43166</p></td><td colspan=""1"" rowspan=""1""><p>R$ 1.047,45</p></td><td colspan=""1"" rowspan=""1""><p>14/08/2026</p></td></tr><tr><td colspan=""1"" rowspan=""1""><p>HERINGER TAXI AEREO LTDA</p></td><td colspan=""1"" rowspan=""1""><p>06.933.485/0001-52</p></td><td colspan=""1"" rowspan=""1""><p>43174</p></td><td colspan=""1"" rowspan=""1""><p>R$ 5.043,60</p></td><td colspan=""1"" rowspan=""1""><p>14/08/2026</p></td></tr><tr><td colspan=""1"" rowspan=""1""><p>HERINGER TAXI AEREO LTDA</p></td><td colspan=""1"" rowspan=""1""><p>06.933.485/0001-52</p></td><td colspan=""1"" rowspan=""1""><p>43182</p></td><td colspan=""1"" rowspan=""1""><p>R$ 4.108,50</p></td><td colspan=""1"" rowspan=""1""><p>14/08/2026</p></td></tr><tr><td colspan=""1"" rowspan=""1""><p>HERINGER TAXI AEREO LTDA</p></td><td colspan=""1"" rowspan=""1""><p>06.933.485/0001-52</p></td><td colspan=""1"" rowspan=""1""><p>43196</p></td><td colspan=""1"" rowspan=""1""><p>R$ 2.265,85</p></td><td colspan=""1"" rowspan=""1""><p>14/08/2026</p></td></tr><tr><td colspan=""1"" rowspan=""1""><p>LACA ENGENHARIA LTDA</p></td><td colspan=""1"" rowspan=""1""><p>63.873.012/0001-40</p></td><td colspan=""1"" rowspan=""1""><p>42836</p></td><td colspan=""1"" rowspan=""1""><p>R$ 863,52</p></td><td colspan=""1"" rowspan=""1""><p>07/08/2026</p></td></tr><tr><td colspan=""1"" rowspan=""1""><p>VICTOR MATHEUS SANTOS BATISTA</p></td><td colspan=""1"" rowspan=""1""><p>XXX.XXX.605-54</p></td><td colspan=""1"" rowspan=""1""><p>43204</p></td><td colspan=""1"" rowspan=""1""><p>R$ 219,28</p></td><td colspan=""1"" rowspan=""1""><p>14/08/2026</p></td></tr><tr><td colspan=""1"" rowspan=""1""><p>VICTOR MATHEUS SANTOS BATISTA</p></td><td colspan=""1"" rowspan=""1""><p>XXX.XXX.605-54</p></td><td colspan=""1"" rowspan=""1""><p>43212</p></td><td colspan=""1"" rowspan=""1""><p>R$ 3.460,84</p></td><td colspan=""1"" rowspan=""1""><p>14/08/2026</p></td></tr><tr><td colspan=""1"" rowspan=""1""><p>VICTOR MATHEUS SANTOS BATISTA</p></td><td colspan=""1"" rowspan=""1""><p>XXX.XXX.605-54</p></td><td colspan=""1"" rowspan=""1""><p>43221</p></td><td colspan=""1"" rowspan=""1""><p>R$ 2.756,52</p></td><td colspan=""1"" rowspan=""1""><p>14/08/2026</p></td></tr><tr><td colspan=""1"" rowspan=""1""><p>VICTOR MATHEUS SANTOS BATISTA</p></td><td colspan=""1"" rowspan=""1""><p>XXX.XXX.605-54</p></td><td colspan=""1"" rowspan=""1""><p>43239</p></td><td colspan=""1"" rowspan=""1""><p>R$ 985,64</p></td><td colspan=""1"" rowspan=""1""><p>14/08/2026</p></td></tr><tr><td colspan=""1"" rowspan=""1""><p>VICTOR MATHEUS SANTOS BATISTA</p></td><td colspan=""1"" rowspan=""1""><p>XXX.XXX.605-54</p></td><td colspan=""1"" rowspan=""1""><p>43247</p></td><td colspan=""1"" rowspan=""1""><p>R$ 2.067,39</p></td><td colspan=""1"" rowspan=""1""><p>14/08/2026</p></td></tr><tr><td colspan=""1"" rowspan=""1""><p>VINICIUS SILVA GUIMARAES</p></td><td colspan=""1"" rowspan=""1""><p>XXX.XXX.372-69</p></td><td colspan=""1"" rowspan=""1""><p>43069</p></td><td colspan=""1"" rowspan=""1""><p>R$ 438,27</p></td><td colspan=""1"" rowspan=""1""><p>14/08/2026</p></td></tr><tr><td colspan=""1"" rowspan=""1""><p>VINICIUS SILVA GUIMARAES</p></td><td colspan=""1"" rowspan=""1""><p>XXX.XXX.372-69</p></td><td colspan=""1"" rowspan=""1""><p>43077</p></td><td colspan=""1"" rowspan=""1""><p>R$ 1.493,88</p></td><td colspan=""1"" rowspan=""1""><p>14/08/2026</p></td></tr><tr><td colspan=""1"" rowspan=""1""><p>VINICIUS SILVA GUIMARAES</p></td><td colspan=""1"" rowspan=""1""><p>XXX.XXX.372-69</p></td><td colspan=""1"" rowspan=""1""><p>43085</p></td><td colspan=""1"" rowspan=""1""><p>R$ 1.270,43</p></td><td colspan=""1"" rowspan=""1""><p>14/08/2026</p></td></tr><tr><td colspan=""1"" rowspan=""1""><p>VINICIUS SILVA GUIMARAES</p></td><td colspan=""1"" rowspan=""1""><p>XXX.XXX.372-69</p></td><td colspan=""1"" rowspan=""1""><p>43099</p></td><td colspan=""1"" rowspan=""1""><p>R$ 1.098,86</p></td><td colspan=""1"" rowspan=""1""><p>14/08/2026</p></td></tr></table><p>Ten Brig Ar SÉRGIO RODRIGUES PEREIRA BASTOS JÚNIOR</p><p class=""cargo"">Diretor-Geral</p>",29/07/2026
,Comando da Aeronáutica,DOU - Seção 3,http://pesquisa.in.gov.br/imprensa/jsp/visualiza/index.jsp?data=29/07/2026&jornal=530&pagina=20,EDITAL DE NOTIFICAÇÃO,"<p>1. Tendo em vista o interessado encontrar-se em local incerto e não sabido, a União, por intermédio do Grupamento de Apoio de São Paulo (GAP-SP), neste ato representada pelo Chefe do Grupamento de Apoio de São Paulo, vem NOTIFICAR a Empresa E3F ENGENHARIA E COMERCIO LTDA, CNPJ: 53.385.909/0001-71, acerca dos fatos que ensejaram a abertura do PROCESSO ADMINISTRATIVO DE APURAÇÃO DE IRREGULARIDADE (PAAI) n° 021/GAP-SP/2026, NUP 67617.016506/2026-19, referente ao Pregão Eletrônico n° 90090/2024 (Processo Administrativo n° 67617.006798/2024-10):</p><p>- Fato: A Empresa deixou de entregar os objetos constantes na Notas de Empenho n° 2025NE003339.</p><p>- Referência do Edital/Contrato/Termo de Referência (TR): Item 5.1. do TR, anexo ao Edital.</p><p>- Referência Legal: Art. 155, III e V, da Lei n° 14.133/2021. Art. 156, II e III, da Lei n° 14.133/2021.</p><p>2. Assim, fica a empresa notificada para apresentar justificativa pelo responsável ou procurador/representante legal, por escrito e assinada, no prazo máximo de 15 (quinze) dias úteis, a contar da data do recebimento desta notificação, dirigida ao Ordenador de Despesas (titular ou delegado) da UG, no endereço, Av. Olavo Fontoura, n° 1300, São Paulo/SP, telefone (11) 2224-9936, exclusivamente no e-mail arc.gapsp@fab.mil.br, mesmo local onde se encontram disponíveis os autos para consulta, tendo em vista a possível aplicação de sanções administrativas, conforme acima elencadas.</p><p class=""assina"">WAGNER DE ALMEIDA VITORIA Cel Intendente</p><p class=""cargo"">Chefe do Grupamento de Apoio de São Paulo</p><p class=""assina"">RAFAEL AUGUSTO CASTELO BRANCO MATEUS Major Intendente</p>",29/07/2026
,Comando da Aeronáutica,DOU - Seção 3,http://pesquisa.in.gov.br/imprensa/jsp/visualiza/index.jsp?data=29/07/2026&jornal=530&pagina=20,EXTRATO DE APOSTILAMENTO Nº 1/2026 - UASG 120625,"<p>Número do Contrato: 068/GAP-DF/2024. Nº Processo: 67289.008252/2023-73. Contratante: GRUPAMENTO DE APOIO DO DISTRITO FEDERAL. Contratado: 04.496.605/0001-76 - CBC - CONSTRUTORA BRASIL CENTRAL LTDA. Objeto: Reajuste do valor do Contrato de Despesa nº 068/GAP-DF/2024, nos termos estabelecidos em sua Cláusula Sétima, com fundamento no inciso I do art. 136 da Lei nº 14.133, de 1º de abril de 2021. Valor Total do Termo de Apostilamento: R$ 536.468,23. Data de Assinatura: 20/07/2026.</p><p>(COMPRASNET 4.0 - 20/07/2026).</p>",29/07/2026
,Comando da Aeronáutica,DOU - Seção 3,http://pesquisa.in.gov.br/imprensa/jsp/visualiza/index.jsp?data=29/07/2026&jornal=530&pagina=13,EXTRATO DE CONTRATO Nº 19/2026 - UASG 120064,"<p>Nº Processo: 67540.016197/2023-67. Pregão Nº 90005/2024. Contratante: ESCOLA DE ESPECIALISTAS DE AERONAUTICA. Contratado: 31.562.060/0001-21 - KAYO DE SOUZA SILVA. Objeto: Contratação de empresa para execução de serviços comuns de engenharia para pintura externa dos blocos residenciais da vila dos suboficiais e sargentos. Fundamento Legal: LEI 14.133/2021. Vigência: 13/05/2026 a 12/09/2027. Valor Total: R$ 272.251,41. Data de Assinatura: 13/05/2026.</p><p>(COMPRASNET 4.0 - 24/07/2026).</p>",29/07/2026
,Comando da Aeronáutica,DOU - Seção 3,http://pesquisa.in.gov.br/imprensa/jsp/visualiza/index.jsp?data=29/07/2026&jornal=530&pagina=20,EXTRATO DE CONTRATO Nº 25/GAPDF-COMPREP/2026 - UASG 120625,"<p>Nº Processo: 67200.003295/2026-38. Pregão Nº 90040/2025. Contratante: GRUPAMENTO DE APOIO DO DISTRITO FEDERAL. Contratado: 37.106.242/0001-74 - CASA PONTE MATERIAIS PARA CONSTRUCAO LTDA. Objeto: Prestação de serviços de manutenção predial sem dedicação exclusiva de mão de obra, com fornecimento de materiais de primeira linha, conforme especificações e requisitos do Manual de Obras Públicas e normas da ABNT associadas a cada serviço, nas condições estabelecidas no Termo de Referência. Fundamento Legal: LEI 14.133/2021 - Artigo: 28 - Inciso: I. Vigência: 27/07/2026 a 27/07/2028. Valor Total do Contrato: R$ 205.576,46. Data de Assinatura: 27/07/2026.</p><p>(COMPRASNET 4.0 - 28/07/2026).</p>",29/07/2026
,Comando da Aeronáutica,DOU - Seção 3,http://pesquisa.in.gov.br/imprensa/jsp/visualiza/index.jsp?data=29/07/2026&jornal=530&pagina=12,EXTRATO DE CONTRATO Nº 33/2026 - UASG 120624,"<p>Nº Processo: 67281.007347/2026-92.</p><p>Inexigibilidade Nº 256/2026. Contratante: BASE AÉREA DE ANÁPOLIS. Contratado: 51.021.750/0001-80 - ESPACO NUTI - NUCLEO DE TERAPIAS INTEGRADAS. Objeto: Credenciamento de Organizações Civis de Saúde (OCS) e de profissionais de saúde autônomos (PSA) interessados na prestação de serviços complementares, ou não, de assistência médico-hospitalar, ambulatorial, atendimento de emergência/urgência em regime de 24 (vinte e quatro) horas diárias, fisioterapia, fonoaudióloga, nutrição, psicologia, serviços auxiliares de diagnóstico e terapia (SADT), serviços laboratoriais, terapia ocupacional, odontologia (buço maxilo facial) aos beneficiários do fundo de saúde da aeronáutica (SISAU) e, eventualmente, aos beneficiários do sistema de saúde de outras Forças Armadas. Fundamento Legal: LEI 14.133/2021 - Artigo: 74 - Inciso: IV. Vigência: 27/07/2026 a 27/07/2027. Valor Total: R$ 350.000,00. Data de Assinatura: 27/07/2026.</p><p>(COMPRASNET 4.0 - 28/07/2026).</p>",29/07/2026
,Comando da Aeronáutica,DOU - Seção 3,http://pesquisa.in.gov.br/imprensa/jsp/visualiza/index.jsp?data=29/07/2026&jornal=530&pagina=12,EXTRATO DE CONTRATO Nº 4/2026 - UASG 120023,"<p>Nº Processo: 67224.003913/2025-91.</p><p>Dispensa Nº 62/2026. Contratante: BASE AEREA DE SALVADOR.</p><p>Contratado: 48.678.631/0001-90 - METRONICA VENDAS E SERVICOS EM METROLOGIA, AUTOMACAO E SISTEMAS DE PESAGEM LTDA. Objeto: Contratação de serviços de calibração de equipamentos de apoio ao serviço de subsistência da seção de subsistência da base aérea de salvador - BASV e Centro Militar de Convenções e Hospedagem da Aeronáutica CEMCOHA, nas condições estabelecidas no Termo de Referência..</p><p>Fundamento Legal: LEI 14.133/2021 - Artigo: 75 - Inciso: II. Vigência: 09/07/2026 a 09/07/2027. Valor Total: R$ 4.152,00. Data de Assinatura: 09/07/2026.</p><p>(COMPRASNET 4.0 - 28/07/2026).</p>",29/07/2026
,Comando da Aeronáutica,DOU - Seção 3,http://pesquisa.in.gov.br/imprensa/jsp/visualiza/index.jsp?data=29/07/2026&jornal=530&pagina=21,EXTRATO DE CONTRATO Nº 54/2025 - UASG 120630,"<p>Nº Processo: 67615.035103/2024-19.</p><p>Pregão Nº 90021/2025. Contratante: GRUPAMENTO DE APOIO DE MANAUS.</p><p>Contratado: 43.552.121/0001-59 - BIONEX SOLUCOES AMBIENTAIS LTDA. Objeto: Contratação de empresa especializada para a execução de serviços de controle e manejo de pragas urbanas, abrangendo desinsetização, desratização, descupinização, e o controle de abelhas, vespas, marimbondos, urubus, pombos e morcegos. Inclui ainda a limpeza e desinfecção bacteriológica de caixas d'água e cisternas, além da limpeza de redes de esgoto, caixas de gordura e fossas sépticas, com o fornecimento de todos os equipamentos, materiais e insumos necessários para a plena execução dos serviços em benefício do cindacta iv e dos dtcea localizados nos estados do amazonas, pará, roraima, acre, rondônia e amapá. Fundamento Legal: LEI 14.133/2021. Vigência: 12/07/2026 a 12/07/2028. Valor Total (bianual): R$ 2.282.898,08. Data de Assinatura: 12/07/2026.</p><p>(COMPRASNET 4.0 - 12/07/2026).</p>",29/07/2026
,Comando da Aeronáutica,DOU - Seção 3,http://pesquisa.in.gov.br/imprensa/jsp/visualiza/index.jsp?data=29/07/2026&jornal=530&pagina=21,EXTRATO DE CREDENCIAMENTO Nº 20005/2026 - UASG 120630,"<p>Nº Processo: 67298.001022/2026-17.</p><p>Inexigibilidade Nº 232/2026. Contratante: GRUPAMENTO DE APOIO DE MANAUS.</p><p>Contratado: 18.054.044/0001-60 - FELIPE LOPES FRANCO LTDA. Objeto: Contratação de serviços de transporte de bagagem e auto, desacompanhada de militar, regionalizado, no sistema de porta a porta, em regime de empreitada por preço unitário, realizado por empresa especializada.</p><p>Fundamento Legal: LEI 14.133/2021 - Artigo: 74 - Inciso: IV. Vigência: 27/07/2026 a 27/07/2029. Valor Total: R$ 3.609.787,50. Data de Assinatura: 27/07/2026.</p><p>(COMPRASNET 4.0 - 27/07/2026).</p>",29/07/2026
,Comando da Aeronáutica,DOU - Seção 3,http://pesquisa.in.gov.br/imprensa/jsp/visualiza/index.jsp?data=29/07/2026&jornal=530&pagina=21,EXTRATO DE CREDENCIAMENTO Nº 20017/2026 - UASG 120630,"<p>Nº Processo: 67436.006404/2025-24.</p><p>Inexigibilidade Nº 240/2026. Contratante: GRUPAMENTO DE APOIO DE MANAUS.</p><p>Contratado: 11.186.436/0010-24 - ONCOLOGICA DO BRASIL LTDA. Objeto: Serviços médicos ambulatoriais voltados para a oncologia.</p><p>Fundamento Legal: LEI 14.133/2021 - Artigo: 74 - Inciso: IV. Vigência: 14/07/2026 a 14/07/2036. Valor Total: R$ 700.000,00. Data de Assinatura: 14/07/2026.</p><p>(COMPRASNET 4.0 - 14/07/2026).</p>",29/07/2026
,Comando da Aeronáutica,DOU - Seção 3,http://pesquisa.in.gov.br/imprensa/jsp/visualiza/index.jsp?data=29/07/2026&jornal=530&pagina=21,EXTRATO DE INEXIGIBILIDADE DE LICITAÇÃO Nº 12/2026 - UASG 120629,"<p>Nº Processo: 67278.002624/2026-20. Objeto: Credenciamento, no Estado do Rio Grande do Sul, de Pessoa Jurídica interessada na prestação de serviços de Hospital Geral, conforme proposta constante no PAG, aos beneficiários do Sistema de Saúde da Aeronáutica (SISAU). Justificativa: Art. 5º, caput da Lei 14.133/2021. Declaração de Inexigibilidade de Licitação em 13/07/2026. MARJORIE TÁBATA RAMPAZO TAGATA - Ordenadora de Despesas do HACO. Valor Contratado (Anual): R$ 6.500.000,00 (seis milhões e quinhentos mil reais). Contratada: ASSOCIAÇÃO DOS FUNCIONÁRIOS PÚBLICOS DO ESTADO DO RIO GRANDE DO SUL - HOSPITAL ERNESTO DORNELLES.</p>",29/07/2026
,Comando da Aeronáutica,DOU - Seção 3,http://pesquisa.in.gov.br/imprensa/jsp/visualiza/index.jsp?data=29/07/2026&jornal=530&pagina=21,EXTRATO DE REGISTRO DE PRECOS,"<p>Registrador: Grupamento de Apoio do Galeão. Objeto: Registro de preços para Aquisição de gêneros alimentícios - Bebidas; Processo: 67107009372202541, referente ao Pregão 90013/GAP-GL/2026. Ata de Registro de Preços (ARP) 056/GAP-GL/2026, contratada: 62.275.018 ROBSON WENCESLAO FIGUEIRA VARGAS, CNPJ: 62.275.018/0001-53, no valor de R$ 37.380,00, Ata de Registro de Preços (ARP) 057/GAP-GL/2026, contratada: ALIANCA SALES 10 COMERCIO E SERVICOS LTDA, CNPJ: 65.444.793/0001-83, no valor de R$ 61.035,00, Ata de Registro de Preços (ARP) 058/GAP-GL/2026, contratada: C C S VALENTE COMERCIO DE GENEROS ALIMENTICIOS, CNPJ: 09.031.962/0001-82, no valor de R$ 168.030,00, Ata de Registro de Preços (ARP) 059/GAP-GL/2026, contratada: CG COMERCIO ATACADISTA DE ALIMENTOS EM GERAL LTDA, CNPJ: 36.245.543/0001-16, no valor de R$ 195.078,00, Ata de Registro de Preços (ARP) 060/GAP-GL/2026, contratada: CITROS FRUTTI COMERCIO VAREJISTA DE ALIMENTOS LTDA , CNPJ: 57.237.378/0001-20, no valor de R$ 1.789.650,00, Ata de Registro de Preços (ARP) 061/GAP-GL/2026, contratada: ECCAGIO COMERCIO DE ALIMENTOS LTDA, CNPJ: 10.511.650/0001-55, no valor de R$ 72.450,00, Ata de Registro de Preços (ARP) 062/GAP-GL/2026, contratada: F. FIRMINO COMERCIAL E SERVICOS LTDA, CNPJ: 04.718.601/0001-95, no valor de R$ 61.920,00, Ata de Registro de Preços (ARP) 063/GAP-GL/2026, contratada: ICE 10 COMERCIO DE BEBIDAS LTDA, CNPJ: 43.573.756/0001-32, no valor de R$ 163.164,00, Ata de Registro de Preços (ARP) 064/GAP-GL/2026, contratada: LENISA DISTRIBUIDORA LTDA, CNPJ: 31.900.031/0001-22, no valor de R$ 46.000,00, Ata de Registro de Preços (ARP) 065/GAP-GL/2026, contratada: LETI RIO DISTRIBUIDORA E COMERCIO LTDA, CNPJ: 49.996.984/0001-00, no valor de R$ 153.383,50, Ata de Registro de Preços (ARP) 066/GAP-GL/2026, contratada: MELHORATO COMERCIO DE PRODUTOS ALIMENTICIO LTDA, CNPJ: 64.535.659/0001-25, no valor de R$ 58.487,50, Ata de Registro de Preços (ARP) 067/GAP-GL/2026, contratada: MULTIPLIQUE COMERCIO DE ALIMENTOS LTDA, CNPJ: 37.190.700/0001-04, no valor de R$ 289.012,50, Ata de Registro de Preços (ARP) 068/GAP-GL/2026, contratada: NOVA FASE 2024 COMERCIO E SERVICOS LTDA, CNPJ: 56.604.357/0001-33, no valor de R$ 38.511,00, Ata de Registro de Preços (ARP) 069/GAP-GL/2026, contratada: NOVA KHRONUS COMERCIO DE ALIMENTOS LTDA, CNPJ: 56.604.357/0001-33, no valor de R$ 38.511,00, Ata de Registro de Preços (ARP) 070/GAP-GL/2026, contratada: NUTRICELLI COMERCIO DE ALIMENTOS LTDA, CNPJ: 12.433.700/0001-59, no valor de R$ 98.360,00,Ata de Registro de Preços (ARP) 071/GAP-GL/2026, contratada: ORION DISTRIBUIDORA E COMERCIO LTDA, CNPJ: 31.738.141/0001-30, no valor de R$ 261.708,00, Ata de Registro de Preços (ARP) 072/GAP-GL/2026, contratada: PAPUCAIA AGUA MINERAL LTDA, CNPJ: 08.703.810/0001-16, no valor de R$ 58.404,00, Ata de Registro de Preços (ARP) 073/GAP-GL/2026, contratada: PRIME RIO DISTRIBUIDORA DE PRODUTOS ALIMENTICIOS LTDA, CNPJ: 60.049.569/0001-73, no valor de R$ 29.350,00, Ata de Registro de Preços (ARP) 074/GAP-GL/2026, contratada: PROSADI COMERCIAL LTDA, CNPJ: 05.007.267/0001-24, no valor de R$ 35.238,00, Ata de Registro de Preços (ARP) 075/GAP-GL/2026, contratada: SERRA AZUL DISTRIBUIDORA DE BEBIDAS LTDA, CNPJ: 46.566.255/0001-17, no valor de R$ 51.786,00, Ata de Registro de Preços (ARP) 076/GAP-GL/2026, contratada: SOLAMARIS DO RIO FORNECEDORA DE FRUTAS E LEGUMES LTDA, CNPJ: 40.326.381/0001-18, no valor de R$ 228.981,60. Data da assinatura: 25 de junho de 2026. Vigência: 25 de junho de 2026 a 25 de junho de 2027.</p>",29/07/2026
,Comando da Aeronáutica,DOU - Seção 3,http://pesquisa.in.gov.br/imprensa/jsp/visualiza/index.jsp?data=29/07/2026&jornal=530&pagina=13,EXTRATO DE TERMO ADITIVO Nº 1/2026 - UASG 120016,"<p>Número do Contrato: 17/2025. Nº Processo: 67720.015317/2025-52. Dispensa. Nº 90042/2025. Contratante: GRUPAMENTO DE APOIO DE S J CAMPOS. Contratado: 50.195.664/0001-21 - MANUTESP COMÉRCIO E SERVIÇOS LTDA. Objeto: prorrogação do prazo de vigência do contrato por mais 12 (doze) meses, a partir de 08/08/2026 até 07/08/2027, podendo ser prorrogado sucessivamente, respeitada a vigência máxima decenal, na forma do artigo 107 da lei nº 14.133, de 2021.. Vigência: 08/08/2026 a 07/08/2027. Valor Total Atualizado do Contrato: R$ 9.218,52. Data de Assinatura: 07/07/2026.</p><p>(COMPRASNET 4.0 - 07/07/2026).</p>",29/07/2026
,Comando da Aeronáutica,DOU - Seção 3,http://pesquisa.in.gov.br/imprensa/jsp/visualiza/index.jsp?data=29/07/2026&jornal=530&pagina=12,EXTRATO DE TERMO ADITIVO Nº 1/2026 - UASG 120071,"<p>Número do Contrato: 054/CELOG-DIRMAB/2023</p><p>Nº Processo: 67101.001378/2023-68. Contratante: DIRETORIA DE MATERIAL AERONÁUTICO E BÉLICO. Contratado: COMPANHIA BRASILEIRA DE CARTUCHOS. Objeto: INCLUIR as atividades necessárias para englobar as munições da aeronave F-39 no processo de revalidação de munições. Vigência: O presente AECTO entrará em vigor a partir da data de sua publicação, pelo COMAER, no Diário Oficial da União, e terá seu prazo de vigência limitado ao período previamente acordado de 5 (cinco) anos, podendo ser renovado de comum acordo pelos COOPERANDOS. Data de Assinatura: 21/07/2026.</p>",29/07/2026
,Comando da Aeronáutica,DOU - Seção 3,http://pesquisa.in.gov.br/imprensa/jsp/visualiza/index.jsp?data=29/07/2026&jornal=530&pagina=20,EXTRATO DE TERMO ADITIVO Nº 2/2026 - UASG 120006,"<p>Número do Contrato: 12/2024.</p><p>Nº Processo: 67284.000477/2024-11.</p><p>Pregão. Nº 90014/2024. Contratante: A União Federal - Comando da Aeronáutica, por meio do GRUPAMENTO DE APOIO DE BRASILIA. Contratado: 00.616.789/0001-00 - REIMAQ ASSISTENCIA TECNICA DE DUPLICADORES LTDA. Objeto: Prorrogar o prazo da vigência do Contrato de Despesa nº 012/GAP-BR/2024, por 12 (doze) meses, contemplando-se, nesta ocasião, o período de 8 de agosto de 2026 a 7 de agosto de 2027, nos termos dos artigos 106 e 107 da lei n° 14.133, de 2021. Vigência: 08/08/2026 a 07/08/2027. Valor Total Atualizado do Contrato: R$ 781.722,00. Data de Assinatura: 24/07/2026.</p><p>(COMPRASNET 4.0 - 24/07/2026).</p>",29/07/2026
,Comando da Aeronáutica,DOU - Seção 3,http://pesquisa.in.gov.br/imprensa/jsp/visualiza/index.jsp?data=29/07/2026&jornal=530&pagina=12,EXTRATO DE TERMO ADITIVO Nº 2/2026 - UASG 120637,"<p>Número do Contrato: 18/2024. Nº Processo: 67291.001935/2024-31.</p><p>Pregão. Nº 90071/2024. Contratante: BASE AEREA DE BOA VISTA. Contratado: 18.803.244/0002-59 - J V COLETAS DE RESIDUOS LTDA. Objeto: Serviço de coleta e tratamento de resíduo hospitalar para o grupo de saúde de boa vista (gsau-bv),. Vigência: 11/08/2026 a 11/08/2027. Valor Total Atualizado do Contrato: R$ 51.200,00. Data de Assinatura: 06/07/2026.</p><p>(COMPRASNET 4.0 - 06/07/2026).</p>",29/07/2026
,Comando da Aeronáutica,DOU - Seção 3,http://pesquisa.in.gov.br/imprensa/jsp/visualiza/index.jsp?data=29/07/2026&jornal=530&pagina=20,EXTRATO DE TERMO ADITIVO Nº 3/2026 - UASG 120625,"<p>Número do Contrato: 021/GAPDFCINDACTA I/2023. Nº Processo: 67612.023780/2022-52. Pregão. Nº 88/2022. Contratante: GRUPAMENTO DE APOIO DO DISTRITO FEDERAL. Contratado: 11.818.593/0001-14 - EXACT CLEAN SERVICOS LTDA. Objeto: Prorrogar o prazo da vigência do Contrato nº 021/GAPDFCINDACTA I/2023, por 6 (seis) meses, contemplando-se, nesta ocasião, o período de 02/08/2026 a 01/02/2027, nos termos do art. 57, II da Lei n.º 8.666, de 1993. Vigência: 02/08/2026 a 01/08/2027. Valor Total do Termo Aditivo: R$ 1.059.150,00. Data de Assinatura: 27/07/2026.</p><p>(COMPRASNET 4.0 - 27/07/2026).</p>",29/07/2026
,Comando da Aeronáutica,DOU - Seção 3,http://pesquisa.in.gov.br/imprensa/jsp/visualiza/index.jsp?data=29/07/2026&jornal=530&pagina=21,EXTRATO DE TERMO ADITIVO Nº 4/2022 - UASG 120630,"<p>Número do Contrato: 30002/2022.</p><p>Nº Processo: 67292.004079/2022-02.</p><p>Pregão. Nº 42/2022. Contratante: GRUPAMENTO DE APOIO DE MANAUS. Contratado: 03.552.884/0001-85 - COMSERVICO LTDA. Objeto: Prorrogar o prazo de vigência por mais 12 (doze) meses, contemplando-se, nesta ocasião, o período de 16/07/2026 à 15/07/2027, nos termos do art. 57, (ii), da lei no 8.666, de 1993. E reajustar o valor anual de acordo com o IGP-M acumulado de 12 (doze) meses, expresso por 2,961130% sobre o valor de R$ 190.316,80 (cento e noventa mil, trezentos e dezesseis reais e oitenta centavos) firmado no 3° termo aditivo, perfazendo um total de R$ 195.952,32 (cento e noventa e cinco mil, novecentos e cinquenta e dois reais e trinta e três centavos). Vigência: 16/07/2026 a 15/07/2027. Valor Total Atualizado do Contrato: R$ 195.952,32. Data de Assinatura: 10/07/2026.</p><p>(COMPRASNET 4.0 - 27/07/2026).</p>",29/07/2026
,Comando da Aeronáutica,DOU - Seção 3,http://pesquisa.in.gov.br/imprensa/jsp/visualiza/index.jsp?data=29/07/2026&jornal=530&pagina=13,EXTRATO DE TERMO ADITIVO Nº 4/2026 - UASG 120016,"<p>Número do Contrato: 82/2022.</p><p>Nº Processo: 67720.007111/2022-14.</p><p>Pregão. Nº 145/2022. Contratante: GRUPAMENTO DE APOIO DE S J CAMPOS. Contratado: 07.432.517/0001-07 - SIMPRESS COMERCIO LOCACAO E SERVICOS LTDA. Objeto: Acrescentar 12,5% (doze vírgula cinco por cento) do valor inicial atualizado do contrato de despesa nº 082/GAP-SJ-GSAU-SJ/2022, referente à franquia e ao excedente das cópias do equipamento tipo 1 (monocromáticas A4), equivalente ao valor de R$ 3.070,28 (três mil e setenta reais e vinte e oito centavos), e suprimir 25% (vinte por cento) do valor inicial atualizado do contrato de despesa nº 082/GAP-SJ-GSAU-SJ/2022, referente à franquia e ao excedente das cópias do equipamento tipo 2 (policromáticas A4), equivalente ao valor de R$ 12.728,04 (doze mil e setecentos e vinte e oito reais e quatro centavos), nos termos do art. 65, §1º, da lei n.º 8.666, de 1993.. Vigência: 23/07/2026 a 15/01/2027. Valor Total Atualizado do Contrato: R$ 65.816,60. Data de Assinatura: 23/07/2026.</p><p>(COMPRASNET 4.0 - 23/07/2026).</p>",29/07/2026
,Comando da Aeronáutica,DOU - Seção 3,http://pesquisa.in.gov.br/imprensa/jsp/visualiza/index.jsp?data=29/07/2026&jornal=530&pagina=21,EXTRATO DE TERMO ADITIVO Nº 4/2026 - UASG 120645,"<p>Número do Contrato: 15/2022.</p><p>Nº Processo: 67107.004985/2021-68.</p><p>Pregão. Nº 12/2022. Contratante: GRUPAMENTO DE APOIO DO GALEAO. Contratado: 23.907.388/0001-04 - LIMPLACE COMERCIO E SERVICOS LTDA. Objeto: Prorrogar o prazo de vigência do contrato n° 015/gapgl-cbnb/2022, por um período de 12 (doze) meses, contemplando-se, nesta ocasião, o período de 21/06/2026 a 20/06/2027.. Vigência: 21/06/2026 a 20/06/2027. Valor Total Atualizado do Contrato: R$ 54.772,56. Data de Assinatura: 20/06/2026.</p><p>(COMPRASNET 4.0 - 20/06/2026).</p>",29/07/2026
,Comando da Aeronáutica,DOU - Seção 3,http://pesquisa.in.gov.br/imprensa/jsp/visualiza/index.jsp?data=29/07/2026&jornal=530&pagina=20,EXTRATO DE TERMO ADITIVO Nº 5/2026 - UASG 120625,"<p>Número do Contrato: 026/GAPDF/2022. Nº Processo: 67289.006654/2021-71. Pregão. Nº 16/2022. Contratante: GRUPAMENTO DE APOIO DO DISTRITO FEDERAL. Contratado: 01.551.920/0001-60 - COPY LINE COMERCIO E SERVICOS LTDA. Objeto: Prorrogação excepcional do prazo de vigência do Contrato nº 026/GAPDF/2022, por mais 6 (seis) meses, contemplando-se, nesta ocasião, o período de 28/07/2026 a 27/01/2027, nos termos do art. 57, § 4º, da Lei n.º 8.666, de 1993. Vigência: 28/07/2026 a 27/01/2027. Valor Total do Termo Aditivo: R$ 582.167,04. Data de Assinatura: 24/07/2026.</p><p>(COMPRASNET 4.0 - 24/07/2026).</p>",29/07/2026
,Comando da Aeronáutica,DOU - Seção 3,http://pesquisa.in.gov.br/imprensa/jsp/visualiza/index.jsp?data=29/07/2026&jornal=530&pagina=15,NOTIFICACAO_011 10 DIAS_002,"<p></p><p></p><table><tr><td colspan=""1"" rowspan=""1""><p>S/NUP</p></td><td colspan=""1"" rowspan=""1""><p>CASA COSTA MOVEIS LTDA</p></td><td colspan=""1"" rowspan=""1""><p>13.502.125/0001-61</p></td><td colspan=""1"" rowspan=""1""><p>R$ 1.397,32</p></td></tr><tr><td colspan=""1"" rowspan=""1""><p>S/NUP</p></td><td colspan=""1"" rowspan=""1""><p>CBA ADMINISTRADORA DE BENS LTDA</p></td><td colspan=""1"" rowspan=""1""><p>51.688.101/0001-38</p></td><td colspan=""1"" rowspan=""1""><p>R$ 2.344,87</p></td></tr><tr><td colspan=""1"" rowspan=""1""><p>S/NUP</p></td><td colspan=""1"" rowspan=""1""><p>CBJ COMERCIO E PARTICIPACOES LTDA</p></td><td colspan=""1"" rowspan=""1""><p>45.413.247/0001-78</p></td><td colspan=""1"" rowspan=""1""><p>R$ 10.292,85</p></td></tr><tr><td colspan=""1"" rowspan=""1""><p>S/NUP</p></td><td colspan=""1"" rowspan=""1""><p>CEARA TAXI AEREO LTDA</p></td><td colspan=""1"" rowspan=""1""><p>03.003.930/0001-97</p></td><td colspan=""1"" rowspan=""1""><p>R$ 42.558,58</p></td></tr><tr><td colspan=""1"" rowspan=""1""><p>S/NUP</p></td><td colspan=""1"" rowspan=""1""><p>CENTRO DE ENSINO SUPERIOR MORGANA POTRICH LTDA</p></td><td colspan=""1"" rowspan=""1""><p>07.218.565/0001-99</p></td><td colspan=""1"" rowspan=""1""><p>R$ 6.764,91</p></td></tr><tr><td colspan=""1"" rowspan=""1""><p>S/NUP</p></td><td colspan=""1"" rowspan=""1""><p>CENTRO EDUCACIONAL DE ENSINO SUPERIOR DE PATOS LTDA</p></td><td colspan=""1"" rowspan=""1""><p>19.768.173/0001-82</p></td><td colspan=""1"" rowspan=""1""><p>R$ 3.797,94</p></td></tr><tr><td colspan=""1"" rowspan=""1""><p>S/NUP</p></td><td colspan=""1"" rowspan=""1""><p>CERÂMICA PARANÁ</p></td><td colspan=""1"" rowspan=""1""><p>41.325.839/0001-87</p></td><td colspan=""1"" rowspan=""1""><p>R$ 2.612,59</p></td></tr><tr><td colspan=""1"" rowspan=""1""><p>S/NUP</p></td><td colspan=""1"" rowspan=""1""><p>CEREAIS BRAMIL LTDA</p></td><td colspan=""1"" rowspan=""1""><p>32.296.378/0001-70</p></td><td colspan=""1"" rowspan=""1""><p>R$ 2.092,38</p></td></tr><tr><td colspan=""1"" rowspan=""1""><p>S/NUP</p></td><td colspan=""1"" rowspan=""1""><p>CESAR DE PAULA CORDEIRO</p></td><td colspan=""1"" rowspan=""1""><p>XXX.XXX.442-34</p></td><td colspan=""1"" rowspan=""1""><p>R$ 17.745,10</p></td></tr><tr><td colspan=""1"" rowspan=""1""><p>S/NUP</p></td><td colspan=""1"" rowspan=""1""><p>CETSEG ADMINISTRACAO DE BENS PROPRIOS LTDA</p></td><td colspan=""1"" rowspan=""1""><p>30.677.383/0001-06</p></td><td colspan=""1"" rowspan=""1""><p>R$ 2.408,06</p></td></tr><tr><td colspan=""1"" rowspan=""1""><p>S/NUP</p></td><td colspan=""1"" rowspan=""1""><p>CFLY AVIATION EMPREENDIMENTOS CONSULTORIA E PARTICIPACOES SA</p></td><td colspan=""1"" rowspan=""1""><p>17.466.238/0001-00</p></td><td colspan=""1"" rowspan=""1""><p>R$ 6.307,82</p></td></tr><tr><td colspan=""1"" rowspan=""1""><p>S/NUP</p></td><td colspan=""1"" rowspan=""1""><p>CLAUDIO ANTÔNIO SQUINZANI CARGNELUTTI</p></td><td colspan=""1"" rowspan=""1""><p>XXX.XXX.340-20</p></td><td colspan=""1"" rowspan=""1""><p>R$ 1.315,05</p></td></tr><tr><td colspan=""1"" rowspan=""1""><p>S/NUP</p></td><td colspan=""1"" rowspan=""1""><p>CLAUDIOMAR ANTONIO DAL PUPO</p></td><td colspan=""1"" rowspan=""1""><p>XXX.XXX.000-04</p></td><td colspan=""1"" rowspan=""1""><p>R$ 1.115,00</p></td></tr><tr><td colspan=""1"" rowspan=""1""><p>S/NUP</p></td><td colspan=""1"" rowspan=""1""><p>CLAUDIR DA SILVA</p></td><td colspan=""1"" rowspan=""1""><p>XXX.XXX.610-97</p></td><td colspan=""1"" rowspan=""1""><p>R$ 797,58</p></td></tr><tr><td colspan=""1"" rowspan=""1""><p>S/NUP</p></td><td colspan=""1"" rowspan=""1""><p>CLAUZIO ARAGAO MARQUES</p></td><td colspan=""1"" rowspan=""1""><p>XXX.XXX.953-68</p></td><td colspan=""1"" rowspan=""1""><p>R$ 1.640,59</p></td></tr><tr><td colspan=""1"" rowspan=""1""><p>S/NUP</p></td><td colspan=""1"" rowspan=""1""><p>CLOVIS CEOLIN</p></td><td colspan=""1"" rowspan=""1""><p>XXX.XXX.530-87</p></td><td colspan=""1"" rowspan=""1""><p>R$ 2.179,05</p></td></tr><tr><td colspan=""1"" rowspan=""1""><p>S/NUP</p></td><td colspan=""1"" rowspan=""1""><p>CNA PARTICIPACOES LTDA</p></td><td colspan=""1"" rowspan=""1""><p>29.473.045/0001-65</p></td><td colspan=""1"" rowspan=""1""><p>R$ 2.133,82</p></td></tr><tr><td colspan=""1"" rowspan=""1""><p>S/NUP</p></td><td colspan=""1"" rowspan=""1""><p>COBRA - CENTRO ONCOLOGICO BRASILEIRO LTD</p></td><td colspan=""1"" rowspan=""1""><p>02.756.031/0001-00</p></td><td colspan=""1"" rowspan=""1""><p>R$ 2.068,95</p></td></tr><tr><td colspan=""1"" rowspan=""1""><p>S/NUP</p></td><td colspan=""1"" rowspan=""1""><p>COMERCIAL MAGNO VAREJISTA DE PRODUTOS ALIMENTICIOS LTDA</p></td><td colspan=""1"" rowspan=""1""><p>57.183.648/0001-68</p></td><td colspan=""1"" rowspan=""1""><p>R$ 2.178,34</p></td></tr><tr><td colspan=""1"" rowspan=""1""><p>S/NUP</p></td><td colspan=""1"" rowspan=""1""><p>COMGROUP AGROINDUSTRIAL LTDA</p></td><td colspan=""1"" rowspan=""1""><p>00.987.236/0002-44</p></td><td colspan=""1"" rowspan=""1""><p>R$ 2.165,34</p></td></tr><tr><td colspan=""1"" rowspan=""1""><p>S/NUP</p></td><td colspan=""1"" rowspan=""1""><p>COMPENSADOS NOVO MILENIO LTDA</p></td><td colspan=""1"" rowspan=""1""><p>02.825.924/0001-52</p></td><td colspan=""1"" rowspan=""1""><p>R$ 1.747,43</p></td></tr><tr><td colspan=""1"" rowspan=""1""><p>S/NUP</p></td><td colspan=""1"" rowspan=""1""><p>CONSTRUSERVICE-EMPREEND E CONST LTDA</p></td><td colspan=""1"" rowspan=""1""><p>08.643.644/0001-00</p></td><td colspan=""1"" rowspan=""1""><p>R$ 7.415,59</p></td></tr><tr><td colspan=""1"" rowspan=""1""><p>S/NUP</p></td><td colspan=""1"" rowspan=""1""><p>CONSTRUTORA CARDOSO LTDA</p></td><td colspan=""1"" rowspan=""1""><p>03.785.719/0001-73</p></td><td colspan=""1"" rowspan=""1""><p>R$ 5.393,34</p></td></tr><tr><td colspan=""1"" rowspan=""1""><p>S/NUP</p></td><td colspan=""1"" rowspan=""1""><p>CONTRANS TRANSPORTES E LOCAÇÕES LTDA</p></td><td colspan=""1"" rowspan=""1""><p>50.696.542/0001-19</p></td><td colspan=""1"" rowspan=""1""><p>R$ 1.972,20</p></td></tr><tr><td colspan=""1"" rowspan=""1""><p>S/NUP</p></td><td colspan=""1"" rowspan=""1""><p>COOP. DE C. E INV. COM INT. SOLIDARIA ATIVA - CRESOL ATIVA</p></td><td colspan=""1"" rowspan=""1""><p>07.946.451/0001-65</p></td><td colspan=""1"" rowspan=""1""><p>R$ 2.183,15</p></td></tr><tr><td colspan=""1"" rowspan=""1""><p>S/NUP</p></td><td colspan=""1"" rowspan=""1""><p>COPINI COMERCIO IMPORTACAO E EXPORTACAO LTDA</p></td><td colspan=""1"" rowspan=""1""><p>10.842.044/0001-12</p></td><td colspan=""1"" rowspan=""1""><p>R$ 2.588,94</p></td></tr><tr><td colspan=""1"" rowspan=""1""><p>S/NUP</p></td><td colspan=""1"" rowspan=""1""><p>CORONEL LOCACAO E SERVICOS ADMINISTRATIVOS LTDA</p></td><td colspan=""1"" rowspan=""1""><p>63.505.208/0001-82</p></td><td colspan=""1"" rowspan=""1""><p>R$ 1.628,13</p></td></tr><tr><td colspan=""1"" rowspan=""1""><p>S/NUP</p></td><td colspan=""1"" rowspan=""1""><p>CORPAL LOTEAMENTOS LTDA</p></td><td colspan=""1"" rowspan=""1""><p>23.238.456/0001-90</p></td><td colspan=""1"" rowspan=""1""><p>R$ 5.503,63</p></td></tr><tr><td colspan=""1"" rowspan=""1""><p>S/NUP</p></td><td colspan=""1"" rowspan=""1""><p>COSTA DO SOL TAXI AEREO S.A</p></td><td colspan=""1"" rowspan=""1""><p>11.223.764/0001-62</p></td><td colspan=""1"" rowspan=""1""><p>R$ 946.598,50</p></td></tr><tr><td colspan=""1"" rowspan=""1""><p>S/NUP</p></td><td colspan=""1"" rowspan=""1""><p>CRISTIANO TIRAPELLI CUMINI</p></td><td colspan=""1"" rowspan=""1""><p>XXX.XXX.381-40</p></td><td colspan=""1"" rowspan=""1""><p>R$ 2.807,64</p></td></tr><tr><td colspan=""1"" rowspan=""1""><p>S/NUP</p></td><td colspan=""1"" rowspan=""1""><p>CSM AGROPECUARIA LTDA</p></td><td colspan=""1"" rowspan=""1""><p>05.303.431/0001-40</p></td><td colspan=""1"" rowspan=""1""><p>R$ 1.190,85</p></td></tr><tr><td colspan=""1"" rowspan=""1""><p>S/NUP</p></td><td colspan=""1"" rowspan=""1""><p>CUNHA TÁXI AÉREO EIRELI</p></td><td colspan=""1"" rowspan=""1""><p>35.475.311/0001-91</p></td><td colspan=""1"" rowspan=""1""><p>R$ 1.972,20</p></td></tr><tr><td colspan=""1"" rowspan=""1""><p>S/NUP</p></td><td colspan=""1"" rowspan=""1""><p>DANIELA DE LIMA SILVA</p></td><td colspan=""1"" rowspan=""1""><p>XXX.XXX.162-87</p></td><td colspan=""1"" rowspan=""1""><p>R$ 2.868,34</p></td></tr><tr><td colspan=""1"" rowspan=""1""><p>S/NUP</p></td><td colspan=""1"" rowspan=""1""><p>DAVID DIOGO ZACATEI DO CARMO</p></td><td colspan=""1"" rowspan=""1""><p>XXX.XXX.518-78</p></td><td colspan=""1"" rowspan=""1""><p>R$ 6.850,48</p></td></tr><tr><td colspan=""1"" rowspan=""1""><p>S/NUP</p></td><td colspan=""1"" rowspan=""1""><p>DAVID R. G. ASSESSORIA EMPRESARIAL</p></td><td colspan=""1"" rowspan=""1""><p>23.055.311/0001-53</p></td><td colspan=""1"" rowspan=""1""><p>R$ 1.159,93</p></td></tr><tr><td colspan=""1"" rowspan=""1""><p>S/NUP</p></td><td colspan=""1"" rowspan=""1""><p>DEISI FACCIN DE SOUZA</p></td><td colspan=""1"" rowspan=""1""><p>XXX.XXX.812-00</p></td><td colspan=""1"" rowspan=""1""><p>R$ 9.870,88</p></td></tr><tr><td colspan=""1"" rowspan=""1""><p>S/NUP</p></td><td colspan=""1"" rowspan=""1""><p>DESTESA ENGENHARIA E CONSTRUCOES LTDA</p></td><td colspan=""1"" rowspan=""1""><p>89.104.632/0001-09</p></td><td colspan=""1"" rowspan=""1""><p>R$ 1.367,65</p></td></tr><tr><td colspan=""1"" rowspan=""1""><p>S/NUP</p></td><td colspan=""1"" rowspan=""1""><p>DETOX CONSULTORIA EMPRESARIAL S.A</p></td><td colspan=""1"" rowspan=""1""><p>08.624.890/0001-14</p></td><td colspan=""1"" rowspan=""1""><p>R$ 6.414,69</p></td></tr><tr><td colspan=""1"" rowspan=""1""><p>S/NUP</p></td><td colspan=""1"" rowspan=""1""><p>DIFERSO HOLDING LTDA</p></td><td colspan=""1"" rowspan=""1""><p>14.971.173/0001-61</p></td><td colspan=""1"" rowspan=""1""><p>R$ 3.633,70</p></td></tr><tr><td colspan=""1"" rowspan=""1""><p>S/NUP</p></td><td colspan=""1"" rowspan=""1""><p>DIRECAO TAXI AEREO LTDA</p></td><td colspan=""1"" rowspan=""1""><p>43.143.216/0001-19</p></td><td colspan=""1"" rowspan=""1""><p>R$ 5.309,26</p></td></tr><tr><td colspan=""1"" rowspan=""1""><p>S/NUP</p></td><td colspan=""1"" rowspan=""1""><p>DIRECT BRAZIL TAXI AEREO LTDA</p></td><td colspan=""1"" rowspan=""1""><p>50.218.631/0001-50</p></td><td colspan=""1"" rowspan=""1""><p>R$ 3.480,73</p></td></tr><tr><td colspan=""1"" rowspan=""1""><p>S/NUP</p></td><td colspan=""1"" rowspan=""1""><p>DISNEY BARRETO MESQUITA</p></td><td colspan=""1"" rowspan=""1""><p>XXX.XXX.462-20</p></td><td colspan=""1"" rowspan=""1""><p>R$ 3.291,85</p></td></tr><tr><td colspan=""1"" rowspan=""1""><p>S/NUP</p></td><td colspan=""1"" rowspan=""1""><p>DONADONI PARTICIPACOES SA</p></td><td colspan=""1"" rowspan=""1""><p>18.228.418/0001-16</p></td><td colspan=""1"" rowspan=""1""><p>R$ 1.011,04</p></td></tr><tr><td colspan=""1"" rowspan=""1""><p>S/NUP</p></td><td colspan=""1"" rowspan=""1""><p>DUGOMES AIR TÁXI AÉREO LTDA</p></td><td colspan=""1"" rowspan=""1""><p>09.235.989/0001-97</p></td><td colspan=""1"" rowspan=""1""><p>R$ 34.894,32</p></td></tr><tr><td colspan=""1"" rowspan=""1""><p>S/NUP</p></td><td colspan=""1"" rowspan=""1""><p>DURVAL GARCIA DE OLIVEIRA</p></td><td colspan=""1"" rowspan=""1""><p>XXX.XXX.791-68</p></td><td colspan=""1"" rowspan=""1""><p>R$ 2.282,56</p></td></tr><tr><td colspan=""1"" rowspan=""1""><p>S/NUP</p></td><td colspan=""1"" rowspan=""1""><p>DVC TRANSPORTES LTDA</p></td><td colspan=""1"" rowspan=""1""><p>52.229.852/0001-59</p></td><td colspan=""1"" rowspan=""1""><p>R$ 2.089,06</p></td></tr><tr><td colspan=""1"" rowspan=""1""><p>S/NUP</p></td><td colspan=""1"" rowspan=""1""><p>E BIZ ENTRETENIMENTO LTDA</p></td><td colspan=""1"" rowspan=""1""><p>40.079.897/0001-05</p></td><td colspan=""1"" rowspan=""1""><p>R$ 2.003,14</p></td></tr><tr><td colspan=""1"" rowspan=""1""><p>S/NUP</p></td><td colspan=""1"" rowspan=""1""><p>E.M.B. PARTICIPAÇÕES E EMP LTDA</p></td><td colspan=""1"" rowspan=""1""><p>58.372.277/0001-25</p></td><td colspan=""1"" rowspan=""1""><p>R$ 5.545,92</p></td></tr><tr><td colspan=""1"" rowspan=""1""><p>S/NUP</p></td><td colspan=""1"" rowspan=""1""><p>EDMAR LÁZARO BORGES</p></td><td colspan=""1"" rowspan=""1""><p>XXX.XXX.401-00</p></td><td colspan=""1"" rowspan=""1""><p>R$ 1.000,92</p></td></tr><tr><td colspan=""1"" rowspan=""1""><p>S/NUP</p></td><td colspan=""1"" rowspan=""1""><p>EDUARDO BRAGA ROCHA</p></td><td colspan=""1"" rowspan=""1""><p>XXX.XXX.881-00</p></td><td colspan=""1"" rowspan=""1""><p>R$ 21.634,67</p></td></tr><tr><td colspan=""1"" rowspan=""1""><p>S/NUP</p></td><td colspan=""1"" rowspan=""1""><p>EDUARDO SBARAINI</p></td><td colspan=""1"" rowspan=""1""><p>XXX.XXX.269-10</p></td><td colspan=""1"" rowspan=""1""><p>R$ 6.168,55</p></td></tr><tr><td colspan=""1"" rowspan=""1""><p>S/NUP</p></td><td colspan=""1"" rowspan=""1""><p>ELLEN VIEIRA ORTIZ</p></td><td colspan=""1"" rowspan=""1""><p>XXX.XXX.781-70</p></td><td colspan=""1"" rowspan=""1""><p>R$ 1.462,60</p></td></tr><tr><td colspan=""1"" rowspan=""1""><p>S/NUP</p></td><td colspan=""1"" rowspan=""1""><p>EMBRAER S.A</p></td><td colspan=""1"" rowspan=""1""><p>07.689.002/0001-89</p></td><td colspan=""1"" rowspan=""1""><p>R$ 26.844,85</p></td></tr><tr><td colspan=""1"" rowspan=""1""><p>S/NUP</p></td><td colspan=""1"" rowspan=""1""><p>EMERALD PARTICIPACOES LTDA</p></td><td colspan=""1"" rowspan=""1""><p>09.336.665/0001-45</p></td><td colspan=""1"" rowspan=""1""><p>R$ 2.571,35</p></td></tr><tr><td colspan=""1"" rowspan=""1""><p>S/NUP</p></td><td colspan=""1"" rowspan=""1""><p>ENEBRA BRASIL ENERGIA LTDA</p></td><td colspan=""1"" rowspan=""1""><p>34.836.645/0001-80</p></td><td colspan=""1"" rowspan=""1""><p>R$ 1.134,55</p></td></tr><tr><td colspan=""1"" rowspan=""1""><p>S/NUP</p></td><td colspan=""1"" rowspan=""1""><p>ENGGOLD TERRAPLENAGEM PAVIMENTACAO E CONSTRUCAO LTDA</p></td><td colspan=""1"" rowspan=""1""><p>29.697.241/0001-13</p></td><td colspan=""1"" rowspan=""1""><p>R$ 1.321,70</p></td></tr><tr><td colspan=""1"" rowspan=""1""><p>S/NUP</p></td><td colspan=""1"" rowspan=""1""><p>EPR PARTICIPACOES S.A.</p></td><td colspan=""1"" rowspan=""1""><p>48.803.906/0001-70</p></td><td colspan=""1"" rowspan=""1""><p>R$ 9.861,20</p></td></tr><tr><td colspan=""1"" rowspan=""1""><p>S/NUP</p></td><td colspan=""1"" rowspan=""1""><p>ERICO MOTTA ARARUNA</p></td><td colspan=""1"" rowspan=""1""><p>XXX.XXX.743-15</p></td><td colspan=""1"" rowspan=""1""><p>R$ 1.232,59</p></td></tr><tr><td colspan=""1"" rowspan=""1""><p>S/NUP</p></td><td colspan=""1"" rowspan=""1""><p>ESA GESTAO DE NEGOCIOS LTDA</p></td><td colspan=""1"" rowspan=""1""><p>08.206.862/0001-87</p></td><td colspan=""1"" rowspan=""1""><p>R$ 1.261,67</p></td></tr><tr><td colspan=""1"" rowspan=""1""><p>S/NUP</p></td><td colspan=""1"" rowspan=""1""><p>ESPAÇO PART E EMPREENDIMENTOS LTDA</p></td><td colspan=""1"" rowspan=""1""><p>11.324.108/0001-56</p></td><td colspan=""1"" rowspan=""1""><p>R$ 76.859,68</p></td></tr><tr><td colspan=""1"" rowspan=""1""><p>S/NUP</p></td><td colspan=""1"" rowspan=""1""><p>ESTEIRINHA AGROPECUARIA LTDA</p></td><td colspan=""1"" rowspan=""1""><p>27.019.307/0001-90</p></td><td colspan=""1"" rowspan=""1""><p>R$ 2.528,20</p></td></tr><tr><td colspan=""1"" rowspan=""1""><p>S/NUP</p></td><td colspan=""1"" rowspan=""1""><p>EUFRASIO BARBOSA DE MELO JUNIOR</p></td><td colspan=""1"" rowspan=""1""><p>XXX.XXX.544-95</p></td><td colspan=""1"" rowspan=""1""><p>R$ 9.090,22</p></td></tr><tr><td colspan=""1"" rowspan=""1""><p>S/NUP</p></td><td colspan=""1"" rowspan=""1""><p>EVALDO OLIVEIRA SILVA</p></td><td colspan=""1"" rowspan=""1""><p>XXX.XXX.183-87</p></td><td colspan=""1"" rowspan=""1""><p>R$ 1.085,26</p></td></tr><tr><td colspan=""1"" rowspan=""1""><p>S/NUP</p></td><td colspan=""1"" rowspan=""1""><p>EVANDRO BASSO DALTROZO</p></td><td colspan=""1"" rowspan=""1""><p>XXX.XXX.981-00</p></td><td colspan=""1"" rowspan=""1""><p>R$ 1.923,03</p></td></tr><tr><td colspan=""1"" rowspan=""1""><p>S/NUP</p></td><td colspan=""1"" rowspan=""1""><p>EVANDRO FRAMARIN PULZATTO</p></td><td colspan=""1"" rowspan=""1""><p>XXX.XXX.478-00</p></td><td colspan=""1"" rowspan=""1""><p>R$ 1.097,31</p></td></tr><tr><td colspan=""1"" rowspan=""1""><p>S/NUP</p></td><td colspan=""1"" rowspan=""1""><p>EXECUTIVE AIR TAXI AEREO LTDA</p></td><td colspan=""1"" rowspan=""1""><p>13.333.253/0001-29</p></td><td colspan=""1"" rowspan=""1""><p>R$ 11.668,10</p></td></tr><tr><td colspan=""1"" rowspan=""1""><p>S/NUP</p></td><td colspan=""1"" rowspan=""1""><p>EXPRUDIU PROMOCOES ARTISTICAS LTDA - ME</p></td><td colspan=""1"" rowspan=""1""><p>09.328.419/0001-41</p></td><td colspan=""1"" rowspan=""1""><p>R$ 19.983,30</p></td></tr><tr><td colspan=""1"" rowspan=""1""><p>S/NUP</p></td><td colspan=""1"" rowspan=""1""><p>F DE A S CAMPOS E CIA LTDA</p></td><td colspan=""1"" rowspan=""1""><p>23.321.280/0001-35</p></td><td colspan=""1"" rowspan=""1""><p>R$ 9.749,50</p></td></tr><tr><td colspan=""1"" rowspan=""1""><p>S/NUP</p></td><td colspan=""1"" rowspan=""1""><p>F M SERVICO AEREO ESPECIALIZADO LTDA</p></td><td colspan=""1"" rowspan=""1""><p>60.521.740/0001-03</p></td><td colspan=""1"" rowspan=""1""><p>R$ 7.671,96</p></td></tr><tr><td colspan=""1"" rowspan=""1""><p>S/NUP</p></td><td colspan=""1"" rowspan=""1""><p>FÁBIO ANTÔNIO FUGGI</p></td><td colspan=""1"" rowspan=""1""><p>XXX.XXX.589-90</p></td><td colspan=""1"" rowspan=""1""><p>R$ 1.110,04</p></td></tr><tr><td colspan=""1"" rowspan=""1""><p>S/NUP</p></td><td colspan=""1"" rowspan=""1""><p>FABIO AUGUSTO RAMALHO DOS SANTOS</p></td><td colspan=""1"" rowspan=""1""><p>XXX.XXX.886-04</p></td><td colspan=""1"" rowspan=""1""><p>R$ 1.847,65</p></td></tr><tr><td colspan=""1"" rowspan=""1""><p>S/NUP</p></td><td colspan=""1"" rowspan=""1""><p>FABIO ROSA RODRIGUES</p></td><td colspan=""1"" rowspan=""1""><p>XXX.XXX.701-97</p></td><td colspan=""1"" rowspan=""1""><p>R$ 1.023,13</p></td></tr><tr><td colspan=""1"" rowspan=""1""><p>S/NUP</p></td><td colspan=""1"" rowspan=""1""><p>FABRICA CORDEIRO LTDA</p></td><td colspan=""1"" rowspan=""1""><p>01.068.822/0001-77</p></td><td colspan=""1"" rowspan=""1""><p>R$ 2.424,94</p></td></tr><tr><td colspan=""1"" rowspan=""1""><p>S/NUP</p></td><td colspan=""1"" rowspan=""1""><p>FABRICIO DE SOUZA CUNHA</p></td><td colspan=""1"" rowspan=""1""><p>XXX.XXX.352-34</p></td><td colspan=""1"" rowspan=""1""><p>R$ 2.638,48</p></td></tr><tr><td colspan=""1"" rowspan=""1""><p>S/NUP</p></td><td colspan=""1"" rowspan=""1""><p>FALCON TAXI AEREO LTDA</p></td><td colspan=""1"" rowspan=""1""><p>39.435.577/0001-61</p></td><td colspan=""1"" rowspan=""1""><p>R$ 8.689,06</p></td></tr><tr><td colspan=""1"" rowspan=""1""><p>S/NUP</p></td><td colspan=""1"" rowspan=""1""><p>FAMA SOLUTION CONSULTORIA EM NEGOCIOS LTDA</p></td><td colspan=""1"" rowspan=""1""><p>28.157.564/0001-51</p></td><td colspan=""1"" rowspan=""1""><p>R$ 6.301,04</p></td></tr><tr><td colspan=""1"" rowspan=""1""><p>S/NUP</p></td><td colspan=""1"" rowspan=""1""><p>FAUSTO VINICIUS DE GUIMARAES GARCIA</p></td><td colspan=""1"" rowspan=""1""><p>XXX.XXX.041-04</p></td><td colspan=""1"" rowspan=""1""><p>R$ 1.455,31</p></td></tr><tr><td colspan=""1"" rowspan=""1""><p>S/NUP</p></td><td colspan=""1"" rowspan=""1""><p>FEG ENGENHARIA DE OBRAS LTDA</p></td><td colspan=""1"" rowspan=""1""><p>80.372.808/0001-39</p></td><td colspan=""1"" rowspan=""1""><p>R$ 3.271,08</p></td></tr><tr><td colspan=""1"" rowspan=""1""><p>S/NUP</p></td><td colspan=""1"" rowspan=""1""><p>FERNANDO DA COSTA ALVES</p></td><td colspan=""1"" rowspan=""1""><p>XXX.XXX.402-00</p></td><td colspan=""1"" rowspan=""1""><p>R$ 1.283,94</p></td></tr><tr><td colspan=""1"" rowspan=""1""><p>S/NUP</p></td><td colspan=""1"" rowspan=""1""><p>FERNANDO FREITAS FERREIRA DOS SANTOS</p></td><td colspan=""1"" rowspan=""1""><p>XXX.XXX.672-89</p></td><td colspan=""1"" rowspan=""1""><p>R$ 1.199,65</p></td></tr><tr><td colspan=""1"" rowspan=""1""><p>S/NUP</p></td><td colspan=""1"" rowspan=""1""><p>FERNANDO VONTOBEL</p></td><td colspan=""1"" rowspan=""1""><p>XXX.XXX.300-34</p></td><td colspan=""1"" rowspan=""1""><p>R$ 1.241,32</p></td></tr><tr><td colspan=""1"" rowspan=""1""><p>S/NUP</p></td><td colspan=""1"" rowspan=""1""><p>FLY ME UP SERVICOS AEREOS LTDA</p></td><td colspan=""1"" rowspan=""1""><p>55.824.318/0001-89</p></td><td colspan=""1"" rowspan=""1""><p>R$ 2.159,73</p></td></tr><tr><td colspan=""1"" rowspan=""1""><p>S/NUP</p></td><td colspan=""1"" rowspan=""1""><p>FLY RIO DOCE PARTICIPACOES LTDA</p></td><td colspan=""1"" rowspan=""1""><p>48.990.879/0001-92</p></td><td colspan=""1"" rowspan=""1""><p>R$ 15.503,34</p></td></tr><tr><td colspan=""1"" rowspan=""1""><p>S/NUP</p></td><td colspan=""1"" rowspan=""1""><p>FMG HOLDING PARTICIPACOES LTDA</p></td><td colspan=""1"" rowspan=""1""><p>36.941.828/0001-91</p></td><td colspan=""1"" rowspan=""1""><p>R$ 1.150,68</p></td></tr><tr><td colspan=""1"" rowspan=""1""><p>S/NUP</p></td><td colspan=""1"" rowspan=""1""><p>FOCO AGROSOLUCOES LTDA</p></td><td colspan=""1"" rowspan=""1""><p>44.480.180/0001-21</p></td><td colspan=""1"" rowspan=""1""><p>R$ 1.439,88</p></td></tr><tr><td colspan=""1"" rowspan=""1""><p>S/NUP</p></td><td colspan=""1"" rowspan=""1""><p>FRANCISCO DE ASSIS COSTA SERAFIM</p></td><td colspan=""1"" rowspan=""1""><p>XXX.XXX.136-72</p></td><td colspan=""1"" rowspan=""1""><p>R$ 4.953,72</p></td></tr><tr><td colspan=""1"" rowspan=""1""><p>S/NUP</p></td><td colspan=""1"" rowspan=""1""><p>FRANZOLIN INCORPORADORA LTDA</p></td><td colspan=""1"" rowspan=""1""><p>23.758.137/0001-05</p></td><td colspan=""1"" rowspan=""1""><p>R$ 5.343,23</p></td></tr><tr><td colspan=""1"" rowspan=""1""><p>S/NUP</p></td><td colspan=""1"" rowspan=""1""><p>GAGLIARDI AVIATION LTDA</p></td><td colspan=""1"" rowspan=""1""><p>64.737.788/0001-04</p></td><td colspan=""1"" rowspan=""1""><p>R$ 6.303,84</p></td></tr><tr><td colspan=""1"" rowspan=""1""><p>S/NUP</p></td><td colspan=""1"" rowspan=""1""><p>GAZIN IND E COM DE MÓVEIS E ELET LTDA</p></td><td colspan=""1"" rowspan=""1""><p>77.941.490/0001-55</p></td><td colspan=""1"" rowspan=""1""><p>R$ 5.409,10</p></td></tr><tr><td colspan=""1"" rowspan=""1""><p>S/NUP</p></td><td colspan=""1"" rowspan=""1""><p>GB PARTICIPACOES LTDA</p></td><td colspan=""1"" rowspan=""1""><p>55.342.441/0001-63</p></td><td colspan=""1"" rowspan=""1""><p>R$ 6.448,59</p></td></tr><tr><td colspan=""1"" rowspan=""1""><p>S/NUP</p></td><td colspan=""1"" rowspan=""1""><p>GEES S/A</p></td><td colspan=""1"" rowspan=""1""><p>06.855.894/0001-88</p></td><td colspan=""1"" rowspan=""1""><p>R$ 1.455,31</p></td></tr><tr><td colspan=""1"" rowspan=""1""><p>S/NUP</p></td><td colspan=""1"" rowspan=""1""><p>GEFOSCAL C. I. REP.E TR.DE PROD AGRO LTD</p></td><td colspan=""1"" rowspan=""1""><p>06.164.782/0001-80</p></td><td colspan=""1"" rowspan=""1""><p>R$ 5.298,54</p></td></tr><tr><td colspan=""1"" rowspan=""1""><p>S/NUP</p></td><td colspan=""1"" rowspan=""1""><p>GERAJE CONSTRUCAO LTDA</p></td><td colspan=""1"" rowspan=""1""><p>23.503.634/0001-62</p></td><td colspan=""1"" rowspan=""1""><p>R$ 1.773,57</p></td></tr><tr><td colspan=""1"" rowspan=""1""><p>S/NUP</p></td><td colspan=""1"" rowspan=""1""><p>GERSON LUIZ COSTA</p></td><td colspan=""1"" rowspan=""1""><p>XXX.XXX.367-04</p></td><td colspan=""1"" rowspan=""1""><p>R$ 1.454,75</p></td></tr><tr><td colspan=""1"" rowspan=""1""><p>S/NUP</p></td><td colspan=""1"" rowspan=""1""><p>GILBERTO DELLA VOLPE</p></td><td colspan=""1"" rowspan=""1""><p>XXX.XXX.498-96</p></td><td colspan=""1"" rowspan=""1""><p>R$ 1.580,01</p></td></tr><tr><td colspan=""1"" rowspan=""1""><p>S/NUP</p></td><td colspan=""1"" rowspan=""1""><p>GINNO FONTES</p></td><td colspan=""1"" rowspan=""1""><p>XXX.XXX.571-68</p></td><td colspan=""1"" rowspan=""1""><p>R$ 3.590,33</p></td></tr><tr><td colspan=""1"" rowspan=""1""><p>S/NUP</p></td><td colspan=""1"" rowspan=""1""><p>GIRO FACIL FOMENTO MERCANTIL LTDA</p></td><td colspan=""1"" rowspan=""1""><p>30.754.349/0001-80</p></td><td colspan=""1"" rowspan=""1""><p>R$ 2.437,02</p></td></tr><tr><td colspan=""1"" rowspan=""1""><p>S/NUP</p></td><td colspan=""1"" rowspan=""1""><p>GIRO PRODUTOS AGRICOLAS LTDA</p></td><td colspan=""1"" rowspan=""1""><p>05.570.587/0001-98</p></td><td colspan=""1"" rowspan=""1""><p>R$ 1.536,41</p></td></tr><tr><td colspan=""1"" rowspan=""1""><p>S/NUP</p></td><td colspan=""1"" rowspan=""1""><p>GISELLE REMOR MONTEIRO</p></td><td colspan=""1"" rowspan=""1""><p>XXX.XXX.822-00</p></td><td colspan=""1"" rowspan=""1""><p>R$ 4.113,41</p></td></tr><tr><td colspan=""1"" rowspan=""1""><p>S/NUP</p></td><td colspan=""1"" rowspan=""1""><p>GLADSON DE LIMA CAMELI</p></td><td colspan=""1"" rowspan=""1""><p>XXX.XXX.072-04</p></td><td colspan=""1"" rowspan=""1""><p>R$ 2.511,03</p></td></tr><tr><td colspan=""1"" rowspan=""1""><p>S/NUP</p></td><td colspan=""1"" rowspan=""1""><p>GLOBO TAXI AEREO LTDA</p></td><td colspan=""1"" rowspan=""1""><p>62.265.732/0001-60</p></td><td colspan=""1"" rowspan=""1""><p>R$ 10.402,52</p></td></tr><tr><td colspan=""1"" rowspan=""1""><p>S/NUP</p></td><td colspan=""1"" rowspan=""1""><p>GMAN PARTICIPACOES E AGROPECUARIAS LTDA</p></td><td colspan=""1"" rowspan=""1""><p>52.228.813/0001-37</p></td><td colspan=""1"" rowspan=""1""><p>R$ 28.665,16</p></td></tr><tr><td colspan=""1"" rowspan=""1""><p>S/NUP</p></td><td colspan=""1"" rowspan=""1""><p>GMM ADMINISTRADORA DE BENS PROPRIOS LTDA</p></td><td colspan=""1"" rowspan=""1""><p>48.715.888/0001-75</p></td><td colspan=""1"" rowspan=""1""><p>R$ 1.618,43</p></td></tr><tr><td colspan=""1"" rowspan=""1""><p>S/NUP</p></td><td colspan=""1"" rowspan=""1""><p>GOLDEN SERV EMPREENDIMENTOS LTDA</p></td><td colspan=""1"" rowspan=""1""><p>17.869.438/0001-03</p></td><td colspan=""1"" rowspan=""1""><p>R$ 22.403,18</p></td></tr><tr><td colspan=""1"" rowspan=""1""><p>S/NUP</p></td><td colspan=""1"" rowspan=""1""><p>GOLDENFLY SERV. AEREOS ESPECIALIZADOS LT</p></td><td colspan=""1"" rowspan=""1""><p>15.145.262/0001-11</p></td><td colspan=""1"" rowspan=""1""><p>R$ 1.889,24</p></td></tr><tr><td colspan=""1"" rowspan=""1""><p>S/NUP</p></td><td colspan=""1"" rowspan=""1""><p>GRACIAS LTDA</p></td><td colspan=""1"" rowspan=""1""><p>47.469.162/0001-37</p></td><td colspan=""1"" rowspan=""1""><p>R$ 3.935,08</p></td></tr><tr><td colspan=""1"" rowspan=""1""><p>S/NUP</p></td><td colspan=""1"" rowspan=""1""><p>GRANCARNES IND E COMERCIO DE CARNES S/A</p></td><td colspan=""1"" rowspan=""1""><p>65.978.488/0001-71</p></td><td colspan=""1"" rowspan=""1""><p>R$ 1.775,08</p></td></tr><tr><td colspan=""1"" rowspan=""1""><p>S/NUP</p></td><td colspan=""1"" rowspan=""1""><p>GRANJA FARIA S.A.</p></td><td colspan=""1"" rowspan=""1""><p>81.616.807/0001-55</p></td><td colspan=""1"" rowspan=""1""><p>R$ 1.310,22</p></td></tr><tr><td colspan=""1"" rowspan=""1""><p>S/NUP</p></td><td colspan=""1"" rowspan=""1""><p>GRUPO HERNANDEZ PART. SA</p></td><td colspan=""1"" rowspan=""1""><p>06.141.461/0001-60</p></td><td colspan=""1"" rowspan=""1""><p>R$ 39.861,35</p></td></tr><tr><td colspan=""1"" rowspan=""1""><p>S/NUP</p></td><td colspan=""1"" rowspan=""1""><p>GUILLERMO MARTIN MAIZTEGUI</p></td><td colspan=""1"" rowspan=""1""><p>XXX.XXX.978-05</p></td><td colspan=""1"" rowspan=""1""><p>R$ 2.007,21</p></td></tr><tr><td colspan=""1"" rowspan=""1""><p>S/NUP</p></td><td colspan=""1"" rowspan=""1""><p>GUSTAVO CORRENTE TEIXEIRA</p></td><td colspan=""1"" rowspan=""1""><p>XXX.XXX.402-25</p></td><td colspan=""1"" rowspan=""1""><p>R$ 1.785,69</p></td></tr><tr><td colspan=""1"" rowspan=""1""><p>S/NUP</p></td><td colspan=""1"" rowspan=""1""><p>GUSTAVO H. BERNARDES CRUVINEL</p></td><td colspan=""1"" rowspan=""1""><p>XXX.XXX.401-97</p></td><td colspan=""1"" rowspan=""1""><p>R$ 2.026,38</p></td></tr><tr><td colspan=""1"" rowspan=""1""><p>S/NUP</p></td><td colspan=""1"" rowspan=""1""><p>HAMAR RJ ADMINISTRACAO LTDA</p></td><td colspan=""1"" rowspan=""1""><p>51.162.602/0001-86</p></td><td colspan=""1"" rowspan=""1""><p>R$ 8.485,73</p></td></tr><tr><td colspan=""1"" rowspan=""1""><p>S/NUP</p></td><td colspan=""1"" rowspan=""1""><p>HB20 CONSTRUÇÕES EIRELI</p></td><td colspan=""1"" rowspan=""1""><p>15.482.315/0001-90</p></td><td colspan=""1"" rowspan=""1""><p>R$ 1.573,66</p></td></tr><tr><td colspan=""1"" rowspan=""1""><p>S/NUP</p></td><td colspan=""1"" rowspan=""1""><p>HD PETROLEO LAGOA LTDA</p></td><td colspan=""1"" rowspan=""1""><p>30.166.399/0001-46</p></td><td colspan=""1"" rowspan=""1""><p>R$ 5.254,07</p></td></tr><tr><td colspan=""1"" rowspan=""1""><p>S/NUP</p></td><td colspan=""1"" rowspan=""1""><p>HEBRON PARTICIPACOES LTDA</p></td><td colspan=""1"" rowspan=""1""><p>35.653.388/0001-04</p></td><td colspan=""1"" rowspan=""1""><p>R$ 68.416,83</p></td></tr><tr><td colspan=""1"" rowspan=""1""><p>S/NUP</p></td><td colspan=""1"" rowspan=""1""><p>HELIC FLY TÁXI E SERV AÉREOS ESP LTDA</p></td><td colspan=""1"" rowspan=""1""><p>12.412.275/0001-11</p></td><td colspan=""1"" rowspan=""1""><p>R$ 25.832,46</p></td></tr><tr><td colspan=""1"" rowspan=""1""><p>S/NUP</p></td><td colspan=""1"" rowspan=""1""><p>HELICENTRO GUARUJA COMERCIAL LTDA</p></td><td colspan=""1"" rowspan=""1""><p>04.621.029/0001-41</p></td><td colspan=""1"" rowspan=""1""><p>R$ 1.117,76</p></td></tr><tr><td colspan=""1"" rowspan=""1""><p>S/NUP</p></td><td colspan=""1"" rowspan=""1""><p>HENRIMAR TAXI AEREO LTDA</p></td><td colspan=""1"" rowspan=""1""><p>00.977.675/0001-95</p></td><td colspan=""1"" rowspan=""1""><p>R$ 5.777,52</p></td></tr><tr><td colspan=""1"" rowspan=""1""><p>S/NUP</p></td><td colspan=""1"" rowspan=""1""><p>HENRIQUE VELOSO ALVES</p></td><td colspan=""1"" rowspan=""1""><p>XXX.XXX.503-53</p></td><td colspan=""1"" rowspan=""1""><p>R$ 4.518,52</p></td></tr><tr><td colspan=""1"" rowspan=""1""><p>S/NUP</p></td><td colspan=""1"" rowspan=""1""><p>HERA TAXI AERO LTDA</p></td><td colspan=""1"" rowspan=""1""><p>04.976.738/0001-40</p></td><td colspan=""1"" rowspan=""1""><p>R$ 1.022,60</p></td></tr><tr><td colspan=""1"" rowspan=""1""><p>S/NUP</p></td><td colspan=""1"" rowspan=""1""><p>HERINGER TAXI AEREO LTDA</p></td><td colspan=""1"" rowspan=""1""><p>06.933.485/0001-52</p></td><td colspan=""1"" rowspan=""1""><p>R$ 356.969,31</p></td></tr><tr><td colspan=""1"" rowspan=""1""><p>S/NUP</p></td><td colspan=""1"" rowspan=""1""><p>HIPOGRIFFO S.A.</p></td><td colspan=""1"" rowspan=""1""><p>53.160.223/0001-82</p></td><td colspan=""1"" rowspan=""1""><p>R$ 55.234,12</p></td></tr><tr><td colspan=""1"" rowspan=""1""><p>S/NUP</p></td><td colspan=""1"" rowspan=""1""><p>HM AGROPECUARIA LTDA</p></td><td colspan=""1"" rowspan=""1""><p>50.965.598/0001-21</p></td><td colspan=""1"" rowspan=""1""><p>R$ 1.497,93</p></td></tr><tr><td colspan=""1"" rowspan=""1""><p>S/NUP</p></td><td colspan=""1"" rowspan=""1""><p>HOUER CONSULTORIA E CONCESSÕES LTDA</p></td><td colspan=""1"" rowspan=""1""><p>22.111.570/0001-91</p></td><td colspan=""1"" rowspan=""1""><p>R$ 15.005,12</p></td></tr><tr><td colspan=""1"" rowspan=""1""><p>S/NUP</p></td><td colspan=""1"" rowspan=""1""><p>HRP TAXI AEREO E SERVICOS AEREOS ESPECIALIZADOS LTDA</p></td><td colspan=""1"" rowspan=""1""><p>34.504.527/0001-75</p></td><td colspan=""1"" rowspan=""1""><p>R$ 2.035,03</p></td></tr><tr><td colspan=""1"" rowspan=""1""><p>S/NUP</p></td><td colspan=""1"" rowspan=""1""><p>IAX IMOBILIÁRIA LTDA</p></td><td colspan=""1"" rowspan=""1""><p>18.282.773/0001-73</p></td><td colspan=""1"" rowspan=""1""><p>R$ 10.761,57</p></td></tr><tr><td colspan=""1"" rowspan=""1""><p>S/NUP</p></td><td colspan=""1"" rowspan=""1""><p>IBMG MINERACAO COM E IND LTDA</p></td><td colspan=""1"" rowspan=""1""><p>08.626.569/0001-79</p></td><td colspan=""1"" rowspan=""1""><p>R$ 1.067,27</p></td></tr><tr><td colspan=""1"" rowspan=""1""><p>S/NUP</p></td><td colspan=""1"" rowspan=""1""><p>ICOMON TECNOLOGIA LTDA</p></td><td colspan=""1"" rowspan=""1""><p>02.137.309/0001-53</p></td><td colspan=""1"" rowspan=""1""><p>R$ 8.344,75</p></td></tr><tr><td colspan=""1"" rowspan=""1""><p>S/NUP</p></td><td colspan=""1"" rowspan=""1""><p>IGREJA DO EVANG. QUADRANGULAR</p></td><td colspan=""1"" rowspan=""1""><p>62.955.505/0001-67</p></td><td colspan=""1"" rowspan=""1""><p>R$ 3.780,36</p></td></tr><tr><td colspan=""1"" rowspan=""1""><p>S/NUP</p></td><td colspan=""1"" rowspan=""1""><p>IGREJA MUNDIAL DO PODER DE DEUS - FILIAL</p></td><td colspan=""1"" rowspan=""1""><p>02.415.583/0044-87</p></td><td colspan=""1"" rowspan=""1""><p>R$ 28.048,21</p></td></tr></table>",29/07/2026
,Comando da Aeronáutica,DOU - Seção 3,http://pesquisa.in.gov.br/imprensa/jsp/visualiza/index.jsp?data=29/07/2026&jornal=530&pagina=17,NOTIFICACAO_011 10 DIAS_003,"<p></p><p></p><table><tr><td colspan=""1"" rowspan=""1""><p>S/NUP</p></td><td colspan=""1"" rowspan=""1""><p>ILKERSON MAXWELL FRANCO SANTOS</p></td><td colspan=""1"" rowspan=""1""><p>XXX.XXX.163-91</p></td><td colspan=""1"" rowspan=""1""><p>R$ 1.289,84</p></td></tr><tr><td colspan=""1"" rowspan=""1""><p>S/NUP</p></td><td colspan=""1"" rowspan=""1""><p>IMETAME METALMECANICA LTDA</p></td><td colspan=""1"" rowspan=""1""><p>31.790.710/0001-96</p></td><td colspan=""1"" rowspan=""1""><p>R$ 1.130,06</p></td></tr><tr><td colspan=""1"" rowspan=""1""><p>S/NUP</p></td><td colspan=""1"" rowspan=""1""><p>IMOBILIARIA &amp; CONSTRUTORA CANAA LTDA</p></td><td colspan=""1"" rowspan=""1""><p>01.399.568/0001-90</p></td><td colspan=""1"" rowspan=""1""><p>R$ 6.664,09</p></td></tr><tr><td colspan=""1"" rowspan=""1""><p>S/NUP</p></td><td colspan=""1"" rowspan=""1""><p>IMOBILIARIA LAGOA LTDA</p></td><td colspan=""1"" rowspan=""1""><p>03.329.336/0001-90</p></td><td colspan=""1"" rowspan=""1""><p>R$ 6.465,14</p></td></tr><tr><td colspan=""1"" rowspan=""1""><p>S/NUP</p></td><td colspan=""1"" rowspan=""1""><p>INCORPORADORA SÃO FELIX LTDA</p></td><td colspan=""1"" rowspan=""1""><p>33.404.690/0001-01</p></td><td colspan=""1"" rowspan=""1""><p>R$ 1.887,09</p></td></tr><tr><td colspan=""1"" rowspan=""1""><p>S/NUP</p></td><td colspan=""1"" rowspan=""1""><p>INCOSTONE GRANITOS DO BRASIL LTDA</p></td><td colspan=""1"" rowspan=""1""><p>04.791.464/0001-14</p></td><td colspan=""1"" rowspan=""1""><p>R$ 1.577,36</p></td></tr><tr><td colspan=""1"" rowspan=""1""><p>S/NUP</p></td><td colspan=""1"" rowspan=""1""><p>INFINITY SERVICOS AEREOS ESPECIALIZADOS LTDA</p></td><td colspan=""1"" rowspan=""1""><p>27.785.149/0001-80</p></td><td colspan=""1"" rowspan=""1""><p>R$ 23.077,46</p></td></tr><tr><td colspan=""1"" rowspan=""1""><p>S/NUP</p></td><td colspan=""1"" rowspan=""1""><p>INNOVATIS GESTAO E CONSULTORIA LTDA</p></td><td colspan=""1"" rowspan=""1""><p>32.147.979/0001-11</p></td><td colspan=""1"" rowspan=""1""><p>R$ 2.344,87</p></td></tr><tr><td colspan=""1"" rowspan=""1""><p>S/NUP</p></td><td colspan=""1"" rowspan=""1""><p>INSTITUTO EDUCACIONAL ALFAUNIPAC S.A.</p></td><td colspan=""1"" rowspan=""1""><p>05.598.350/0001-15</p></td><td colspan=""1"" rowspan=""1""><p>R$ 18.066,89</p></td></tr><tr><td colspan=""1"" rowspan=""1""><p>S/NUP</p></td><td colspan=""1"" rowspan=""1""><p>ISELL TECH LTDA</p></td><td colspan=""1"" rowspan=""1""><p>48.265.376/0001-54</p></td><td colspan=""1"" rowspan=""1""><p>R$ 3.148,52</p></td></tr><tr><td colspan=""1"" rowspan=""1""><p>S/NUP</p></td><td colspan=""1"" rowspan=""1""><p>ITURIVAL NASCIMENTO NETO</p></td><td colspan=""1"" rowspan=""1""><p>XXX.XXX.611-09</p></td><td colspan=""1"" rowspan=""1""><p>R$ 1.243,69</p></td></tr><tr><td colspan=""1"" rowspan=""1""><p>S/NUP</p></td><td colspan=""1"" rowspan=""1""><p>IZIDRO RIGO</p></td><td colspan=""1"" rowspan=""1""><p>XXX.XXX.540-34</p></td><td colspan=""1"" rowspan=""1""><p>R$ 5.525,14</p></td></tr><tr><td colspan=""1"" rowspan=""1""><p>S/NUP</p></td><td colspan=""1"" rowspan=""1""><p>J C CONSTRUCOES E IMOBILIARIA LTDA</p></td><td colspan=""1"" rowspan=""1""><p>04.345.274/0001-73</p></td><td colspan=""1"" rowspan=""1""><p>R$ 1.295,29</p></td></tr><tr><td colspan=""1"" rowspan=""1""><p>S/NUP</p></td><td colspan=""1"" rowspan=""1""><p>J. P. CONST. E SERVIC LTDA</p></td><td colspan=""1"" rowspan=""1""><p>19.735.368/0001-26</p></td><td colspan=""1"" rowspan=""1""><p>R$ 1.567,00</p></td></tr><tr><td colspan=""1"" rowspan=""1""><p>S/NUP</p></td><td colspan=""1"" rowspan=""1""><p>J. V. L. J PARTICIPACOES LTDA</p></td><td colspan=""1"" rowspan=""1""><p>52.232.608/0001-45</p></td><td colspan=""1"" rowspan=""1""><p>R$ 2.522,33</p></td></tr><tr><td colspan=""1"" rowspan=""1""><p>S/NUP</p></td><td colspan=""1"" rowspan=""1""><p>JACQUELINE DEMARCHI</p></td><td colspan=""1"" rowspan=""1""><p>XXX.XXX.871-05</p></td><td colspan=""1"" rowspan=""1""><p>R$ 39.099,51</p></td></tr><tr><td colspan=""1"" rowspan=""1""><p>S/NUP</p></td><td colspan=""1"" rowspan=""1""><p>JADSON ALVES DOS SANTOS</p></td><td colspan=""1"" rowspan=""1""><p>XXX.XXX.431-34</p></td><td colspan=""1"" rowspan=""1""><p>R$ 2.336,65</p></td></tr><tr><td colspan=""1"" rowspan=""1""><p>S/NUP</p></td><td colspan=""1"" rowspan=""1""><p>JAIR CECÍLIO JÚNIOR</p></td><td colspan=""1"" rowspan=""1""><p>XXX.XXX.941-04</p></td><td colspan=""1"" rowspan=""1""><p>R$ 1.665,84</p></td></tr><tr><td colspan=""1"" rowspan=""1""><p>S/NUP</p></td><td colspan=""1"" rowspan=""1""><p>JC SERVICOS DE INTERNET LTDA</p></td><td colspan=""1"" rowspan=""1""><p>04.955.538/0001-00</p></td><td colspan=""1"" rowspan=""1""><p>R$ 2.164,41</p></td></tr><tr><td colspan=""1"" rowspan=""1""><p>S/NUP</p></td><td colspan=""1"" rowspan=""1""><p>JET AVIATION PATRIMONIAL LTDA</p></td><td colspan=""1"" rowspan=""1""><p>49.205.483/0001-50</p></td><td colspan=""1"" rowspan=""1""><p>R$ 3.245,95</p></td></tr><tr><td colspan=""1"" rowspan=""1""><p>S/NUP</p></td><td colspan=""1"" rowspan=""1""><p>JILLES TASSIO REZENDE GONÇALVES</p></td><td colspan=""1"" rowspan=""1""><p>XXX.XXX.043-04</p></td><td colspan=""1"" rowspan=""1""><p>R$ 2.841,24</p></td></tr><tr><td colspan=""1"" rowspan=""1""><p>S/NUP</p></td><td colspan=""1"" rowspan=""1""><p>JOAO ANTONIO FRANCIOSI</p></td><td colspan=""1"" rowspan=""1""><p>XXX.XXX.610-49</p></td><td colspan=""1"" rowspan=""1""><p>R$ 1.339,92</p></td></tr><tr><td colspan=""1"" rowspan=""1""><p>S/NUP</p></td><td colspan=""1"" rowspan=""1""><p>JOAO AUGUSTO VITAL SILVA</p></td><td colspan=""1"" rowspan=""1""><p>XXX.XXX.811-55</p></td><td colspan=""1"" rowspan=""1""><p>R$ 1.100,88</p></td></tr><tr><td colspan=""1"" rowspan=""1""><p>S/NUP</p></td><td colspan=""1"" rowspan=""1""><p>JOAO COSTA E CASTRO</p></td><td colspan=""1"" rowspan=""1""><p>XXX.XXX.571-20</p></td><td colspan=""1"" rowspan=""1""><p>R$ 1.719,55</p></td></tr><tr><td colspan=""1"" rowspan=""1""><p>S/NUP</p></td><td colspan=""1"" rowspan=""1""><p>JOAQUIM MARTINS NETO</p></td><td colspan=""1"" rowspan=""1""><p>XXX.XXX.888-68</p></td><td colspan=""1"" rowspan=""1""><p>R$ 1.162,05</p></td></tr><tr><td colspan=""1"" rowspan=""1""><p>S/NUP</p></td><td colspan=""1"" rowspan=""1""><p>JOMP HOLDING LTDA</p></td><td colspan=""1"" rowspan=""1""><p>55.195.951/0001-55</p></td><td colspan=""1"" rowspan=""1""><p>R$ 2.981,07</p></td></tr><tr><td colspan=""1"" rowspan=""1""><p>S/NUP</p></td><td colspan=""1"" rowspan=""1""><p>JORGE GUIMARAES COLARES JUNIOR</p></td><td colspan=""1"" rowspan=""1""><p>XXX.XXX.912-72</p></td><td colspan=""1"" rowspan=""1""><p>R$ 1.930,76</p></td></tr><tr><td colspan=""1"" rowspan=""1""><p>S/NUP</p></td><td colspan=""1"" rowspan=""1""><p>JOS PARTICIPACOES S/S LTDA</p></td><td colspan=""1"" rowspan=""1""><p>53.637.595/0001-57</p></td><td colspan=""1"" rowspan=""1""><p>R$ 7.371,33</p></td></tr><tr><td colspan=""1"" rowspan=""1""><p>S/NUP</p></td><td colspan=""1"" rowspan=""1""><p>JOSE ALVES ROCHA</p></td><td colspan=""1"" rowspan=""1""><p>XXX.XXX.135-15</p></td><td colspan=""1"" rowspan=""1""><p>R$ 2.507,70</p></td></tr><tr><td colspan=""1"" rowspan=""1""><p>S/NUP</p></td><td colspan=""1"" rowspan=""1""><p>JOSE ANTONIO MARINHO NETO E OUTRO</p></td><td colspan=""1"" rowspan=""1""><p>XXX.XXX.131-87</p></td><td colspan=""1"" rowspan=""1""><p>R$ 1.069,95</p></td></tr><tr><td colspan=""1"" rowspan=""1""><p>S/NUP</p></td><td colspan=""1"" rowspan=""1""><p>JOSÉ CARLOS NOBRE MONTEIRO</p></td><td colspan=""1"" rowspan=""1""><p>XXX.XXX.952-68</p></td><td colspan=""1"" rowspan=""1""><p>R$ 2.018,74</p></td></tr><tr><td colspan=""1"" rowspan=""1""><p>S/NUP</p></td><td colspan=""1"" rowspan=""1""><p>JOSE FRANCISCO DA CUNHA</p></td><td colspan=""1"" rowspan=""1""><p>XXX.XXX.548-68</p></td><td colspan=""1"" rowspan=""1""><p>R$ 2.609,06</p></td></tr><tr><td colspan=""1"" rowspan=""1""><p>S/NUP</p></td><td colspan=""1"" rowspan=""1""><p>JOSE MARIA BORTOLI</p></td><td colspan=""1"" rowspan=""1""><p>XXX.XXX.510-72</p></td><td colspan=""1"" rowspan=""1""><p>R$ 5.449,02</p></td></tr><tr><td colspan=""1"" rowspan=""1""><p>S/NUP</p></td><td colspan=""1"" rowspan=""1""><p>JOSE RIBAMAR NOLETO DE SANTANA</p></td><td colspan=""1"" rowspan=""1""><p>XXX.XXX.393-87</p></td><td colspan=""1"" rowspan=""1""><p>R$ 3.155,10</p></td></tr><tr><td colspan=""1"" rowspan=""1""><p>S/NUP</p></td><td colspan=""1"" rowspan=""1""><p>JOSE RUBENS MORETTI JUNIOR</p></td><td colspan=""1"" rowspan=""1""><p>XXX.XXX.729-04</p></td><td colspan=""1"" rowspan=""1""><p>R$ 2.573,15</p></td></tr><tr><td colspan=""1"" rowspan=""1""><p>S/NUP</p></td><td colspan=""1"" rowspan=""1""><p>JOSÉ SILVA SOARES</p></td><td colspan=""1"" rowspan=""1""><p>XXX.XXX.806-53</p></td><td colspan=""1"" rowspan=""1""><p>R$ 1.023,78</p></td></tr><tr><td colspan=""1"" rowspan=""1""><p>S/NUP</p></td><td colspan=""1"" rowspan=""1""><p>JOSIMAR CUNHA RODRIGUES</p></td><td colspan=""1"" rowspan=""1""><p>XXX.XXX.512-00</p></td><td colspan=""1"" rowspan=""1""><p>R$ 1.451,11</p></td></tr><tr><td colspan=""1"" rowspan=""1""><p>S/NUP</p></td><td colspan=""1"" rowspan=""1""><p>JTA EMPREENDIMENTOS E URBANISMO LTDA</p></td><td colspan=""1"" rowspan=""1""><p>26.168.182/0001-06</p></td><td colspan=""1"" rowspan=""1""><p>R$ 5.609,64</p></td></tr><tr><td colspan=""1"" rowspan=""1""><p>S/NUP</p></td><td colspan=""1"" rowspan=""1""><p>JUEN EMPREENDIMENTOS E PARTICIPACOES LTDA</p></td><td colspan=""1"" rowspan=""1""><p>38.388.306/0001-30</p></td><td colspan=""1"" rowspan=""1""><p>R$ 3.088,12</p></td></tr><tr><td colspan=""1"" rowspan=""1""><p>S/NUP</p></td><td colspan=""1"" rowspan=""1""><p>JVC AEROTAXI LTDA</p></td><td colspan=""1"" rowspan=""1""><p>01.498.760/0001-33</p></td><td colspan=""1"" rowspan=""1""><p>R$ 3.737,47</p></td></tr><tr><td colspan=""1"" rowspan=""1""><p>S/NUP</p></td><td colspan=""1"" rowspan=""1""><p>JX CONSTRUTORA LTDA</p></td><td colspan=""1"" rowspan=""1""><p>20.488.242/0001-83</p></td><td colspan=""1"" rowspan=""1""><p>R$ 5.782,79</p></td></tr><tr><td colspan=""1"" rowspan=""1""><p>S/NUP</p></td><td colspan=""1"" rowspan=""1""><p>K3 AERONAVES LTDA</p></td><td colspan=""1"" rowspan=""1""><p>48.593.082/0001-51</p></td><td colspan=""1"" rowspan=""1""><p>R$ 1.381,69</p></td></tr><tr><td colspan=""1"" rowspan=""1""><p>S/NUP</p></td><td colspan=""1"" rowspan=""1""><p>KZA AVIAÇÃO S/A</p></td><td colspan=""1"" rowspan=""1""><p>33.132.950/0001-29</p></td><td colspan=""1"" rowspan=""1""><p>R$ 28.773,21</p></td></tr><tr><td colspan=""1"" rowspan=""1""><p>S/NUP</p></td><td colspan=""1"" rowspan=""1""><p>L.O.B.O EMPREENDIMENTOS LTDA</p></td><td colspan=""1"" rowspan=""1""><p>10.330.537/0001-73</p></td><td colspan=""1"" rowspan=""1""><p>R$ 1.995,80</p></td></tr><tr><td colspan=""1"" rowspan=""1""><p>S/NUP</p></td><td colspan=""1"" rowspan=""1""><p>LAR &amp; CONST. EMPREEND IMOBIL. LTDA-ME</p></td><td colspan=""1"" rowspan=""1""><p>13.612.781/0001-17</p></td><td colspan=""1"" rowspan=""1""><p>R$ 4.639,62</p></td></tr><tr><td colspan=""1"" rowspan=""1""><p>S/NUP</p></td><td colspan=""1"" rowspan=""1""><p>LEONARDO A. C. NASCIMENTO</p></td><td colspan=""1"" rowspan=""1""><p>XXX.XXX.467-36</p></td><td colspan=""1"" rowspan=""1""><p>R$ 3.408,80</p></td></tr><tr><td colspan=""1"" rowspan=""1""><p>S/NUP</p></td><td colspan=""1"" rowspan=""1""><p>LEONARDO DE OLIVEIRA GHIRLINZONE DA ROCHA</p></td><td colspan=""1"" rowspan=""1""><p>XXX.XXX.127-00</p></td><td colspan=""1"" rowspan=""1""><p>R$ 1.010,30</p></td></tr><tr><td colspan=""1"" rowspan=""1""><p>S/NUP</p></td><td colspan=""1"" rowspan=""1""><p>LEVINO DOS SANTOS MACHADO FILHO</p></td><td colspan=""1"" rowspan=""1""><p>XXX.XXX.898-50</p></td><td colspan=""1"" rowspan=""1""><p>R$ 1.178,03</p></td></tr><tr><td colspan=""1"" rowspan=""1""><p>S/NUP</p></td><td colspan=""1"" rowspan=""1""><p>LINCOLN LAFAIETE DA SILVEIRA BUENO</p></td><td colspan=""1"" rowspan=""1""><p>XXX.XXX.898-49</p></td><td colspan=""1"" rowspan=""1""><p>R$ 1.227,03</p></td></tr><tr><td colspan=""1"" rowspan=""1""><p>S/NUP</p></td><td colspan=""1"" rowspan=""1""><p>LINK TAXI AEREO LTDA</p></td><td colspan=""1"" rowspan=""1""><p>22.089.522/0001-44</p></td><td colspan=""1"" rowspan=""1""><p>R$ 36.196,99</p></td></tr><tr><td colspan=""1"" rowspan=""1""><p>S/NUP</p></td><td colspan=""1"" rowspan=""1""><p>LM2 PARTICIPACOES LTDA</p></td><td colspan=""1"" rowspan=""1""><p>10.659.156/0001-32</p></td><td colspan=""1"" rowspan=""1""><p>R$ 1.349,39</p></td></tr><tr><td colspan=""1"" rowspan=""1""><p>S/NUP</p></td><td colspan=""1"" rowspan=""1""><p>LMMP EMPREENDIMENTOS IMOBILIARIOS LTDA</p></td><td colspan=""1"" rowspan=""1""><p>09.409.880/0001-29</p></td><td colspan=""1"" rowspan=""1""><p>R$ 2.441,89</p></td></tr><tr><td colspan=""1"" rowspan=""1""><p>S/NUP</p></td><td colspan=""1"" rowspan=""1""><p>LOURENCO FERNANDES DE FREITAS NETO</p></td><td colspan=""1"" rowspan=""1""><p>XXX.XXX.402-25</p></td><td colspan=""1"" rowspan=""1""><p>R$ 1.063,16</p></td></tr><tr><td colspan=""1"" rowspan=""1""><p>S/NUP</p></td><td colspan=""1"" rowspan=""1""><p>L-SETE COMERCIAL AGRICOLA LTDA</p></td><td colspan=""1"" rowspan=""1""><p>10.730.698/0003-16</p></td><td colspan=""1"" rowspan=""1""><p>R$ 6.822,65</p></td></tr><tr><td colspan=""1"" rowspan=""1""><p>S/NUP</p></td><td colspan=""1"" rowspan=""1""><p>L-SETE COMERCIAL AGRÍCOLA LTDA</p></td><td colspan=""1"" rowspan=""1""><p>10.730.698/0001-54</p></td><td colspan=""1"" rowspan=""1""><p>R$ 8.529,91</p></td></tr><tr><td colspan=""1"" rowspan=""1""><p>S/NUP</p></td><td colspan=""1"" rowspan=""1""><p>LUCIANA DO NASCIMENTO OLIVEIRA</p></td><td colspan=""1"" rowspan=""1""><p>XXX.XXX.022-34</p></td><td colspan=""1"" rowspan=""1""><p>R$ 3.627,82</p></td></tr><tr><td colspan=""1"" rowspan=""1""><p>S/NUP</p></td><td colspan=""1"" rowspan=""1""><p>LUCIANA ROSARIO FALEIRO</p></td><td colspan=""1"" rowspan=""1""><p>XXX.XXX.615-00</p></td><td colspan=""1"" rowspan=""1""><p>R$ 1.070,28</p></td></tr><tr><td colspan=""1"" rowspan=""1""><p>S/NUP</p></td><td colspan=""1"" rowspan=""1""><p>LUIZ CARLOS GIL</p></td><td colspan=""1"" rowspan=""1""><p>XXX.XXX.459-15</p></td><td colspan=""1"" rowspan=""1""><p>R$ 2.757,52</p></td></tr><tr><td colspan=""1"" rowspan=""1""><p>S/NUP</p></td><td colspan=""1"" rowspan=""1""><p>LUIZ HENRIQUE MEIRELES VASCONCELOS</p></td><td colspan=""1"" rowspan=""1""><p>XXX.XXX.776-53</p></td><td colspan=""1"" rowspan=""1""><p>R$ 1.001,57</p></td></tr><tr><td colspan=""1"" rowspan=""1""><p>S/NUP</p></td><td colspan=""1"" rowspan=""1""><p>LVF ASFALTOS LTDA</p></td><td colspan=""1"" rowspan=""1""><p>66.883.626/0001-00</p></td><td colspan=""1"" rowspan=""1""><p>R$ 1.165,90</p></td></tr><tr><td colspan=""1"" rowspan=""1""><p>S/NUP</p></td><td colspan=""1"" rowspan=""1""><p>M2BR PARTICIPACOES LTDA</p></td><td colspan=""1"" rowspan=""1""><p>58.084.354/0001-41</p></td><td colspan=""1"" rowspan=""1""><p>R$ 3.927,14</p></td></tr><tr><td colspan=""1"" rowspan=""1""><p>S/NUP</p></td><td colspan=""1"" rowspan=""1""><p>MACIFE S.A MATERIAIS DE CONSTRUCAO</p></td><td colspan=""1"" rowspan=""1""><p>33.034.208/0001-80</p></td><td colspan=""1"" rowspan=""1""><p>R$ 20.463,08</p></td></tr><tr><td colspan=""1"" rowspan=""1""><p>S/NUP</p></td><td colspan=""1"" rowspan=""1""><p>MAIA ASSESSORIA AERONAUTICA LTDA</p></td><td colspan=""1"" rowspan=""1""><p>60.411.008/0001-72</p></td><td colspan=""1"" rowspan=""1""><p>R$ 1.643,91</p></td></tr><tr><td colspan=""1"" rowspan=""1""><p>S/NUP</p></td><td colspan=""1"" rowspan=""1""><p>MALIBU COMPARTILHAMENTO DE AERONAVES LTDA</p></td><td colspan=""1"" rowspan=""1""><p>62.206.692/0001-86</p></td><td colspan=""1"" rowspan=""1""><p>R$ 2.041,01</p></td></tr><tr><td colspan=""1"" rowspan=""1""><p>S/NUP</p></td><td colspan=""1"" rowspan=""1""><p>MANAUS AEROTAXI PARTICIPAÇÕES LTDA</p></td><td colspan=""1"" rowspan=""1""><p>02.324.940/0001-61</p></td><td colspan=""1"" rowspan=""1""><p>R$ 129.145,43</p></td></tr><tr><td colspan=""1"" rowspan=""1""><p>S/NUP</p></td><td colspan=""1"" rowspan=""1""><p>MARCELINO FLORES DE OLIVEIRA</p></td><td colspan=""1"" rowspan=""1""><p>XXX.XXX.410-04</p></td><td colspan=""1"" rowspan=""1""><p>R$ 1.756,36</p></td></tr><tr><td colspan=""1"" rowspan=""1""><p>S/NUP</p></td><td colspan=""1"" rowspan=""1""><p>MARCELLO MENDES DE MORAES PASTORE</p></td><td colspan=""1"" rowspan=""1""><p>XXX.XXX.808-07</p></td><td colspan=""1"" rowspan=""1""><p>R$ 1.268,62</p></td></tr><tr><td colspan=""1"" rowspan=""1""><p>S/NUP</p></td><td colspan=""1"" rowspan=""1""><p>MARCELO DOS REIS</p></td><td colspan=""1"" rowspan=""1""><p>XXX.XXX.171-04</p></td><td colspan=""1"" rowspan=""1""><p>R$ 2.053,27</p></td></tr><tr><td colspan=""1"" rowspan=""1""><p>S/NUP</p></td><td colspan=""1"" rowspan=""1""><p>MARCELO SOUZA DE BARROS</p></td><td colspan=""1"" rowspan=""1""><p>XXX.XXX.501-00</p></td><td colspan=""1"" rowspan=""1""><p>R$ 9.572,44</p></td></tr><tr><td colspan=""1"" rowspan=""1""><p>S/NUP</p></td><td colspan=""1"" rowspan=""1""><p>MARCIO AGUIAR DA SILVA</p></td><td colspan=""1"" rowspan=""1""><p>XXX.XXX.306-44</p></td><td colspan=""1"" rowspan=""1""><p>R$ 4.761,03</p></td></tr><tr><td colspan=""1"" rowspan=""1""><p>S/NUP</p></td><td colspan=""1"" rowspan=""1""><p>MARCO ANTONIO REZEK</p></td><td colspan=""1"" rowspan=""1""><p>XXX.XXX.968-30</p></td><td colspan=""1"" rowspan=""1""><p>R$ 1.372,97</p></td></tr><tr><td colspan=""1"" rowspan=""1""><p>S/NUP</p></td><td colspan=""1"" rowspan=""1""><p>MARCO CESAR KOBAYASHI SOCIEDADE INDIVIDUAL DE ADVOCACIA</p></td><td colspan=""1"" rowspan=""1""><p>23.958.066/0001-94</p></td><td colspan=""1"" rowspan=""1""><p>R$ 1.391,52</p></td></tr><tr><td colspan=""1"" rowspan=""1""><p>S/NUP</p></td><td colspan=""1"" rowspan=""1""><p>MARCOS PAULO DE OLIVEIRA</p></td><td colspan=""1"" rowspan=""1""><p>XXX.XXX.981-66</p></td><td colspan=""1"" rowspan=""1""><p>R$ 1.704,91</p></td></tr><tr><td colspan=""1"" rowspan=""1""><p>S/NUP</p></td><td colspan=""1"" rowspan=""1""><p>MARIA DEUSDETE LIMA CUNHA RODRIGUES</p></td><td colspan=""1"" rowspan=""1""><p>XXX.XXX.663-00</p></td><td colspan=""1"" rowspan=""1""><p>R$ 2.096,93</p></td></tr><tr><td colspan=""1"" rowspan=""1""><p>S/NUP</p></td><td colspan=""1"" rowspan=""1""><p>MARIA DO ESPIRITO SANTO PAIVA AMURIM FLOR</p></td><td colspan=""1"" rowspan=""1""><p>XXX.XXX.201-06</p></td><td colspan=""1"" rowspan=""1""><p>R$ 2.170,02</p></td></tr><tr><td colspan=""1"" rowspan=""1""><p>S/NUP</p></td><td colspan=""1"" rowspan=""1""><p>MARIANE PARTICIPACOES LTDA</p></td><td colspan=""1"" rowspan=""1""><p>07.429.446/0001-85</p></td><td colspan=""1"" rowspan=""1""><p>R$ 2.646,26</p></td></tr><tr><td colspan=""1"" rowspan=""1""><p>S/NUP</p></td><td colspan=""1"" rowspan=""1""><p>MARINEIDE DOS SANTOS AGUIAR BARROS</p></td><td colspan=""1"" rowspan=""1""><p>XXX.XXX.883-87</p></td><td colspan=""1"" rowspan=""1""><p>R$ 1.118,53</p></td></tr><tr><td colspan=""1"" rowspan=""1""><p>S/NUP</p></td><td colspan=""1"" rowspan=""1""><p>MARIO ROBERTO CANDIA DE FIGUEIREDO</p></td><td colspan=""1"" rowspan=""1""><p>XXX.XXX.027-87</p></td><td colspan=""1"" rowspan=""1""><p>R$ 3.385,37</p></td></tr><tr><td colspan=""1"" rowspan=""1""><p>S/NUP</p></td><td colspan=""1"" rowspan=""1""><p>MARIO WOLF FILHO</p></td><td colspan=""1"" rowspan=""1""><p>XXX.XXX.669-00</p></td><td colspan=""1"" rowspan=""1""><p>R$ 1.120,30</p></td></tr><tr><td colspan=""1"" rowspan=""1""><p>S/NUP</p></td><td colspan=""1"" rowspan=""1""><p>MARMATTH PARTICIPACOES E INVESTIMENTOS S/A</p></td><td colspan=""1"" rowspan=""1""><p>57.338.585/0001-71</p></td><td colspan=""1"" rowspan=""1""><p>R$ 6.979,67</p></td></tr><tr><td colspan=""1"" rowspan=""1""><p>S/NUP</p></td><td colspan=""1"" rowspan=""1""><p>MARVALDI GORGEN</p></td><td colspan=""1"" rowspan=""1""><p>XXX.XXX.779-15</p></td><td colspan=""1"" rowspan=""1""><p>R$ 5.887,02</p></td></tr><tr><td colspan=""1"" rowspan=""1""><p>S/NUP</p></td><td colspan=""1"" rowspan=""1""><p>MATHEUS HENRIQUE ZEPPONE</p></td><td colspan=""1"" rowspan=""1""><p>XXX.XXX.319-65</p></td><td colspan=""1"" rowspan=""1""><p>R$ 2.233,83</p></td></tr><tr><td colspan=""1"" rowspan=""1""><p>S/NUP</p></td><td colspan=""1"" rowspan=""1""><p>MAXNORTE ADMINISTRADORA DE BENS LTDA</p></td><td colspan=""1"" rowspan=""1""><p>24.244.805/0001-49</p></td><td colspan=""1"" rowspan=""1""><p>R$ 11.111,55</p></td></tr><tr><td colspan=""1"" rowspan=""1""><p>S/NUP</p></td><td colspan=""1"" rowspan=""1""><p>MAYCON LUIZ DE SOUZA SANTOS</p></td><td colspan=""1"" rowspan=""1""><p>XXX.XXX.347-60</p></td><td colspan=""1"" rowspan=""1""><p>R$ 1.352,19</p></td></tr><tr><td colspan=""1"" rowspan=""1""><p>S/NUP</p></td><td colspan=""1"" rowspan=""1""><p>MC AVIATION PARTICIPACOES LTDA</p></td><td colspan=""1"" rowspan=""1""><p>46.637.151/0001-56</p></td><td colspan=""1"" rowspan=""1""><p>R$ 11.415,57</p></td></tr><tr><td colspan=""1"" rowspan=""1""><p>S/NUP</p></td><td colspan=""1"" rowspan=""1""><p>MC2 INVESTIMENTOS LTDA</p></td><td colspan=""1"" rowspan=""1""><p>29.274.773/0001-48</p></td><td colspan=""1"" rowspan=""1""><p>R$ 5.073,90</p></td></tr><tr><td colspan=""1"" rowspan=""1""><p>S/NUP</p></td><td colspan=""1"" rowspan=""1""><p>MCFLY HOLDING LTDA</p></td><td colspan=""1"" rowspan=""1""><p>44.423.734/0001-59</p></td><td colspan=""1"" rowspan=""1""><p>R$ 2.327,12</p></td></tr><tr><td colspan=""1"" rowspan=""1""><p>S/NUP</p></td><td colspan=""1"" rowspan=""1""><p>MEGA BR INVESTIMENTOS LTDA</p></td><td colspan=""1"" rowspan=""1""><p>30.275.528/0001-34</p></td><td colspan=""1"" rowspan=""1""><p>R$ 10.799,61</p></td></tr><tr><td colspan=""1"" rowspan=""1""><p>S/NUP</p></td><td colspan=""1"" rowspan=""1""><p>MEJER AGROFLORESTAL LTDA</p></td><td colspan=""1"" rowspan=""1""><p>03.044.969/0001-52</p></td><td colspan=""1"" rowspan=""1""><p>R$ 1.074,54</p></td></tr><tr><td colspan=""1"" rowspan=""1""><p>S/NUP</p></td><td colspan=""1"" rowspan=""1""><p>MELO PARTICIPACOES LTDA</p></td><td colspan=""1"" rowspan=""1""><p>07.843.889/0001-18</p></td><td colspan=""1"" rowspan=""1""><p>R$ 2.641,89</p></td></tr><tr><td colspan=""1"" rowspan=""1""><p>S/NUP</p></td><td colspan=""1"" rowspan=""1""><p>MF SERVICOS E ASSESSORIA EMPRESARIAL LTDA</p></td><td colspan=""1"" rowspan=""1""><p>36.805.955/0001-63</p></td><td colspan=""1"" rowspan=""1""><p>R$ 7.443,77</p></td></tr><tr><td colspan=""1"" rowspan=""1""><p>S/NUP</p></td><td colspan=""1"" rowspan=""1""><p>MFPAR PARTICIPAÇÕES LTDA</p></td><td colspan=""1"" rowspan=""1""><p>39.468.546/0001-07</p></td><td colspan=""1"" rowspan=""1""><p>R$ 6.558,42</p></td></tr><tr><td colspan=""1"" rowspan=""1""><p>S/NUP</p></td><td colspan=""1"" rowspan=""1""><p>MIGRA BR ENGENHARIA E TECNOLOGIA LTDA</p></td><td colspan=""1"" rowspan=""1""><p>57.190.446/0001-43</p></td><td colspan=""1"" rowspan=""1""><p>R$ 2.611,06</p></td></tr><tr><td colspan=""1"" rowspan=""1""><p>S/NUP</p></td><td colspan=""1"" rowspan=""1""><p>MILENA KALINA NOBRE FERNANDES DE SA</p></td><td colspan=""1"" rowspan=""1""><p>XXX.XXX.324-64</p></td><td colspan=""1"" rowspan=""1""><p>R$ 2.230,00</p></td></tr><tr><td colspan=""1"" rowspan=""1""><p>S/NUP</p></td><td colspan=""1"" rowspan=""1""><p>MORRO AGUDO MINERAIS LTDA</p></td><td colspan=""1"" rowspan=""1""><p>47.023.990/0001-47</p></td><td colspan=""1"" rowspan=""1""><p>R$ 38.073,52</p></td></tr><tr><td colspan=""1"" rowspan=""1""><p>S/NUP</p></td><td colspan=""1"" rowspan=""1""><p>MOYSES ALVINO COVRE</p></td><td colspan=""1"" rowspan=""1""><p>XXX.XXX.047-20</p></td><td colspan=""1"" rowspan=""1""><p>R$ 1.497,85</p></td></tr><tr><td colspan=""1"" rowspan=""1""><p>S/NUP</p></td><td colspan=""1"" rowspan=""1""><p>MRW PARTICIPAÇÕES LTDA</p></td><td colspan=""1"" rowspan=""1""><p>43.236.928/0001-82</p></td><td colspan=""1"" rowspan=""1""><p>R$ 2.113,95</p></td></tr><tr><td colspan=""1"" rowspan=""1""><p>S/NUP</p></td><td colspan=""1"" rowspan=""1""><p>MULTISUL ENGENHARIA S.A.</p></td><td colspan=""1"" rowspan=""1""><p>02.577.145/0001-85</p></td><td colspan=""1"" rowspan=""1""><p>R$ 3.512,60</p></td></tr><tr><td colspan=""1"" rowspan=""1""><p>S/NUP</p></td><td colspan=""1"" rowspan=""1""><p>NATTAN PRODUCOES ARTISTICAS LTDA</p></td><td colspan=""1"" rowspan=""1""><p>41.775.478/0001-70</p></td><td colspan=""1"" rowspan=""1""><p>R$ 3.395,91</p></td></tr><tr><td colspan=""1"" rowspan=""1""><p>S/NUP</p></td><td colspan=""1"" rowspan=""1""><p>NB LOCACOES LTDA</p></td><td colspan=""1"" rowspan=""1""><p>07.531.269/0001-43</p></td><td colspan=""1"" rowspan=""1""><p>R$ 2.257,22</p></td></tr><tr><td colspan=""1"" rowspan=""1""><p>S/NUP</p></td><td colspan=""1"" rowspan=""1""><p>NEIBER FERNANDO NUNES GUIMARÃES</p></td><td colspan=""1"" rowspan=""1""><p>XXX.XXX.831-72</p></td><td colspan=""1"" rowspan=""1""><p>R$ 1.047,00</p></td></tr><tr><td colspan=""1"" rowspan=""1""><p>S/NUP</p></td><td colspan=""1"" rowspan=""1""><p>NELIO BENEDINI JUNIOR</p></td><td colspan=""1"" rowspan=""1""><p>XXX.XXX.788-17</p></td><td colspan=""1"" rowspan=""1""><p>R$ 1.114,46</p></td></tr><tr><td colspan=""1"" rowspan=""1""><p>S/NUP</p></td><td colspan=""1"" rowspan=""1""><p>NERES EMPREENDIMENTOS LTDA</p></td><td colspan=""1"" rowspan=""1""><p>02.870.432/0001-89</p></td><td colspan=""1"" rowspan=""1""><p>R$ 2.893,29</p></td></tr><tr><td colspan=""1"" rowspan=""1""><p>S/NUP</p></td><td colspan=""1"" rowspan=""1""><p>NHR TAXI AEREO LTDA</p></td><td colspan=""1"" rowspan=""1""><p>03.622.386/0001-61</p></td><td colspan=""1"" rowspan=""1""><p>R$ 75.598,85</p></td></tr><tr><td colspan=""1"" rowspan=""1""><p>S/NUP</p></td><td colspan=""1"" rowspan=""1""><p>NISSEY MÁQUINAS AGRÍCOLAS LTDA</p></td><td colspan=""1"" rowspan=""1""><p>07.527.707/0001-08</p></td><td colspan=""1"" rowspan=""1""><p>R$ 1.605,61</p></td></tr><tr><td colspan=""1"" rowspan=""1""><p>S/NUP</p></td><td colspan=""1"" rowspan=""1""><p>NOBRE SKYDIVE LTDA</p></td><td colspan=""1"" rowspan=""1""><p>60.571.051/0001-03</p></td><td colspan=""1"" rowspan=""1""><p>R$ 27.093,57</p></td></tr><tr><td colspan=""1"" rowspan=""1""><p>S/NUP</p></td><td colspan=""1"" rowspan=""1""><p>NOBRE TURISMO AEREO LTDA</p></td><td colspan=""1"" rowspan=""1""><p>45.330.786/0001-43</p></td><td colspan=""1"" rowspan=""1""><p>R$ 50.411,32</p></td></tr><tr><td colspan=""1"" rowspan=""1""><p>S/NUP</p></td><td colspan=""1"" rowspan=""1""><p>NOSTRO PARTICIPACOES LTDA</p></td><td colspan=""1"" rowspan=""1""><p>52.537.767/0001-58</p></td><td colspan=""1"" rowspan=""1""><p>R$ 6.368,40</p></td></tr><tr><td colspan=""1"" rowspan=""1""><p>S/NUP</p></td><td colspan=""1"" rowspan=""1""><p>NR EMPREEDIMENTOS E CONSTRUÇÃO LTDA</p></td><td colspan=""1"" rowspan=""1""><p>08.892.245/0001-82</p></td><td colspan=""1"" rowspan=""1""><p>R$ 3.349,44</p></td></tr><tr><td colspan=""1"" rowspan=""1""><p>S/NUP</p></td><td colspan=""1"" rowspan=""1""><p>OK PRODUCOES E REPRESENTACOES ARTISTICAS LTDA</p></td><td colspan=""1"" rowspan=""1""><p>36.623.504/0001-05</p></td><td colspan=""1"" rowspan=""1""><p>R$ 3.429,72</p></td></tr><tr><td colspan=""1"" rowspan=""1""><p>S/NUP</p></td><td colspan=""1"" rowspan=""1""><p>OKADA EMPREENDIMENTOS IMOBILIARIOS LTDA.</p></td><td colspan=""1"" rowspan=""1""><p>10.286.108/0001-46</p></td><td colspan=""1"" rowspan=""1""><p>R$ 1.472,64</p></td></tr><tr><td colspan=""1"" rowspan=""1""><p>S/NUP</p></td><td colspan=""1"" rowspan=""1""><p>OLYNTHO GARCIA DE OLIVEIRA NETO</p></td><td colspan=""1"" rowspan=""1""><p>XXX.XXX.711-20</p></td><td colspan=""1"" rowspan=""1""><p>R$ 2.285,82</p></td></tr><tr><td colspan=""1"" rowspan=""1""><p>S/NUP</p></td><td colspan=""1"" rowspan=""1""><p>OMNI TAXI AEREO S.A</p></td><td colspan=""1"" rowspan=""1""><p>03.670.763/0001-38</p></td><td colspan=""1"" rowspan=""1""><p>R$ 5.612.060,09</p></td></tr><tr><td colspan=""1"" rowspan=""1""><p>S/NUP</p></td><td colspan=""1"" rowspan=""1""><p>ONCOLOGICA BRASIL S/S LTDA - EPP</p></td><td colspan=""1"" rowspan=""1""><p>11.186.436/0001-33</p></td><td colspan=""1"" rowspan=""1""><p>R$ 3.395,76</p></td></tr><tr><td colspan=""1"" rowspan=""1""><p>S/NUP</p></td><td colspan=""1"" rowspan=""1""><p>ONE GROUP PATRIMONIAL LTDA</p></td><td colspan=""1"" rowspan=""1""><p>16.838.271/0001-50</p></td><td colspan=""1"" rowspan=""1""><p>R$ 13.489,46</p></td></tr><tr><td colspan=""1"" rowspan=""1""><p>S/NUP</p></td><td colspan=""1"" rowspan=""1""><p>ONE PRIME LEADER PARTICIPACOES E INVESTIMENTOS LTDA</p></td><td colspan=""1"" rowspan=""1""><p>16.754.836/0001-11</p></td><td colspan=""1"" rowspan=""1""><p>R$ 60.352,87</p></td></tr><tr><td colspan=""1"" rowspan=""1""><p>S/NUP</p></td><td colspan=""1"" rowspan=""1""><p>PACO DO LUMIAR EMPREENDIMENTOS LTDA</p></td><td colspan=""1"" rowspan=""1""><p>10.408.295/0001-93</p></td><td colspan=""1"" rowspan=""1""><p>R$ 1.645,74</p></td></tr><tr><td colspan=""1"" rowspan=""1""><p>S/NUP</p></td><td colspan=""1"" rowspan=""1""><p>PAMPA SOLUCOES AGRICOLAS LTDA</p></td><td colspan=""1"" rowspan=""1""><p>22.649.498/0001-50</p></td><td colspan=""1"" rowspan=""1""><p>R$ 10.685,15</p></td></tr><tr><td colspan=""1"" rowspan=""1""><p>S/NUP</p></td><td colspan=""1"" rowspan=""1""><p>PAULO CESAR VIEIRA NEGOCIOS IMOBILIARIOS LTDA</p></td><td colspan=""1"" rowspan=""1""><p>56.898.621/0001-99</p></td><td colspan=""1"" rowspan=""1""><p>R$ 1.528,97</p></td></tr><tr><td colspan=""1"" rowspan=""1""><p>S/NUP</p></td><td colspan=""1"" rowspan=""1""><p>PAULO SERGIO PARANHOS DE MAGALHAES</p></td><td colspan=""1"" rowspan=""1""><p>XXX.XXX.305-53</p></td><td colspan=""1"" rowspan=""1""><p>R$ 4.317,40</p></td></tr><tr><td colspan=""1"" rowspan=""1""><p>S/NUP</p></td><td colspan=""1"" rowspan=""1""><p>PEDRO DA LUZ DINIZ</p></td><td colspan=""1"" rowspan=""1""><p>XXX.XXX.820-91</p></td><td colspan=""1"" rowspan=""1""><p>R$ 1.961,43</p></td></tr><tr><td colspan=""1"" rowspan=""1""><p>S/NUP</p></td><td colspan=""1"" rowspan=""1""><p>PETRAS NEGOCIOS E PARTICIPACOES LTDA</p></td><td colspan=""1"" rowspan=""1""><p>28.455.371/0001-87</p></td><td colspan=""1"" rowspan=""1""><p>R$ 6.410,00</p></td></tr><tr><td colspan=""1"" rowspan=""1""><p>S/NUP</p></td><td colspan=""1"" rowspan=""1""><p>PETROFORTE FACTORING FOMENTO MERCANTIL LTDA</p></td><td colspan=""1"" rowspan=""1""><p>24.201.006/0001-95</p></td><td colspan=""1"" rowspan=""1""><p>R$ 1.124,58</p></td></tr><tr><td colspan=""1"" rowspan=""1""><p>S/NUP</p></td><td colspan=""1"" rowspan=""1""><p>PHC ADMINISTRACAO E PARTICIPACOES LTDA</p></td><td colspan=""1"" rowspan=""1""><p>49.174.779/0001-50</p></td><td colspan=""1"" rowspan=""1""><p>R$ 3.287,56</p></td></tr><tr><td colspan=""1"" rowspan=""1""><p>S/NUP</p></td><td colspan=""1"" rowspan=""1""><p>PITA HOLDING LTDA</p></td><td colspan=""1"" rowspan=""1""><p>48.982.399/0001-80</p></td><td colspan=""1"" rowspan=""1""><p>R$ 1.249,17</p></td></tr><tr><td colspan=""1"" rowspan=""1""><p>S/NUP</p></td><td colspan=""1"" rowspan=""1""><p>PLANET JET MAN. DE AERONAVES LTDA</p></td><td colspan=""1"" rowspan=""1""><p>40.213.101/0001-65</p></td><td colspan=""1"" rowspan=""1""><p>R$ 44.215,18</p></td></tr><tr><td colspan=""1"" rowspan=""1""><p>S/NUP</p></td><td colspan=""1"" rowspan=""1""><p>PORTHOS PADUA MAIA</p></td><td colspan=""1"" rowspan=""1""><p>XXX.XXX.148-53</p></td><td colspan=""1"" rowspan=""1""><p>R$ 1.268,80</p></td></tr><tr><td colspan=""1"" rowspan=""1""><p>S/NUP</p></td><td colspan=""1"" rowspan=""1""><p>POSTO MANA LTDA</p></td><td colspan=""1"" rowspan=""1""><p>08.561.760/0001-80</p></td><td colspan=""1"" rowspan=""1""><p>R$ 4.425,46</p></td></tr><tr><td colspan=""1"" rowspan=""1""><p>S/NUP</p></td><td colspan=""1"" rowspan=""1""><p>POTY CONSTRUTORA E EMPREENDIMENTOS IMOBILIARIOS LTDA</p></td><td colspan=""1"" rowspan=""1""><p>17.323.084/0001-05</p></td><td colspan=""1"" rowspan=""1""><p>R$ 1.999,61</p></td></tr><tr><td colspan=""1"" rowspan=""1""><p>S/NUP</p></td><td colspan=""1"" rowspan=""1""><p>PPWMA HOLDING DE GESTAO PATRIMONIAL LTDA</p></td><td colspan=""1"" rowspan=""1""><p>54.015.558/0001-70</p></td><td colspan=""1"" rowspan=""1""><p>R$ 15.784,87</p></td></tr><tr><td colspan=""1"" rowspan=""1""><p>S/NUP</p></td><td colspan=""1"" rowspan=""1""><p>PR YES HOLDING PATRIMONIAL LTDA</p></td><td colspan=""1"" rowspan=""1""><p>45.578.824/0001-81</p></td><td colspan=""1"" rowspan=""1""><p>R$ 5.663,85</p></td></tr><tr><td colspan=""1"" rowspan=""1""><p>S/NUP</p></td><td colspan=""1"" rowspan=""1""><p>PRADO &amp; FIGUEIREDO COMBUSTIVEIS LTDA</p></td><td colspan=""1"" rowspan=""1""><p>30.968.963/0001-44</p></td><td colspan=""1"" rowspan=""1""><p>R$ 35.461,63</p></td></tr></table>",29/07/2026
,Comando da Aeronáutica,DOU - Seção 3,http://pesquisa.in.gov.br/imprensa/jsp/visualiza/index.jsp?data=29/07/2026&jornal=530&pagina=18,NOTIFICACAO_011 10 DIAS_004,"<p></p><p></p><table><tr><td colspan=""1"" rowspan=""1""><p>S/NUP</p></td><td colspan=""1"" rowspan=""1""><p>PRECISAO AEROAGRICOLA LTDA</p></td><td colspan=""1"" rowspan=""1""><p>04.207.770/0001-60</p></td><td colspan=""1"" rowspan=""1""><p>R$ 4.020,81</p></td></tr><tr><td colspan=""1"" rowspan=""1""><p>S/NUP</p></td><td colspan=""1"" rowspan=""1""><p>PRG EMPREENDIMENTOS LTDA</p></td><td colspan=""1"" rowspan=""1""><p>18.990.797/0001-87</p></td><td colspan=""1"" rowspan=""1""><p>R$ 2.672,37</p></td></tr><tr><td colspan=""1"" rowspan=""1""><p>S/NUP</p></td><td colspan=""1"" rowspan=""1""><p>PRIETO ASSESSORIA E CONSULTORIA LTDA</p></td><td colspan=""1"" rowspan=""1""><p>35.229.827/0001-56</p></td><td colspan=""1"" rowspan=""1""><p>R$ 6.900,39</p></td></tr><tr><td colspan=""1"" rowspan=""1""><p>S/NUP</p></td><td colspan=""1"" rowspan=""1""><p>PROFT ADMINISTRACAO DE BENS LTDA</p></td><td colspan=""1"" rowspan=""1""><p>60.276.238/0001-76</p></td><td colspan=""1"" rowspan=""1""><p>R$ 24.156,86</p></td></tr><tr><td colspan=""1"" rowspan=""1""><p>S/NUP</p></td><td colspan=""1"" rowspan=""1""><p>PROSALV ADMINISTRACAO EMPREENDIMENTOS E PARTICIPACOES LTDA</p></td><td colspan=""1"" rowspan=""1""><p>96.291.463/0001-29</p></td><td colspan=""1"" rowspan=""1""><p>R$ 4.216,47</p></td></tr><tr><td colspan=""1"" rowspan=""1""><p>S/NUP</p></td><td colspan=""1"" rowspan=""1""><p>PROSPER TAXI AEREO LTDA</p></td><td colspan=""1"" rowspan=""1""><p>32.985.017/0001-31</p></td><td colspan=""1"" rowspan=""1""><p>R$ 2.454,29</p></td></tr><tr><td colspan=""1"" rowspan=""1""><p>S/NUP</p></td><td colspan=""1"" rowspan=""1""><p>PROVECOM INTERNET LTDA</p></td><td colspan=""1"" rowspan=""1""><p>18.528.090/0001-53</p></td><td colspan=""1"" rowspan=""1""><p>R$ 1.681,68</p></td></tr><tr><td colspan=""1"" rowspan=""1""><p>S/NUP</p></td><td colspan=""1"" rowspan=""1""><p>PS AVIATION UNIPESSOAL LTDA</p></td><td colspan=""1"" rowspan=""1""><p>65.584.284/0001-56</p></td><td colspan=""1"" rowspan=""1""><p>R$ 7.729,24</p></td></tr><tr><td colspan=""1"" rowspan=""1""><p>S/NUP</p></td><td colspan=""1"" rowspan=""1""><p>PS-FMV ADMINISTRACAO DE BEM PROPRIO S.A.</p></td><td colspan=""1"" rowspan=""1""><p>49.009.072/0001-99</p></td><td colspan=""1"" rowspan=""1""><p>R$ 1.812,33</p></td></tr><tr><td colspan=""1"" rowspan=""1""><p>S/NUP</p></td><td colspan=""1"" rowspan=""1""><p>PS-RNB-CJ1 ADMINISTRACAO DE BEM PROPRIO S/A</p></td><td colspan=""1"" rowspan=""1""><p>60.370.108/0001-06</p></td><td colspan=""1"" rowspan=""1""><p>R$ 19.103,09</p></td></tr><tr><td colspan=""1"" rowspan=""1""><p>S/NUP</p></td><td colspan=""1"" rowspan=""1""><p>QAMP SERVICOS DE CONSTRUCOES LTDA</p></td><td colspan=""1"" rowspan=""1""><p>31.922.997/0001-60</p></td><td colspan=""1"" rowspan=""1""><p>R$ 9.607,03</p></td></tr><tr><td colspan=""1"" rowspan=""1""><p>S/NUP</p></td><td colspan=""1"" rowspan=""1""><p>RAFAEL DE AMORIM MACEDO DA SILVA</p></td><td colspan=""1"" rowspan=""1""><p>XXX.XXX.922-52</p></td><td colspan=""1"" rowspan=""1""><p>R$ 3.003,75</p></td></tr><tr><td colspan=""1"" rowspan=""1""><p>S/NUP</p></td><td colspan=""1"" rowspan=""1""><p>RAFAEL KURTZ STEFANELO</p></td><td colspan=""1"" rowspan=""1""><p>XXX.XXX.291-17</p></td><td colspan=""1"" rowspan=""1""><p>R$ 5.912,59</p></td></tr><tr><td colspan=""1"" rowspan=""1""><p>S/NUP</p></td><td colspan=""1"" rowspan=""1""><p>RAIOT RIO LTDA</p></td><td colspan=""1"" rowspan=""1""><p>26.453.434/0001-30</p></td><td colspan=""1"" rowspan=""1""><p>R$ 7.056,56</p></td></tr><tr><td colspan=""1"" rowspan=""1""><p>S/NUP</p></td><td colspan=""1"" rowspan=""1""><p>RENATO PIONERDO LOPES</p></td><td colspan=""1"" rowspan=""1""><p>XXX.XXX.119-68</p></td><td colspan=""1"" rowspan=""1""><p>R$ 2.064,72</p></td></tr><tr><td colspan=""1"" rowspan=""1""><p>S/NUP</p></td><td colspan=""1"" rowspan=""1""><p>RICARDO BORGES DE CASTRO CUNHA</p></td><td colspan=""1"" rowspan=""1""><p>XXX.XXX.208-04</p></td><td colspan=""1"" rowspan=""1""><p>R$ 1.110,69</p></td></tr><tr><td colspan=""1"" rowspan=""1""><p>S/NUP</p></td><td colspan=""1"" rowspan=""1""><p>RICARDO LOWY</p></td><td colspan=""1"" rowspan=""1""><p>XXX.XXX.368-35</p></td><td colspan=""1"" rowspan=""1""><p>R$ 3.086,43</p></td></tr><tr><td colspan=""1"" rowspan=""1""><p>S/NUP</p></td><td colspan=""1"" rowspan=""1""><p>RICARDO SANTOS HERNANDEZ MARTIN</p></td><td colspan=""1"" rowspan=""1""><p>XXX.XXX.211-04</p></td><td colspan=""1"" rowspan=""1""><p>R$ 3.337,45</p></td></tr><tr><td colspan=""1"" rowspan=""1""><p>S/NUP</p></td><td colspan=""1"" rowspan=""1""><p>RICO TAXI AEREO LTDA</p></td><td colspan=""1"" rowspan=""1""><p>04.614.277/0001-65</p></td><td colspan=""1"" rowspan=""1""><p>R$ 302.506,31</p></td></tr><tr><td colspan=""1"" rowspan=""1""><p>S/NUP</p></td><td colspan=""1"" rowspan=""1""><p>RILDGLAN RENILSON MONTEIRO DE SOUSA</p></td><td colspan=""1"" rowspan=""1""><p>XXX.XXX.542-68</p></td><td colspan=""1"" rowspan=""1""><p>R$ 2.079,57</p></td></tr><tr><td colspan=""1"" rowspan=""1""><p>S/NUP</p></td><td colspan=""1"" rowspan=""1""><p>RIMA - RIO MADEIRA AVIACAO LTDA</p></td><td colspan=""1"" rowspan=""1""><p>04.778.630/0001-42</p></td><td colspan=""1"" rowspan=""1""><p>R$ 119.391,95</p></td></tr><tr><td colspan=""1"" rowspan=""1""><p>S/NUP</p></td><td colspan=""1"" rowspan=""1""><p>RIO BLUESKY SERVICOS AEREOS ESPECIALIZADOS LTDA</p></td><td colspan=""1"" rowspan=""1""><p>60.937.765/0001-84</p></td><td colspan=""1"" rowspan=""1""><p>R$ 36.014,60</p></td></tr><tr><td colspan=""1"" rowspan=""1""><p>S/NUP</p></td><td colspan=""1"" rowspan=""1""><p>RIO NOVO SOLUCOES URBANAS LTDA</p></td><td colspan=""1"" rowspan=""1""><p>12.471.342/0001-79</p></td><td colspan=""1"" rowspan=""1""><p>R$ 1.512,93</p></td></tr><tr><td colspan=""1"" rowspan=""1""><p>S/NUP</p></td><td colspan=""1"" rowspan=""1""><p>RIVERTON GESTÃO PATRIMONIAL LTDA</p></td><td colspan=""1"" rowspan=""1""><p>14.006.525/0001-49</p></td><td colspan=""1"" rowspan=""1""><p>R$ 1.154,28</p></td></tr><tr><td colspan=""1"" rowspan=""1""><p>S/NUP</p></td><td colspan=""1"" rowspan=""1""><p>RJC ADMINISTRADORA DE BENS LTDA</p></td><td colspan=""1"" rowspan=""1""><p>58.496.947/0001-15</p></td><td colspan=""1"" rowspan=""1""><p>R$ 2.987,27</p></td></tr><tr><td colspan=""1"" rowspan=""1""><p>S/NUP</p></td><td colspan=""1"" rowspan=""1""><p>ROBERT MILLA</p></td><td colspan=""1"" rowspan=""1""><p>XXX.XXX.399-80</p></td><td colspan=""1"" rowspan=""1""><p>R$ 3.365,31</p></td></tr><tr><td colspan=""1"" rowspan=""1""><p>S/NUP</p></td><td colspan=""1"" rowspan=""1""><p>ROÇA AGRONEGÓCIO LTDA</p></td><td colspan=""1"" rowspan=""1""><p>24.912.683/0001-11</p></td><td colspan=""1"" rowspan=""1""><p>R$ 22.673,47</p></td></tr><tr><td colspan=""1"" rowspan=""1""><p>S/NUP</p></td><td colspan=""1"" rowspan=""1""><p>ROCHESA S/A TINTAS E VERNIZES</p></td><td colspan=""1"" rowspan=""1""><p>74.068.552/0001-78</p></td><td colspan=""1"" rowspan=""1""><p>R$ 9.852,01</p></td></tr><tr><td colspan=""1"" rowspan=""1""><p>S/NUP</p></td><td colspan=""1"" rowspan=""1""><p>ROMALU TUR EIRELI</p></td><td colspan=""1"" rowspan=""1""><p>41.837.480/0001-27</p></td><td colspan=""1"" rowspan=""1""><p>R$ 1.940,38</p></td></tr><tr><td colspan=""1"" rowspan=""1""><p>S/NUP</p></td><td colspan=""1"" rowspan=""1""><p>RONALDO FROTA DA ROCHA</p></td><td colspan=""1"" rowspan=""1""><p>XXX.XXX.701-53</p></td><td colspan=""1"" rowspan=""1""><p>R$ 1.874,24</p></td></tr><tr><td colspan=""1"" rowspan=""1""><p>S/NUP</p></td><td colspan=""1"" rowspan=""1""><p>RTR PARTICIPACOES LTDA</p></td><td colspan=""1"" rowspan=""1""><p>25.033.357/0001-05</p></td><td colspan=""1"" rowspan=""1""><p>R$ 1.432,70</p></td></tr><tr><td colspan=""1"" rowspan=""1""><p>S/NUP</p></td><td colspan=""1"" rowspan=""1""><p>RZK AGRO LTDA</p></td><td colspan=""1"" rowspan=""1""><p>07.685.671/0001-82</p></td><td colspan=""1"" rowspan=""1""><p>R$ 1.418,11</p></td></tr><tr><td colspan=""1"" rowspan=""1""><p>S/NUP</p></td><td colspan=""1"" rowspan=""1""><p>S S A FERREIRA AUTO POSTO</p></td><td colspan=""1"" rowspan=""1""><p>40.187.533/0001-49</p></td><td colspan=""1"" rowspan=""1""><p>R$ 2.365,45</p></td></tr><tr><td colspan=""1"" rowspan=""1""><p>S/NUP</p></td><td colspan=""1"" rowspan=""1""><p>SAMOIL IVANOFF</p></td><td colspan=""1"" rowspan=""1""><p>XXX.XXX.521-68</p></td><td colspan=""1"" rowspan=""1""><p>R$ 1.015,07</p></td></tr><tr><td colspan=""1"" rowspan=""1""><p>S/NUP</p></td><td colspan=""1"" rowspan=""1""><p>SAUL FERREIRA DE MOURA FILHO</p></td><td colspan=""1"" rowspan=""1""><p>XXX.XXX.668-66</p></td><td colspan=""1"" rowspan=""1""><p>R$ 1.053,31</p></td></tr><tr><td colspan=""1"" rowspan=""1""><p>S/NUP</p></td><td colspan=""1"" rowspan=""1""><p>SBR FOODS LTDA</p></td><td colspan=""1"" rowspan=""1""><p>04.063.172/0001-65</p></td><td colspan=""1"" rowspan=""1""><p>R$ 1.670,47</p></td></tr><tr><td colspan=""1"" rowspan=""1""><p>S/NUP</p></td><td colspan=""1"" rowspan=""1""><p>SERVICES I - ADMINISTRACAO EDUCACIONAL LTDA</p></td><td colspan=""1"" rowspan=""1""><p>06.218.294/0001-09</p></td><td colspan=""1"" rowspan=""1""><p>R$ 4.051,85</p></td></tr><tr><td colspan=""1"" rowspan=""1""><p>S/NUP</p></td><td colspan=""1"" rowspan=""1""><p>SERVOS CONSTRUTORA E INCORPORADORA LTDA</p></td><td colspan=""1"" rowspan=""1""><p>61.722.027/0001-82</p></td><td colspan=""1"" rowspan=""1""><p>R$ 3.489,19</p></td></tr><tr><td colspan=""1"" rowspan=""1""><p>S/NUP</p></td><td colspan=""1"" rowspan=""1""><p>SETE TAXI AEREO LTDA</p></td><td colspan=""1"" rowspan=""1""><p>02.088.938/0001-30</p></td><td colspan=""1"" rowspan=""1""><p>R$ 129.638,91</p></td></tr><tr><td colspan=""1"" rowspan=""1""><p>S/NUP</p></td><td colspan=""1"" rowspan=""1""><p>SIERENTZ AGRO BRASIL LTDA</p></td><td colspan=""1"" rowspan=""1""><p>07.634.590/0001-53</p></td><td colspan=""1"" rowspan=""1""><p>R$ 5.120,01</p></td></tr><tr><td colspan=""1"" rowspan=""1""><p>S/NUP</p></td><td colspan=""1"" rowspan=""1""><p>SILVANA MARIA VIZZOTO VARNIER</p></td><td colspan=""1"" rowspan=""1""><p>XXX.XXX.910-53</p></td><td colspan=""1"" rowspan=""1""><p>R$ 1.637,29</p></td></tr><tr><td colspan=""1"" rowspan=""1""><p>S/NUP</p></td><td colspan=""1"" rowspan=""1""><p>SITIO DA SERRA COMERCIO DE FRUTAS LTDA.</p></td><td colspan=""1"" rowspan=""1""><p>16.500.796/0003-43</p></td><td colspan=""1"" rowspan=""1""><p>R$ 2.204,27</p></td></tr><tr><td colspan=""1"" rowspan=""1""><p>S/NUP</p></td><td colspan=""1"" rowspan=""1""><p>SKC SERV AÉREO ESPEC DE L. DE PQD LTDA</p></td><td colspan=""1"" rowspan=""1""><p>36.875.650/0001-28</p></td><td colspan=""1"" rowspan=""1""><p>R$ 1.256,47</p></td></tr><tr><td colspan=""1"" rowspan=""1""><p>S/NUP</p></td><td colspan=""1"" rowspan=""1""><p>SKY DREAM ESCOLA DE PILOTAGEM LTDA</p></td><td colspan=""1"" rowspan=""1""><p>09.267.957/0001-73</p></td><td colspan=""1"" rowspan=""1""><p>R$ 1.250,95</p></td></tr><tr><td colspan=""1"" rowspan=""1""><p>S/NUP</p></td><td colspan=""1"" rowspan=""1""><p>SOCIEDADE ADM.E GESTAO PATRIM. LTDA</p></td><td colspan=""1"" rowspan=""1""><p>06.120.096/0001-08</p></td><td colspan=""1"" rowspan=""1""><p>R$ 1.461,07</p></td></tr><tr><td colspan=""1"" rowspan=""1""><p>S/NUP</p></td><td colspan=""1"" rowspan=""1""><p>SOLAR TAXI AEREO LTDA</p></td><td colspan=""1"" rowspan=""1""><p>13.087.728/0001-44</p></td><td colspan=""1"" rowspan=""1""><p>R$ 120.984,61</p></td></tr><tr><td colspan=""1"" rowspan=""1""><p>S/NUP</p></td><td colspan=""1"" rowspan=""1""><p>SOLIMOES EMPREENDIMENTOS E PARTICIPACOES LTDA</p></td><td colspan=""1"" rowspan=""1""><p>22.790.730/0001-76</p></td><td colspan=""1"" rowspan=""1""><p>R$ 5.442,28</p></td></tr><tr><td colspan=""1"" rowspan=""1""><p>S/NUP</p></td><td colspan=""1"" rowspan=""1""><p>SOLLUS CONSTRUTORA E INCORPORADORA LTDA</p></td><td colspan=""1"" rowspan=""1""><p>32.625.625/0001-35</p></td><td colspan=""1"" rowspan=""1""><p>R$ 1.570,55</p></td></tr><tr><td colspan=""1"" rowspan=""1""><p>S/NUP</p></td><td colspan=""1"" rowspan=""1""><p>SOUZA &amp; FILHOS IND E COM DE COLCHOES</p></td><td colspan=""1"" rowspan=""1""><p>09.612.782/0001-94</p></td><td colspan=""1"" rowspan=""1""><p>R$ 1.050,55</p></td></tr><tr><td colspan=""1"" rowspan=""1""><p>S/NUP</p></td><td colspan=""1"" rowspan=""1""><p>SP AVIACAO TAXI AEREO LTDA</p></td><td colspan=""1"" rowspan=""1""><p>48.563.071/0001-29</p></td><td colspan=""1"" rowspan=""1""><p>R$ 29.565,20</p></td></tr><tr><td colspan=""1"" rowspan=""1""><p>S/NUP</p></td><td colspan=""1"" rowspan=""1""><p>SPRINGER PLASTICOS DA AMAZONIA LTDA</p></td><td colspan=""1"" rowspan=""1""><p>04.350.484/0001-50</p></td><td colspan=""1"" rowspan=""1""><p>R$ 21.489,54</p></td></tr><tr><td colspan=""1"" rowspan=""1""><p>S/NUP</p></td><td colspan=""1"" rowspan=""1""><p>STEFAN ZEMBROD</p></td><td colspan=""1"" rowspan=""1""><p>XXX.XXX.008-08</p></td><td colspan=""1"" rowspan=""1""><p>R$ 1.925,15</p></td></tr><tr><td colspan=""1"" rowspan=""1""><p>S/NUP</p></td><td colspan=""1"" rowspan=""1""><p>STILUS TAXI AEREO LTDA</p></td><td colspan=""1"" rowspan=""1""><p>05.897.794/0001-51</p></td><td colspan=""1"" rowspan=""1""><p>R$ 8.808,84</p></td></tr><tr><td colspan=""1"" rowspan=""1""><p>S/NUP</p></td><td colspan=""1"" rowspan=""1""><p>SUPERIA TRADING LTDA</p></td><td colspan=""1"" rowspan=""1""><p>05.898.253/0001-48</p></td><td colspan=""1"" rowspan=""1""><p>R$ 1.183,14</p></td></tr><tr><td colspan=""1"" rowspan=""1""><p>S/NUP</p></td><td colspan=""1"" rowspan=""1""><p>T G TRANSPORTES EIRELI</p></td><td colspan=""1"" rowspan=""1""><p>23.283.964/0001-90</p></td><td colspan=""1"" rowspan=""1""><p>R$ 2.558,20</p></td></tr><tr><td colspan=""1"" rowspan=""1""><p>S/NUP</p></td><td colspan=""1"" rowspan=""1""><p>TAB AVIATION LTDA</p></td><td colspan=""1"" rowspan=""1""><p>03.348.354/0001-10</p></td><td colspan=""1"" rowspan=""1""><p>R$ 1.094,51</p></td></tr><tr><td colspan=""1"" rowspan=""1""><p>S/NUP</p></td><td colspan=""1"" rowspan=""1""><p>TAC TRANSMISSION AIR LTDA</p></td><td colspan=""1"" rowspan=""1""><p>40.603.768/0001-74</p></td><td colspan=""1"" rowspan=""1""><p>R$ 1.130,02</p></td></tr><tr><td colspan=""1"" rowspan=""1""><p>S/NUP</p></td><td colspan=""1"" rowspan=""1""><p>TAXI AEREO FORTALEZA LTDA</p></td><td colspan=""1"" rowspan=""1""><p>02.148.827/0001-72</p></td><td colspan=""1"" rowspan=""1""><p>R$ 7.573,78</p></td></tr><tr><td colspan=""1"" rowspan=""1""><p>S/NUP</p></td><td colspan=""1"" rowspan=""1""><p>TAXI AEREO HERCULES LTDA</p></td><td colspan=""1"" rowspan=""1""><p>74.046.731/0001-04</p></td><td colspan=""1"" rowspan=""1""><p>R$ 3.913,02</p></td></tr><tr><td colspan=""1"" rowspan=""1""><p>S/NUP</p></td><td colspan=""1"" rowspan=""1""><p>TC ACESSORIAS E SOLUCOES EMPRESARIAIS LTDA</p></td><td colspan=""1"" rowspan=""1""><p>03.838.909/0001-01</p></td><td colspan=""1"" rowspan=""1""><p>R$ 4.548,10</p></td></tr><tr><td colspan=""1"" rowspan=""1""><p>S/NUP</p></td><td colspan=""1"" rowspan=""1""><p>TEIXEIRA &amp; DUARTE LTDA</p></td><td colspan=""1"" rowspan=""1""><p>51.224.532/0001-43</p></td><td colspan=""1"" rowspan=""1""><p>R$ 1.123,21</p></td></tr><tr><td colspan=""1"" rowspan=""1""><p>S/NUP</p></td><td colspan=""1"" rowspan=""1""><p>TERRAPLENAGEM CACAPAVA LTDA</p></td><td colspan=""1"" rowspan=""1""><p>30.382.611/0001-02</p></td><td colspan=""1"" rowspan=""1""><p>R$ 2.756,64</p></td></tr><tr><td colspan=""1"" rowspan=""1""><p>S/NUP</p></td><td colspan=""1"" rowspan=""1""><p>TERRAZUL S.A EMPREENDIMENTOS</p></td><td colspan=""1"" rowspan=""1""><p>07.514.021/0001-74</p></td><td colspan=""1"" rowspan=""1""><p>R$ 1.434,25</p></td></tr><tr><td colspan=""1"" rowspan=""1""><p>S/NUP</p></td><td colspan=""1"" rowspan=""1""><p>TMJ AIRCRAFT SERVICES LTDA</p></td><td colspan=""1"" rowspan=""1""><p>63.335.175/0001-70</p></td><td colspan=""1"" rowspan=""1""><p>R$ 4.406,97</p></td></tr><tr><td colspan=""1"" rowspan=""1""><p>S/NUP</p></td><td colspan=""1"" rowspan=""1""><p>TRES MARIAS AGROPECUARIA E EVENTOS LTDA</p></td><td colspan=""1"" rowspan=""1""><p>22.343.287/0001-95</p></td><td colspan=""1"" rowspan=""1""><p>R$ 6.632,81</p></td></tr><tr><td colspan=""1"" rowspan=""1""><p>S/NUP</p></td><td colspan=""1"" rowspan=""1""><p>TRINITY INVESTIMENTOS E PART. LTDA</p></td><td colspan=""1"" rowspan=""1""><p>12.826.305/0001-36</p></td><td colspan=""1"" rowspan=""1""><p>R$ 1.749,20</p></td></tr><tr><td colspan=""1"" rowspan=""1""><p>S/NUP</p></td><td colspan=""1"" rowspan=""1""><p>TV OMEGA LTDA</p></td><td colspan=""1"" rowspan=""1""><p>02.131.538/0001-60</p></td><td colspan=""1"" rowspan=""1""><p>R$ 3.517,20</p></td></tr><tr><td colspan=""1"" rowspan=""1""><p>S/NUP</p></td><td colspan=""1"" rowspan=""1""><p>UEM PROVENTOS ADMINISTRADORA DE AERONAVES SPE LTDA</p></td><td colspan=""1"" rowspan=""1""><p>60.481.857/0001-00</p></td><td colspan=""1"" rowspan=""1""><p>R$ 4.572,41</p></td></tr><tr><td colspan=""1"" rowspan=""1""><p>S/NUP</p></td><td colspan=""1"" rowspan=""1""><p>ULISSES VIEIRA COUTINHO DOS SANTOS</p></td><td colspan=""1"" rowspan=""1""><p>XXX.XXX.513-53</p></td><td colspan=""1"" rowspan=""1""><p>R$ 3.295,19</p></td></tr><tr><td colspan=""1"" rowspan=""1""><p>S/NUP</p></td><td colspan=""1"" rowspan=""1""><p>ULTRAPAR PARTICIPACOES S/A</p></td><td colspan=""1"" rowspan=""1""><p>33.256.439/0001-39</p></td><td colspan=""1"" rowspan=""1""><p>R$ 8.398,90</p></td></tr><tr><td colspan=""1"" rowspan=""1""><p>S/NUP</p></td><td colspan=""1"" rowspan=""1""><p>UNIAO TAXI AEREO LTDA</p></td><td colspan=""1"" rowspan=""1""><p>31.765.722/0001-60</p></td><td colspan=""1"" rowspan=""1""><p>R$ 4.301,48</p></td></tr><tr><td colspan=""1"" rowspan=""1""><p>S/NUP</p></td><td colspan=""1"" rowspan=""1""><p>USINA ESTIVAS LTDA</p></td><td colspan=""1"" rowspan=""1""><p>31.168.247/0001-45</p></td><td colspan=""1"" rowspan=""1""><p>R$ 4.059,35</p></td></tr><tr><td colspan=""1"" rowspan=""1""><p>S/NUP</p></td><td colspan=""1"" rowspan=""1""><p>V. L. OLIVEIRA ASSESSORIA DE NEGOCIOS LTDA</p></td><td colspan=""1"" rowspan=""1""><p>61.238.112/0001-70</p></td><td colspan=""1"" rowspan=""1""><p>R$ 28.077,99</p></td></tr><tr><td colspan=""1"" rowspan=""1""><p>S/NUP</p></td><td colspan=""1"" rowspan=""1""><p>VALE COMPANY COMERCIO E SERVICOS LTDA</p></td><td colspan=""1"" rowspan=""1""><p>76.986.850/0001-72</p></td><td colspan=""1"" rowspan=""1""><p>R$ 1.330,10</p></td></tr><tr><td colspan=""1"" rowspan=""1""><p>S/NUP</p></td><td colspan=""1"" rowspan=""1""><p>VALE DO PARANA ADMINISTRACAO DE BENS PROPRIOS LTDA</p></td><td colspan=""1"" rowspan=""1""><p>46.800.713/0001-30</p></td><td colspan=""1"" rowspan=""1""><p>R$ 1.274,75</p></td></tr><tr><td colspan=""1"" rowspan=""1""><p>S/NUP</p></td><td colspan=""1"" rowspan=""1""><p>VALFRIDO LOPES BARRETO</p></td><td colspan=""1"" rowspan=""1""><p>XXX.XXX.415-04</p></td><td colspan=""1"" rowspan=""1""><p>R$ 37.911,64</p></td></tr><tr><td colspan=""1"" rowspan=""1""><p>S/NUP</p></td><td colspan=""1"" rowspan=""1""><p>VALVERDE CHAHAIRA SOCIEDADE INDIVIDUAL DE ADVOCACIA</p></td><td colspan=""1"" rowspan=""1""><p>36.646.340/0001-31</p></td><td colspan=""1"" rowspan=""1""><p>R$ 8.863,06</p></td></tr><tr><td colspan=""1"" rowspan=""1""><p>S/NUP</p></td><td colspan=""1"" rowspan=""1""><p>VEE ONE - MANUTENCAO E SERVICOS LTDA</p></td><td colspan=""1"" rowspan=""1""><p>06.990.107/0001-00</p></td><td colspan=""1"" rowspan=""1""><p>R$ 11.967,07</p></td></tr><tr><td colspan=""1"" rowspan=""1""><p>S/NUP</p></td><td colspan=""1"" rowspan=""1""><p>VIIGA PATRIMONIAL LTDA</p></td><td colspan=""1"" rowspan=""1""><p>27.084.530/0001-11</p></td><td colspan=""1"" rowspan=""1""><p>R$ 1.042,24</p></td></tr><tr><td colspan=""1"" rowspan=""1""><p>S/NUP</p></td><td colspan=""1"" rowspan=""1""><p>VIKING PARTICIPACOES LTDA</p></td><td colspan=""1"" rowspan=""1""><p>07.875.796/0001-75</p></td><td colspan=""1"" rowspan=""1""><p>R$ 162.845,90</p></td></tr><tr><td colspan=""1"" rowspan=""1""><p>S/NUP</p></td><td colspan=""1"" rowspan=""1""><p>VIVA PRIVILEGIOS E BENEFICIOS LTDA</p></td><td colspan=""1"" rowspan=""1""><p>53.164.941/0001-27</p></td><td colspan=""1"" rowspan=""1""><p>R$ 28.340,98</p></td></tr><tr><td colspan=""1"" rowspan=""1""><p>S/NUP</p></td><td colspan=""1"" rowspan=""1""><p>VIVER EMPREENDIMENTOS LTDA</p></td><td colspan=""1"" rowspan=""1""><p>53.070.699/0001-22</p></td><td colspan=""1"" rowspan=""1""><p>R$ 1.310,85</p></td></tr><tr><td colspan=""1"" rowspan=""1""><p>S/NUP</p></td><td colspan=""1"" rowspan=""1""><p>VJX PARTICIPACOES LTDA</p></td><td colspan=""1"" rowspan=""1""><p>57.649.637/0001-20</p></td><td colspan=""1"" rowspan=""1""><p>R$ 1.245,86</p></td></tr><tr><td colspan=""1"" rowspan=""1""><p>S/NUP</p></td><td colspan=""1"" rowspan=""1""><p>VLM COMERCIO DE MEDICAMENTOS LTDA</p></td><td colspan=""1"" rowspan=""1""><p>32.864.855/0001-57</p></td><td colspan=""1"" rowspan=""1""><p>R$ 1.435,27</p></td></tr><tr><td colspan=""1"" rowspan=""1""><p>S/NUP</p></td><td colspan=""1"" rowspan=""1""><p>VM PARTICIPACOES LTDA</p></td><td colspan=""1"" rowspan=""1""><p>03.127.163/0001-28</p></td><td colspan=""1"" rowspan=""1""><p>R$ 2.465,25</p></td></tr><tr><td colspan=""1"" rowspan=""1""><p>S/NUP</p></td><td colspan=""1"" rowspan=""1""><p>VOAR ADMINISTRADORA LTDA</p></td><td colspan=""1"" rowspan=""1""><p>55.743.831/0001-45</p></td><td colspan=""1"" rowspan=""1""><p>R$ 1.535,21</p></td></tr><tr><td colspan=""1"" rowspan=""1""><p>S/NUP</p></td><td colspan=""1"" rowspan=""1""><p>VOLARE EQUIPAMENTOS AEREOS S.A</p></td><td colspan=""1"" rowspan=""1""><p>17.301.823/0001-50</p></td><td colspan=""1"" rowspan=""1""><p>R$ 4.066,78</p></td></tr><tr><td colspan=""1"" rowspan=""1""><p>S/NUP</p></td><td colspan=""1"" rowspan=""1""><p>VOLARE TAXI AEREO LTDA</p></td><td colspan=""1"" rowspan=""1""><p>42.279.796/0001-03</p></td><td colspan=""1"" rowspan=""1""><p>R$ 244.671,01</p></td></tr><tr><td colspan=""1"" rowspan=""1""><p>S/NUP</p></td><td colspan=""1"" rowspan=""1""><p>VOO FARM LTDA</p></td><td colspan=""1"" rowspan=""1""><p>49.827.168/0001-64</p></td><td colspan=""1"" rowspan=""1""><p>R$ 1.477,74</p></td></tr><tr><td colspan=""1"" rowspan=""1""><p>S/NUP</p></td><td colspan=""1"" rowspan=""1""><p>VX1 TRANSPORTES E LOGISTICA LTDA</p></td><td colspan=""1"" rowspan=""1""><p>48.516.417/0001-38</p></td><td colspan=""1"" rowspan=""1""><p>R$ 5.263,92</p></td></tr><tr><td colspan=""1"" rowspan=""1""><p>S/NUP</p></td><td colspan=""1"" rowspan=""1""><p>WA4 COMPARTILHAMENTO DE AERONAVES LTDA</p></td><td colspan=""1"" rowspan=""1""><p>48.531.373/0001-15</p></td><td colspan=""1"" rowspan=""1""><p>R$ 10.232,52</p></td></tr><tr><td colspan=""1"" rowspan=""1""><p>S/NUP</p></td><td colspan=""1"" rowspan=""1""><p>WALDIR FRANCISCO GUERRA</p></td><td colspan=""1"" rowspan=""1""><p>XXX.XXX.249-49</p></td><td colspan=""1"" rowspan=""1""><p>R$ 4.410,64</p></td></tr><tr><td colspan=""1"" rowspan=""1""><p>S/NUP</p></td><td colspan=""1"" rowspan=""1""><p>WELLE COMERCIAL LTDA</p></td><td colspan=""1"" rowspan=""1""><p>53.298.158/0001-56</p></td><td colspan=""1"" rowspan=""1""><p>R$ 1.105,09</p></td></tr><tr><td colspan=""1"" rowspan=""1""><p>S/NUP</p></td><td colspan=""1"" rowspan=""1""><p>WENDELL ANDRADE LIMA</p></td><td colspan=""1"" rowspan=""1""><p>XXX.XXX.064-69</p></td><td colspan=""1"" rowspan=""1""><p>R$ 2.151,17</p></td></tr><tr><td colspan=""1"" rowspan=""1""><p>S/NUP</p></td><td colspan=""1"" rowspan=""1""><p>WILSON MARTINS MARQUES</p></td><td colspan=""1"" rowspan=""1""><p>XXX.XXX.051-72</p></td><td colspan=""1"" rowspan=""1""><p>R$ 1.933,98</p></td></tr><tr><td colspan=""1"" rowspan=""1""><p>S/NUP</p></td><td colspan=""1"" rowspan=""1""><p>XPANS PARTICIPACOES E NEGOCIOS LTDA</p></td><td colspan=""1"" rowspan=""1""><p>36.429.387/0001-43</p></td><td colspan=""1"" rowspan=""1""><p>R$ 2.678,29</p></td></tr><tr><td colspan=""1"" rowspan=""1""><p>S/NUP</p></td><td colspan=""1"" rowspan=""1""><p>YVENS WATILA OLIVEIRA DA SILVA</p></td><td colspan=""1"" rowspan=""1""><p>XXX.XXX.493-01</p></td><td colspan=""1"" rowspan=""1""><p>R$ 49.367,22</p></td></tr><tr><td colspan=""1"" rowspan=""1""><p>S/NUP</p></td><td colspan=""1"" rowspan=""1""><p>ZARDO BIOENERGIA LTDA</p></td><td colspan=""1"" rowspan=""1""><p>37.706.719/0001-52</p></td><td colspan=""1"" rowspan=""1""><p>R$ 5.005,85</p></td></tr></table><p>Ten Brig Ar SÉRGIO RODRIGUES PEREIRA BASTOS JÚNIOR</p><p class=""cargo"">Diretor-Geral</p>",29/07/2026
