URL;Título;Resumo;Data
http://pesquisa.in.gov.br/imprensa/jsp/visualiza/index.jsp?data=01/09/2026&jornal=530&pagina=12;AVISO DE LICITAÇÃO;<p>Modalidade: Pregão 140/2026 / Número do processo: 67447.001768/2026-70 / Objeto: Registro de Preço para eventual aquisição de gases medicinais e ar comprimido com cilindros em regime de comodato.</p><p>Data de início de recebimento de propostas: 01/09/2026, 09:00. Forma de apresentação: Eletrônica</p><p>Data de Abertura: 14/09/2026, 09:00</p><p>Endereço eletrônico do Edital: https://cnetmobile.estaleiro.serpro.gov.br/comprasnet-web/public/compras/acompanhamento-compra?compra=12063105001402026</p><p class="assina">SILVIA NATALIA SOARES MENEZES DA SILVA</p><p class="cargo">Ordenador de Despesas</p>;01/09/2026
http://pesquisa.in.gov.br/imprensa/jsp/visualiza/index.jsp?data=01/09/2026&jornal=530&pagina=13;AVISO DE LICITAÇÃO;<p>Objeto: AQUISIÇÃO DE MATERIAL DE CONSUMOPARA SUPORTE À MANUTENÇÃO DAS AERONAVES C-98-PROJETO U8 (CARAVAN)</p><p>Total de itens licitados: 9</p><p>Edital: 01/09/2026 em horário comercial.</p><p>Endereço: BRAZILIAN AERONAUTICAL COMMISSION - 1701, 22ND STREET NW</p><p>ABERTURA: 22/09/2026</p><p>O edital estará disponível em https://www.fab.mil.br/CABW</p><p class="assina">FABIO FERREIRA SILVA</p><p class="cargo">Ordenador de Despesas</p>;01/09/2026
http://pesquisa.in.gov.br/imprensa/jsp/visualiza/index.jsp?data=01/09/2026&jornal=530&pagina=13;AVISO DE LICITAÇÃO;<p>Objeto: AQUISIÇÃO DE MATERIAIS DE CONSUMO PARA SUPORTE DO PROJETO ML_ ULH - UNIDADE DE LIMPEZA DE HANGAR</p><p>Total de itens licitados: 5</p><p>Edital: 01/09/2026 em horário comercial.</p><p>Endereço: BRAZILIAN AERONAUTICAL COMMISSION - 1701, 22ND STREET NW</p><p>ABERTURA: 22/09/2026</p><p>O edital estará disponível em https://www.fab.mil.br/CABW</p><p class="assina">FABIO FERREIRA SILVA</p><p class="cargo">Ordenador de Despesas</p>;01/09/2026
http://pesquisa.in.gov.br/imprensa/jsp/visualiza/index.jsp?data=01/09/2026&jornal=530&pagina=13;AVISO DE LICITAÇÃO;<p>Objeto: AQUISIÇÃO DE MATERIAIS DE CONSUMO PARA SUPORTE DO PROJETO ML_ ULH - UNIDADE DE LIMPEZA DE HANGAR</p><p>Total de itens licitados: 6</p><p>Edital: 01/09/2026 em horário comercial.</p><p>Endereço: BRAZILIAN AERONAUTICAL COMMISSION - 1701, 22ND STREET NW</p><p>ABERTURA: 22/09/2026</p><p>O edital estará disponível em https://www.fab.mil.br/CABW</p><p class="assina">FABIO FERREIRA SILVA</p><p class="cargo">Ordenador de Despesas</p>;01/09/2026
http://pesquisa.in.gov.br/imprensa/jsp/visualiza/index.jsp?data=01/09/2026&jornal=530&pagina=13;AVISO DE LICITAÇÃO;<p>Objeto: Aquisição de materiais de consumo, reparáveis e trabalháveis para suporte às aeronaves KC-390 (Projeto C8).</p><p>Total de itens licitados: 6</p><p>Edital: 01/09/2026 em horário comercial.</p><p>Endereço: BRAZILIAN AERONAUTICAL COMMISSION - 1701, 22ND STREET NW</p><p>ABERTURA: 22/09/2026</p><p>O edital estará disponível em https://www.fab.mil.br/CABW</p><p class="assina">FABIO FERREIRA SILVA</p><p class="cargo">Ordenador de Despesas</p>;01/09/2026
http://pesquisa.in.gov.br/imprensa/jsp/visualiza/index.jsp?data=01/09/2026&jornal=530&pagina=13;AVISO DE LICITAÇÃO;<p>Objeto: Aquisição de materiais de consumo, reparáveis e trabalháveis para suporte às aeronaves KC-390 (Projeto C8).</p><p>Total de itens licitados: 5</p><p>Edital: 01/09/2026 em horário comercial.</p><p>Endereço: BRAZILIAN AERONAUTICAL COMMISSION - 1701, 22ND STREET NW</p><p>ABERTURA: 22/09/2026</p><p>O edital estará disponível em https://www.fab.mil.br/CABW</p><p class="assina">FABIO FERREIRA SILVA</p><p class="cargo">Ordenador de Despesas</p>;01/09/2026
http://pesquisa.in.gov.br/imprensa/jsp/visualiza/index.jsp?data=01/09/2026&jornal=530&pagina=13;AVISO DE LICITAÇÃO;<p>Objeto: Aquisição de materiais de consumo, reparáveis e trabalháveis para suporte às atividades de manutenção da frota de aeronaves KC-390 (Projeto C8)</p><p>Total de itens licitados: 3</p><p>Edital: 01/09/2026 em horário comercial.</p><p>Endereço: BRAZILIAN AERONAUTICAL COMMISSION - 1701, 22ND STREET NW</p><p>ABERTURA: 22/09/2026</p><p>O edital estará disponível em https://www.fab.mil.br/CABW</p><p class="assina">FABIO FERREIRA SILVA</p><p class="cargo">Ordenador de Despesas</p>;01/09/2026
http://pesquisa.in.gov.br/imprensa/jsp/visualiza/index.jsp?data=01/09/2026&jornal=530&pagina=13;AVISO DE LICITAÇÃO;<p>Objeto: Aquisição de materiais de consumo, reparáveis e trabalháveis para suporte às atividades de manutenção da frota de aeronaves P-3A (Projeto P3)</p><p>Total de itens licitados: 5</p><p>Edital: 01/09/2026 em horário comercial.</p><p>Endereço: BRAZILIAN AERONAUTICAL COMMISSION - 1701, 22ND STREET NW</p><p>ABERTURA: 22/09/2026</p><p>O edital estará disponível em https://www.fab.mil.br/CABW</p><p class="assina">FABIO FERREIRA SILVA</p><p class="cargo">Ordenador de Despesas</p>;01/09/2026
http://pesquisa.in.gov.br/imprensa/jsp/visualiza/index.jsp?data=01/09/2026&jornal=530&pagina=18;AVISO DE LICITAÇÃO;<p>Modalidade: Pregão 116/2026 / Número do processo: 67215.008555/2025-11 / Objeto: Aquisição de peças para manutenção de ar condicionado para a Guarnição de Aeronáutica de Belém.</p><p>Data de início de recebimento de propostas: 01/09/2026, 09:00. Forma de apresentação: Eletrônica</p><p>Data de Abertura: 14/09/2026, 09:00</p><p>Endereço eletrônico do Edital: https://cnetmobile.estaleiro.serpro.gov.br/comprasnet-web/public/compras/acompanhamento-compra?compra=12062805001162026</p><p class="assina">RENATA DE SOUZA BARBOSA</p><p class="cargo">p/ Equipe de apoio</p>;01/09/2026
http://pesquisa.in.gov.br/imprensa/jsp/visualiza/index.jsp?data=01/09/2026&jornal=530&pagina=12;AVISO DE LICITAÇÃO;<p>Modalidade: Pregão 71/2026 / Número do processo: 67222.003966/2026-11 / Objeto: Aquisição de lubrificantes e itens de manutenção da frota de veículos</p><p>Data de início de recebimento de propostas: 01/09/2026, 08:00. Forma de apresentação: Eletrônica</p><p>Data de Abertura: 14/09/2026, 09:00</p><p>Endereço eletrônico do Edital: https://cnetmobile.estaleiro.serpro.gov.br/comprasnet-web/public/compras/acompanhamento-compra?compra=12063105000712026</p><p class="assina">SILVIA NATALIA SOARES MENEZES DA SILVA</p><p class="cargo">Ordenadora de Despesas</p>;01/09/2026
http://pesquisa.in.gov.br/imprensa/jsp/visualiza/index.jsp?data=01/09/2026&jornal=530&pagina=12;AVISO DE LICITAÇÃO;<p>Modalidade: Concorrência 125/2026 / Número do processo: 67273.002447/2025-41 / Objeto: CESSÃO DE USO, A TÍTULO ONEROSA, DE BEM IMÓVEL DA UNIÃO- REPUBLICAÇÃO</p><p>Data de início de recebimento de propostas: 01/09/2026, 09:00. Forma de apresentação: Eletrônica</p><p>Data de Abertura: 29/09/2026, 09:30</p><p>Endereço eletrônico do Edital: https://cnetmobile.estaleiro.serpro.gov.br/comprasnet-web/public/compras/acompanhamento-compra?compra=12064303001252026</p><p class="assina">THIAGO DE ANDRADE ALVES DO NASCIMENTO</p><p class="cargo">Agente de contratação</p>;01/09/2026
http://pesquisa.in.gov.br/imprensa/jsp/visualiza/index.jsp?data=01/09/2026&jornal=530&pagina=12;AVISO DE LICITAÇÃO;<p>Modalidade: Pregão 13/2026 / Número do processo: 67273.006083/2026-59 / Objeto: AQUISIÇÃO DE INSTRUMENTOS MUSICAIS E EQUIPAMENTOS</p><p>Data de início de recebimento de propostas: 01/09/2026, 08:00. Forma de apresentação: Eletrônica</p><p>Data de Abertura: 19/10/2026, 09:30</p><p>Endereço eletrônico do Edital: https://cnetmobile.estaleiro.serpro.gov.br/comprasnet-web/public/compras/acompanhamento-compra?compra=12064305000132026</p><p class="assina">THIAGO DE ANDRADE ALVES DO NASCIMENTO</p><p class="cargo">Agente de contratação</p>;01/09/2026
http://pesquisa.in.gov.br/imprensa/jsp/visualiza/index.jsp?data=01/09/2026&jornal=530&pagina=12;AVISO DE LICITAÇÃO;<p>Modalidade: Pregão 1/2026 / Número do processo: 67222.001208/2026-50 / Objeto: Cessão Onerosa de uso de área para Praça de Alimentação do evento Portões Abertos 2026, na modalidade de pregão eletrônico.</p><p>Data de início de recebimento de propostas: 01/09/2026, 08:00. Forma de apresentação: Eletrônica</p><p>Data de Abertura: 16/09/2026, 09:00</p><p>Endereço eletrônico do Edital: https://cnetmobile.estaleiro.serpro.gov.br/comprasnet-web/public/compras/acompanhamento-compra?compra=12063105000012026</p><p class="assina">SILVIA NATALIA SOARES MENEZES DA SILVA</p><p class="cargo">Ordenadora de Despesas</p>;01/09/2026
http://pesquisa.in.gov.br/imprensa/jsp/visualiza/index.jsp?data=01/09/2026&jornal=530&pagina=19;AVISO DE LICITAÇÃO;<p>Modalidade: Pregão 344/2026 / Número do processo: 67263.003460/2025-36 / Objeto: Aquisição de material para corte químico de grama</p><p>Data de início de recebimento de propostas: 01/09/2026, 08:00. Forma de apresentação: Eletrônica</p><p>Data de Abertura: 14/09/2026, 10:00</p><p>Endereço eletrônico do Edital: https://cnetmobile.estaleiro.serpro.gov.br/comprasnet-web/public/compras/acompanhamento-compra?compra=12063305003442026</p><p class="assina">JOESER SOARES DE CARVALHO</p><p class="cargo">Gestor de Licitações</p>;01/09/2026
http://pesquisa.in.gov.br/imprensa/jsp/visualiza/index.jsp?data=01/09/2026&jornal=530&pagina=19;AVISO DE LICITAÇÃO;<p>Modalidade: Pregão 361/2026 / Número do processo: 67266.000344/2026-16 / Objeto: Aquisição de material permanente de marcenaria</p><p>Data de início de recebimento de propostas: 01/09/2026, 08:00. Forma de apresentação: Eletrônica</p><p>Data de Abertura: 14/09/2026, 10:00</p><p>Endereço eletrônico do Edital: https://cnetmobile.estaleiro.serpro.gov.br/comprasnet-web/public/compras/acompanhamento-compra?compra=12063305003612026</p><p class="assina">JOESER SOARES DE CARVALHO</p><p class="cargo">Gestor de Licitações</p>;01/09/2026
http://pesquisa.in.gov.br/imprensa/jsp/visualiza/index.jsp?data=01/09/2026&jornal=530&pagina=18;AVISO DE LICITAÇÃO;<p>Modalidade: Pregão 139/2027 / Número do processo: 67106.005113/2026-31 / Objeto: Aquisição de ventiladores evaporativos com pedestal, video wall móvel com pedestal para o CINDACTA IV</p><p>Data de início de recebimento de propostas: 01/09/2026, 09:00. Forma de apresentação: Eletrônica</p><p>Data de Abertura: 14/09/2026, 09:00</p><p>Endereço eletrônico do Edital: https://cnetmobile.estaleiro.serpro.gov.br/comprasnet-web/public/compras/acompanhamento-compra?compra=12019505001392027</p><p class="assina">ARIELLY TAVARES DA SILVEIRA</p><p class="cargo">p/ Equipe de apoio</p>;01/09/2026
http://pesquisa.in.gov.br/imprensa/jsp/visualiza/index.jsp?data=01/09/2026&jornal=530&pagina=13;AVISO DE LICITAÇÃO;<p>Objeto: Aquisição de Produtos Químicos - Projeto PQ</p><p>Total de itens licitados: 10</p><p>Edital: 01/09/2026 em horário comercial.</p><p>Endereço: BRAZILIAN AERONAUTICAL COMMISSION - 1701, 22ND STREET NW</p><p>ABERTURA: 22/09/2026</p><p>O edital estará disponível em https://www.fab.mil.br/CABW</p><p class="assina">FABIO FERREIRA SILVA</p><p class="cargo">Ordenador de Despesas</p>;01/09/2026
http://pesquisa.in.gov.br/imprensa/jsp/visualiza/index.jsp?data=01/09/2026&jornal=530&pagina=13;AVISO DE LICITAÇÃO;<p>Objeto: Aquisição de Tintas e Solventes - Projeto TS</p><p>Total de itens licitados: 4</p><p>Edital: 01/09/2026 em horário comercial.</p><p>Endereço: BRAZILIAN AERONAUTICAL COMMISSION - 1701, 22ND STREET NW</p><p>ABERTURA: 22/09/2026</p><p>O edital estará disponível em https://www.fab.mil.br/CABW</p><p class="assina">FABIO FERREIRA SILVA</p><p class="cargo">Ordenador de Despesas</p>;01/09/2026
http://pesquisa.in.gov.br/imprensa/jsp/visualiza/index.jsp?data=01/09/2026&jornal=530&pagina=18;AVISO DE LICITAÇÃO;<p>Modalidade: Pregão 199/2026 / Número do processo: 67613.037417/2026-38 / Objeto: Aquisição de tarjetas, distintivos, flâmulas, bandeiras e insígnias</p><p>Data de início de recebimento de propostas: 01/09/2026, 08:00. Forma de apresentação: Eletrônica</p><p>Data de Abertura: 15/09/2026, 09:00</p><p>Endereço eletrônico do Edital: https://cnetmobile.estaleiro.serpro.gov.br/comprasnet-web/public/compras/acompanhamento-compra?compra=12007205001992026</p><p class="assina">MARIANA BARBOSA VILAS BOAS</p><p class="cargo">p/ Equipe de apoio</p>;01/09/2026
http://pesquisa.in.gov.br/imprensa/jsp/visualiza/index.jsp?data=01/09/2026&jornal=530&pagina=18;AVISO DE LICITAÇÃO;<p>Modalidade: Pregão 97/2026 / Número do processo: 67215.001049/2026-82 / Objeto: Aquisição de Medicamentos, a serem utilizados pelo Hospital de Aeronáutica de Belém e demais organizações apoiadas pelo Grupamento de Apoio de Belém (GAP-BE).</p><p>Data de início de recebimento de propostas: 01/09/2026, 09:00. Forma de apresentação: Eletrônica</p><p>Data de Abertura: 14/09/2026, 09:00</p><p>Endereço eletrônico do Edital: https://cnetmobile.estaleiro.serpro.gov.br/comprasnet-web/public/compras/acompanhamento-compra?compra=12062805000972026</p><p class="assina">RENATA DE SOUZA BARBOSA</p><p class="cargo">p/ Equipe de apoio</p>;01/09/2026
http://pesquisa.in.gov.br/imprensa/jsp/visualiza/index.jsp?data=01/09/2026&jornal=530&pagina=13;AVISO DE LICITAÇÃO;<p>Modalidade: Pregão 268/2026 / Número do processo: 67281.002829/2026-56 / Objeto: Registro de preços para eventual aquisição de material de copa e cozinha e máquinas e equipamentos, a fim de atender as demandas da Seção de Subsistência da Base Aérea de Anápolis.</p><p>Data de início de recebimento de propostas: 01/09/2026, 09:30. Forma de apresentação: Eletrônica</p><p>Data de Abertura: 16/09/2026, 09:30</p><p>Endereço eletrônico do Edital: https://cnetmobile.estaleiro.serpro.gov.br/comprasnet-web/public/compras/acompanhamento-compra?compra=12062405002682026</p><p class="assina">LIGIA MARIA DE ALENCAR OLIVEIRA</p><p class="cargo">Ordenadora de Despesas</p>;01/09/2026
http://pesquisa.in.gov.br/imprensa/jsp/visualiza/index.jsp?data=01/09/2026&jornal=530&pagina=19;EDITAL DE NOTIFICAÇÃO;<p>1. Tendo em vista o interessado encontrar-se em local incerto e não sabido, a União, por intermédio do Grupamento de Apoio de São Paulo, neste ato representada pelo Chefe do GAP-SP, vem NOTIFICAR a Empresa E3F ENGENHARIA E COMÉRCIO LTDA, CNPJ: 53.385.909/0001-71, sobre a aplicação da sanção administrativa de impedimento de licitar e contratar no âmbito da União, pelo prazo de 3 (três) meses, em virtude de deixar de entregar os objetos constantes na Nota de Empenho n° 2025NE003339, conforme disposto no inciso III do Art. 155 combinado com o inciso III do Art. 156, ambos da Lei n° 14.133/21.</p><p>2. Assim, fica a empresa notificada para, querendo, apresentar RECURSO, por escrito e assinado, conforme previsão do Artigo no 166 da Lei no 14.133/2021, no prazo de 15 (quinze) dias úteis, a contar da data do recebimento desta notificação, dirigido a este Ordenador de Despesas, exclusivamente no e-mail arc.gapsp@fab.mil.br, telefone (11) 2224-9936, localizado no endereço, Av. Olavo Fontoura, n° 1300, São Paulo/SP, mesmo local onde se encontram disponíveis os autos para consulta.</p><p class="assina">WAGNER DE ALMEIDA VITORIA Cel Int</p><p class="cargo">Chefe do Grupamento de Apoio de São Paulo</p>;01/09/2026
http://pesquisa.in.gov.br/imprensa/jsp/visualiza/index.jsp?data=01/09/2026&jornal=530&pagina=14;EDITAL DE NOTIFICAÇÃO;<p>O DEPARTAMENTO DE CONTROLE DO ESPAÇO AÉREO (DECEA), no uso da competência que lhe confere o inciso VIII do art. 4° do ROCA 20-7 "Regulamento do DECEA", aprovado pela Portaria n° 1.668/GC3, de 16 de setembro de 2013, considerando o disposto nos artigos 8° e 9° da Lei n° 6.009/73, combinado com o parágrafo 4° do artigo 14, da Lei n° 7.565/86 - Código Brasileiro de Aeronáutica, combinado com o parágrafo único, incisos V e X, do artigo 2°, inciso II do artigo 3°, parágrafo 4° do artigo 26, artigo 28 e o artigo 66 da Lei n° 9.784/99, combinado com o inciso IV do artigo 8° da Lei n° 6.830/80, considerando ainda que a Empresa Brasileira de Correios e Telégrafos - ECT, devolveu a notificação de inadimplência encaminhada para o endereço declarado por parte da Empresa/Proprietário/Explorador ou Operador, no processo administrativo de cobrança de Tarifas de Navegação Aérea, não comprovando assim a entrega ao efetivo destinatário, resolve:</p><p>NOTIFICAR os proprietários, exploradores ou operadores de aeronaves constantes da relação abaixo especificada para que no prazo de 10 (dez) dias, a contar da data da publicação deste EDITAL, efetuem a quitação do débito referente ao não pagamento das Tarifas de Navegação Aérea ou apresentem defesa administrativa, sob pena de aplicação de sanções administrativas, sem prejuízo do possível lançamento em dívida ativa da União, bem como a efetiva execução fiscal</p><p>Caso o valor apontado como inadimplido tenha sido quitado, deverá o proprietário, operador ou explorador da aeronave remeter o respectivo comprovante para efetiva baixa no apontamento.</p><p>Por fim, informa que o endereço eletrônico: https://servicos2.decea.mil.br/sac/index.cfm?a=tarifas está disponível para a solicitação das GRU/Faturas que viabilizarão o pagamento da dívida, bem como para apresentação de defesa administrativa.</p><p>Relação de Proprietários, exploradores ou operadores de aeronaves:</p><p></p><p></p><table><tr><td colspan="1" rowspan="1"><p>PROCESSO Nº</p></td><td colspan="1" rowspan="1"><p>PROPRIETÁRIO/</p><p>OPERADOR</p></td><td colspan="1" rowspan="1"><p>CPF/CNPJ</p></td><td colspan="1" rowspan="1"><p>VALOR PRINCIPAL</p></td></tr><tr><td colspan="1" rowspan="1"><p>S/NUP</p></td><td colspan="1" rowspan="1"><p>ANTONIO PAULO LESSE</p></td><td colspan="1" rowspan="1"><p>XXX.XXX.496-72</p></td><td colspan="1" rowspan="1"><p>R$ 309,83</p></td></tr><tr><td colspan="1" rowspan="1"><p>S/NUP</p></td><td colspan="1" rowspan="1"><p>PRIME SERVICOS INTERNACIONAIS E AERONAUTICOS LTDA</p></td><td colspan="1" rowspan="1"><p>08.874.442/0001-79</p></td><td colspan="1" rowspan="1"><p>R$ 3.190,61</p></td></tr><tr><td colspan="1" rowspan="1"><p>S/NUP</p></td><td colspan="1" rowspan="1"><p>TAP MANUTENCAO E ENGENHARIA BRASIL S.A</p></td><td colspan="1" rowspan="1"><p>04.775.827/0001-28</p></td><td colspan="1" rowspan="1"><p>R$ 188,70</p></td></tr><tr><td colspan="1" rowspan="1"><p>4842/ATAN3RP/2026</p></td><td colspan="1" rowspan="1"><p>FORTIS INVEST SPE LTDA</p></td><td colspan="1" rowspan="1"><p>61.791.155/0001-88</p></td><td colspan="1" rowspan="1"><p>R$ 1.047,36</p></td></tr><tr><td colspan="1" rowspan="1"><p>4843/ATAN3RP/2026</p></td><td colspan="1" rowspan="1"><p>FOURMAQ SOLUCOES EM AGRONEGOCIOS LTDA</p></td><td colspan="1" rowspan="1"><p>30.698.208/0001-97</p></td><td colspan="1" rowspan="1"><p>R$ 1.695,71</p></td></tr><tr><td colspan="1" rowspan="1"><p>4844/ATAN3RP/2026</p></td><td colspan="1" rowspan="1"><p>FRANCISCO DE ASSIS COSTA SERAFIM</p></td><td colspan="1" rowspan="1"><p>XXX.XXX.136-72</p></td><td colspan="1" rowspan="1"><p>R$ 6.372,81</p></td></tr><tr><td colspan="1" rowspan="1"><p>4845/ATAN3RP/2026</p></td><td colspan="1" rowspan="1"><p>FRANCISCO DE PAULA ASSIS RIBEIRO FILHO</p></td><td colspan="1" rowspan="1"><p>XXX.XXX.361-72</p></td><td colspan="1" rowspan="1"><p>R$ 275,30</p></td></tr><tr><td colspan="1" rowspan="1"><p>4846/ATAN3RP/2026</p></td><td colspan="1" rowspan="1"><p>FRANCISCO DONIZETE GONZALEZ</p></td><td colspan="1" rowspan="1"><p>XXX.XXX.468-19</p></td><td colspan="1" rowspan="1"><p>R$ 116,71</p></td></tr><tr><td colspan="1" rowspan="1"><p>4847/ATAN3RP/2026</p></td><td colspan="1" rowspan="1"><p>FRANCISCO ROBERTO REZENDE JUNQUEIRA</p></td><td colspan="1" rowspan="1"><p>XXX.XXX.288-87</p></td><td colspan="1" rowspan="1"><p>R$ 1.104,13</p></td></tr><tr><td colspan="1" rowspan="1"><p>4848/ATAN3RP/2026</p></td><td colspan="1" rowspan="1"><p>FRANCISCO SANTOS SOARES</p></td><td colspan="1" rowspan="1"><p>XXX.XXX.433-72</p></td><td colspan="1" rowspan="1"><p>R$ 382,51</p></td></tr><tr><td colspan="1" rowspan="1"><p>4849/ATAN3RP/2026</p></td><td colspan="1" rowspan="1"><p>TAXI AEREO FORTALEZA LTDA</p></td><td colspan="1" rowspan="1"><p>02.148.827/0001-72</p></td><td colspan="1" rowspan="1"><p>R$ 9.087,12</p></td></tr><tr><td colspan="1" rowspan="1"><p>4850/ATAN3RP/2026</p></td><td colspan="1" rowspan="1"><p>FRANCISCO SERVULO VIEIRA</p></td><td colspan="1" rowspan="1"><p>XXX.XXX.001-78</p></td><td colspan="1" rowspan="1"><p>R$ 385,78</p></td></tr><tr><td colspan="1" rowspan="1"><p>4851/ATAN3RP/2026</p></td><td colspan="1" rowspan="1"><p>FRED MUNIZ</p></td><td colspan="1" rowspan="1"><p>XXX.XXX.189-00</p></td><td colspan="1" rowspan="1"><p>R$ 768,08</p></td></tr><tr><td colspan="1" rowspan="1"><p>4852/ATAN3RP/2026</p></td><td colspan="1" rowspan="1"><p>TAB AVIATION LTDA</p></td><td colspan="1" rowspan="1"><p>03.348.354/0001-10</p></td><td colspan="1" rowspan="1"><p>R$ 1.256,15</p></td></tr><tr><td colspan="1" rowspan="1"><p>4853/ATAN3RP/2026</p></td><td colspan="1" rowspan="1"><p>SUPORTE SERVICOS DE CONSULTORIA E ENGENHARIA CIVIL LTDA</p></td><td colspan="1" rowspan="1"><p>31.519.558/0001-01</p></td><td colspan="1" rowspan="1"><p>R$ 922,31</p></td></tr><tr><td colspan="1" rowspan="1"><p>4854/ATAN3RP/2026</p></td><td colspan="1" rowspan="1"><p>SUPERMERCADO BAHAMAS S/A</p></td><td colspan="1" rowspan="1"><p>17.745.613/0001-50</p></td><td colspan="1" rowspan="1"><p>R$ 571,24</p></td></tr><tr><td colspan="1" rowspan="1"><p>4855/ATAN3RP/2026</p></td><td colspan="1" rowspan="1"><p>SUPERIA TRADING LTDA</p></td><td colspan="1" rowspan="1"><p>05.898.253/0001-48</p></td><td colspan="1" rowspan="1"><p>R$ 171,33</p></td></tr><tr><td colspan="1" rowspan="1"><p>4856/ATAN3RP/2026</p></td><td colspan="1" rowspan="1"><p>SUL AERONAVES COMPARTILHADAS</p></td><td colspan="1" rowspan="1"><p>21.486.256/0001-20</p></td><td colspan="1" rowspan="1"><p>R$ 1.181,68</p></td></tr><tr><td colspan="1" rowspan="1"><p>4857/ATAN3RP/2026</p></td><td colspan="1" rowspan="1"><p>SUELI DE LIMA</p></td><td colspan="1" rowspan="1"><p>XXX.XXX.101-25</p></td><td colspan="1" rowspan="1"><p>R$ 100,28</p></td></tr><tr><td colspan="1" rowspan="1"><p>4858/ATAN3RP/2026</p></td><td colspan="1" rowspan="1"><p>STILUS TAXI AEREO LTDA</p></td><td colspan="1" rowspan="1"><p>05.897.794/0001-51</p></td><td colspan="1" rowspan="1"><p>R$ 5.580,07</p></td></tr><tr><td colspan="1" rowspan="1"><p>4859/ATAN3RP/2026</p></td><td colspan="1" rowspan="1"><p>STEFFANY ARAUJO SOARES</p></td><td colspan="1" rowspan="1"><p>XXX.XXX.731-80</p></td><td colspan="1" rowspan="1"><p>R$ 71,33</p></td></tr><tr><td colspan="1" rowspan="1"><p>4860/ATAN3RP/2026</p></td><td colspan="1" rowspan="1"><p>SRWD ADM.DE BENS PRÓPRIOS LTDA</p></td><td colspan="1" rowspan="1"><p>20.444.074/0001-24</p></td><td colspan="1" rowspan="1"><p>R$ 1.585,17</p></td></tr><tr><td colspan="1" rowspan="1"><p>4861/ATAN3RP/2026</p></td><td colspan="1" rowspan="1"><p>SPV LOCADORA DE VEICULOS E EQUIPAMENTOS LTDA</p></td><td colspan="1" rowspan="1"><p>10.868.769/0001-80</p></td><td colspan="1" rowspan="1"><p>R$ 2.668,36</p></td></tr><tr><td colspan="1" rowspan="1"><p>4862/ATAN3RP/2026</p></td><td colspan="1" rowspan="1"><p>SPRINGER PLASTICOS DA AMAZONIA LTDA</p></td><td colspan="1" rowspan="1"><p>04.350.484/0001-50</p></td><td colspan="1" rowspan="1"><p>R$ 15.722,91</p></td></tr><tr><td colspan="1" rowspan="1"><p>4863/ATAN3RP/2026</p></td><td colspan="1" rowspan="1"><p>SPACE AVIATION LOCADORA LTDA</p></td><td colspan="1" rowspan="1"><p>22.409.081/0001-10</p></td><td colspan="1" rowspan="1"><p>R$ 189,69</p></td></tr><tr><td colspan="1" rowspan="1"><p>4864/ATAN3RP/2026</p></td><td colspan="1" rowspan="1"><p>SOMAVE AGROINDUSTRIAL LTDA</p></td><td colspan="1" rowspan="1"><p>06.353.241/0001-09</p></td><td colspan="1" rowspan="1"><p>R$ 3.129,99</p></td></tr><tr><td colspan="1" rowspan="1"><p>4865/ATAN3RP/2026</p></td><td colspan="1" rowspan="1"><p>FREDERICO BORGES DA COSTA</p></td><td colspan="1" rowspan="1"><p>XXX.XXX.016-20</p></td><td colspan="1" rowspan="1"><p>R$ 820,43</p></td></tr><tr><td colspan="1" rowspan="1"><p>4866/ATAN3RP/2026</p></td><td colspan="1" rowspan="1"><p>SOLLUS CONSTRUTORA E INCORPORADORA LTDA</p></td><td colspan="1" rowspan="1"><p>32.625.625/0001-35</p></td><td colspan="1" rowspan="1"><p>R$ 2.385,36</p></td></tr><tr><td colspan="1" rowspan="1"><p>4867/ATAN3RP/2026</p></td><td colspan="1" rowspan="1"><p>SOLIMOES EMPREENDIMENTOS E PARTICIPACOES LTDA</p></td><td colspan="1" rowspan="1"><p>22.790.730/0001-76</p></td><td colspan="1" rowspan="1"><p>R$ 1.679,51</p></td></tr><tr><td colspan="1" rowspan="1"><p>4868/ATAN3RP/2026</p></td><td colspan="1" rowspan="1"><p>FREDERICO VENDRAMINI NUNES OLIVEIRA</p></td><td colspan="1" rowspan="1"><p>XXX.XXX.206-63</p></td><td colspan="1" rowspan="1"><p>R$ 106,17</p></td></tr><tr><td colspan="1" rowspan="1"><p>4869/ATAN3RP/2026</p></td><td colspan="1" rowspan="1"><p>SOLAR TAXI AEREO LTDA</p></td><td colspan="1" rowspan="1"><p>13.087.728/0001-44</p></td><td colspan="1" rowspan="1"><p>R$ 125.643,08</p></td></tr><tr><td colspan="1" rowspan="1"><p>4870/ATAN3RP/2026</p></td><td colspan="1" rowspan="1"><p>FREDSON ERASMO CARVALHO REGO</p></td><td colspan="1" rowspan="1"><p>XXX.XXX.845-20</p></td><td colspan="1" rowspan="1"><p>R$ 853,29</p></td></tr><tr><td colspan="1" rowspan="1"><p>4871/ATAN3RP/2026</p></td><td colspan="1" rowspan="1"><p>SOCOCO S.A INDUSTRIAS ALIMENTICIAS</p></td><td colspan="1" rowspan="1"><p>12.285.276/0002-23</p></td><td colspan="1" rowspan="1"><p>R$ 8.851,12</p></td></tr><tr><td colspan="1" rowspan="1"><p>4872/ATAN3RP/2026</p></td><td colspan="1" rowspan="1"><p>FRIGORIFICO SERRADAO LTDA</p></td><td colspan="1" rowspan="1"><p>15.619.326/0001-79</p></td><td colspan="1" rowspan="1"><p>R$ 2.657,99</p></td></tr><tr><td colspan="1" rowspan="1"><p>4873/ATAN3RP/2026</p></td><td colspan="1" rowspan="1"><p>SKYLINE AVIAT. INT. CARE &amp\; CHARTER LTDA</p></td><td colspan="1" rowspan="1"><p>37.497.885/0001-96</p></td><td colspan="1" rowspan="1"><p>R$ 7.292,16</p></td></tr><tr><td colspan="1" rowspan="1"><p>4874/ATAN3RP/2026</p></td><td colspan="1" rowspan="1"><p>SKY DREAM ESCOLA DE PILOTAGEM LTDA</p></td><td colspan="1" rowspan="1"><p>09.267.957/0001-73</p></td><td colspan="1" rowspan="1"><p>R$ 1.575,26</p></td></tr><tr><td colspan="1" rowspan="1"><p>4875/ATAN3RP/2026</p></td><td colspan="1" rowspan="1"><p>FT TRANSPORTES E COMERCIO LTDA</p></td><td colspan="1" rowspan="1"><p>62.127.838/0001-06</p></td><td colspan="1" rowspan="1"><p>R$ 581,57</p></td></tr><tr><td colspan="1" rowspan="1"><p>4876/ATAN3RP/2026</p></td><td colspan="1" rowspan="1"><p>SKC SERV AÉREO ESPEC DE L. DE PQD LTDA</p></td><td colspan="1" rowspan="1"><p>36.875.650/0001-28</p></td><td colspan="1" rowspan="1"><p>R$ 2.735,62</p></td></tr><tr><td colspan="1" rowspan="1"><p>4877/ATAN3RP/2026</p></td><td colspan="1" rowspan="1"><p>FTR 12 - EMPREENDIMENTOS E PARTICIPACOES LTDA</p></td><td colspan="1" rowspan="1"><p>57.181.945/0001-74</p></td><td colspan="1" rowspan="1"><p>R$ 2.754,40</p></td></tr><tr><td colspan="1" rowspan="1"><p>4878/ATAN3RP/2026</p></td><td colspan="1" rowspan="1"><p>SIERENTZ AGRO BRASIL LTDA</p></td><td colspan="1" rowspan="1"><p>07.634.590/0001-53</p></td><td colspan="1" rowspan="1"><p>R$ 7.394,31</p></td></tr><tr><td colspan="1" rowspan="1"><p>4879/ATAN3RP/2026</p></td><td colspan="1" rowspan="1"><p>FVA ADMINISTRADORA DE BENS LTDA</p></td><td colspan="1" rowspan="1"><p>54.638.491/0001-20</p></td><td colspan="1" rowspan="1"><p>R$ 13.603,77</p></td></tr><tr><td colspan="1" rowspan="1"><p>4880/ATAN3RP/2026</p></td><td colspan="1" rowspan="1"><p>SIDNEI ELVIS WILLMS</p></td><td colspan="1" rowspan="1"><p>XXX.XXX.275-72</p></td><td colspan="1" rowspan="1"><p>R$ 80,98</p></td></tr><tr><td colspan="1" rowspan="1"><p>4881/ATAN3RP/2026</p></td><td colspan="1" rowspan="1"><p>SHEILA MEGDA</p></td><td colspan="1" rowspan="1"><p>XXX.XXX.981-00</p></td><td colspan="1" rowspan="1"><p>R$ 951,95</p></td></tr><tr><td colspan="1" rowspan="1"><p>4882/ATAN3RP/2026</p></td><td colspan="1" rowspan="1"><p>GABRIEL BUSTOS DE MELLO DORADO</p></td><td colspan="1" rowspan="1"><p>XXX.XXX.252-53</p></td><td colspan="1" rowspan="1"><p>R$ 870,66</p></td></tr><tr><td colspan="1" rowspan="1"><p>4883/ATAN3RP/2026</p></td><td colspan="1" rowspan="1"><p>SEVEN 7 VEÍCULOS EIRELI</p></td><td colspan="1" rowspan="1"><p>38.147.093/0001-54</p></td><td colspan="1" rowspan="1"><p>R$ 1.069,95</p></td></tr><tr><td colspan="1" rowspan="1"><p>4884/ATAN3RP/2026</p></td><td colspan="1" rowspan="1"><p>GAGLIARDI AVIATION LTDA</p></td><td colspan="1" rowspan="1"><p>64.737.788/0001-04</p></td><td colspan="1" rowspan="1"><p>R$ 6.599,22</p></td></tr><tr><td colspan="1" rowspan="1"><p>4885/ATAN3RP/2026</p></td><td colspan="1" rowspan="1"><p>SETE TAXI AEREO LTDA</p></td><td colspan="1" rowspan="1"><p>02.088.938/0001-30</p></td><td colspan="1" rowspan="1"><p>R$ 87.620,70</p></td></tr><tr><td colspan="1" rowspan="1"><p>4886/ATAN3RP/2026</p></td><td colspan="1" rowspan="1"><p>GALE EMPREENDIMENTOS E INCORPORACAO IMOBILIARIA LTDA</p></td><td colspan="1" rowspan="1"><p>00.172.596/0001-07</p></td><td colspan="1" rowspan="1"><p>R$ 588,31</p></td></tr><tr><td colspan="1" rowspan="1"><p>4887/ATAN3RP/2026</p></td><td colspan="1" rowspan="1"><p>SERVOS CONSTRUTORA E INCORPORADORA LTDA</p></td><td colspan="1" rowspan="1"><p>61.722.027/0001-82</p></td><td colspan="1" rowspan="1"><p>R$ 9.668,63</p></td></tr><tr><td colspan="1" rowspan="1"><p>4888/ATAN3RP/2026</p></td><td colspan="1" rowspan="1"><p>GAMBATTO VEICULOS LTDA</p></td><td colspan="1" rowspan="1"><p>76.863.877/0001-78</p></td><td colspan="1" rowspan="1"><p>R$ 205,85</p></td></tr><tr><td colspan="1" rowspan="1"><p>4889/ATAN3RP/2026</p></td><td colspan="1" rowspan="1"><p>SERVEG SERVICOS LTDA</p></td><td colspan="1" rowspan="1"><p>09.063.774/0001-36</p></td><td colspan="1" rowspan="1"><p>R$ 1.792,69</p></td></tr><tr><td colspan="1" rowspan="1"><p>4890/ATAN3RP/2026</p></td><td colspan="1" rowspan="1"><p>SERGIO LUIZ XAVIER SERONNI</p></td><td colspan="1" rowspan="1"><p>XXX.XXX.611-34</p></td><td colspan="1" rowspan="1"><p>R$ 447,28</p></td></tr><tr><td colspan="1" rowspan="1"><p>4891/ATAN3RP/2026</p></td><td colspan="1" rowspan="1"><p>GB PARTICIPACOES LTDA</p></td><td colspan="1" rowspan="1"><p>55.342.441/0001-63</p></td><td colspan="1" rowspan="1"><p>R$ 8.915,52</p></td></tr><tr><td colspan="1" rowspan="1"><p>4892/ATAN3RP/2026</p></td><td colspan="1" rowspan="1"><p>SERGIO LUIZ TURMINA</p></td><td colspan="1" rowspan="1"><p>XXX.XXX.369-72</p></td><td colspan="1" rowspan="1"><p>R$ 383,51</p></td></tr><tr><td colspan="1" rowspan="1"><p>4893/ATAN3RP/2026</p></td><td colspan="1" rowspan="1"><p>GDA AVIACAO LTDA</p></td><td colspan="1" rowspan="1"><p>66.755.811/0001-00</p></td><td colspan="1" rowspan="1"><p>R$ 4.271,16</p></td></tr><tr><td colspan="1" rowspan="1"><p>4894/ATAN3RP/2026</p></td><td colspan="1" rowspan="1"><p>SERGIO GUIMARAES GARCIA</p></td><td colspan="1" rowspan="1"><p>XXX.XXX.238-98</p></td><td colspan="1" rowspan="1"><p>R$ 421,50</p></td></tr><tr><td colspan="1" rowspan="1"><p>4895/ATAN3RP/2026</p></td><td colspan="1" rowspan="1"><p>SERGIO FORTIS</p></td><td colspan="1" rowspan="1"><p>XXX.XXX.649-00</p></td><td colspan="1" rowspan="1"><p>R$ 285,32</p></td></tr><tr><td colspan="1" rowspan="1"><p>4896/ATAN3RP/2026</p></td><td colspan="1" rowspan="1"><p>GDM NEGOCIOS AEREOS LTDA</p></td><td colspan="1" rowspan="1"><p>46.499.882/0001-82</p></td><td colspan="1" rowspan="1"><p>R$ 3.665,88</p></td></tr><tr><td colspan="1" rowspan="1"><p>4897/ATAN3RP/2026</p></td><td colspan="1" rowspan="1"><p>SERGIO DE FILIPPIS</p></td><td colspan="1" rowspan="1"><p>XXX.XXX.306-37</p></td><td colspan="1" rowspan="1"><p>R$ 285,32</p></td></tr><tr><td colspan="1" rowspan="1"><p>4898/ATAN3RP/2026</p></td><td colspan="1" rowspan="1"><p>SERGIO ANTONIO GIL</p></td><td colspan="1" rowspan="1"><p>XXX.XXX.458-72</p></td><td colspan="1" rowspan="1"><p>R$ 393,79</p></td></tr><tr><td colspan="1" rowspan="1"><p>4899/ATAN3RP/2026</p></td><td colspan="1" rowspan="1"><p>GEIDSON DA COSTA PINHEIRO</p></td><td colspan="1" rowspan="1"><p>XXX.XXX.162-19</p></td><td colspan="1" rowspan="1"><p>R$ 693,19</p></td></tr><tr><td colspan="1" rowspan="1"><p>4900/ATAN3RP/2026</p></td><td colspan="1" rowspan="1"><p>GELMAR SIMÃO MUHL</p></td><td colspan="1" rowspan="1"><p>XXX.XXX.790-04</p></td><td colspan="1" rowspan="1"><p>R$ 106,17</p></td></tr><tr><td colspan="1" rowspan="1"><p>4901/ATAN3RP/2026</p></td><td colspan="1" rowspan="1"><p>SEBASTIÃO ESTRELA FILHO</p></td><td colspan="1" rowspan="1"><p>XXX.XXX.703-20</p></td><td colspan="1" rowspan="1"><p>R$ 99,82</p></td></tr><tr><td colspan="1" rowspan="1"><p>4902/ATAN3RP/2026</p></td><td colspan="1" rowspan="1"><p>GEOJA MAPAS DIGITAIS E AEROLEVANT.LT-EPP</p></td><td colspan="1" rowspan="1"><p>04.307.683/0001-85</p></td><td colspan="1" rowspan="1"><p>R$ 782,42</p></td></tr><tr><td colspan="1" rowspan="1"><p>4903/ATAN3RP/2026</p></td><td colspan="1" rowspan="1"><p>SEBASTIÃO DA SILVA FERREIRA</p></td><td colspan="1" rowspan="1"><p>XXX.XXX.309-78</p></td><td colspan="1" rowspan="1"><p>R$ 290,72</p></td></tr><tr><td colspan="1" rowspan="1"><p>4904/ATAN3RP/2026</p></td><td colspan="1" rowspan="1"><p>SEBASTIAO ALVES RIBEIRO FILHO</p></td><td colspan="1" rowspan="1"><p>XXX.XXX.801-34</p></td><td colspan="1" rowspan="1"><p>R$ 688,76</p></td></tr><tr><td colspan="1" rowspan="1"><p>4905/ATAN3RP/2026</p></td><td colspan="1" rowspan="1"><p>GERAJE CONSTRUCAO LTDA</p></td><td colspan="1" rowspan="1"><p>23.503.634/0001-62</p></td><td colspan="1" rowspan="1"><p>R$ 1.012,56</p></td></tr><tr><td colspan="1" rowspan="1"><p>4906/ATAN3RP/2026</p></td><td colspan="1" rowspan="1"><p>SEABILITE SERV DE T. ALTERNATIVA EIRELI</p></td><td colspan="1" rowspan="1"><p>39.763.288/0001-91</p></td><td colspan="1" rowspan="1"><p>R$ 750,01</p></td></tr><tr><td colspan="1" rowspan="1"><p>4907/ATAN3RP/2026</p></td><td colspan="1" rowspan="1"><p>SBSR2 PARTICIPACOES LTDA</p></td><td colspan="1" rowspan="1"><p>60.726.012/0001-20</p></td><td colspan="1" rowspan="1"><p>R$ 3.284,74</p></td></tr><tr><td colspan="1" rowspan="1"><p>4908/ATAN3RP/2026</p></td><td colspan="1" rowspan="1"><p>GERMANO MAURÍCIO WEBBER</p></td><td colspan="1" rowspan="1"><p>XXX.XXX.980-04</p></td><td colspan="1" rowspan="1"><p>R$ 394,28</p></td></tr><tr><td colspan="1" rowspan="1"><p>4909/ATAN3RP/2026</p></td><td colspan="1" rowspan="1"><p>GERSON MARCAL LOPES</p></td><td colspan="1" rowspan="1"><p>XXX.XXX.083-53</p></td><td colspan="1" rowspan="1"><p>R$ 405,67</p></td></tr><tr><td colspan="1" rowspan="1"><p>4910/ATAN3RP/2026</p></td><td colspan="1" rowspan="1"><p>GIONGO OPERACOES LTDA</p></td><td colspan="1" rowspan="1"><p>14.560.539/0001-00</p></td><td colspan="1" rowspan="1"><p>R$ 493,05</p></td></tr><tr><td colspan="1" rowspan="1"><p>4911/ATAN3RP/2026</p></td><td colspan="1" rowspan="1"><p>SAULO ZOLLER</p></td><td colspan="1" rowspan="1"><p>XXX.XXX.269-20</p></td><td colspan="1" rowspan="1"><p>R$ 1.060,97</p></td></tr><tr><td colspan="1" rowspan="1"><p>4912/ATAN3RP/2026</p></td><td colspan="1" rowspan="1"><p>SARKIS MINERACAO LTDA</p></td><td colspan="1" rowspan="1"><p>03.163.210/0004-31</p></td><td colspan="1" rowspan="1"><p>R$ 205,61</p></td></tr><tr><td colspan="1" rowspan="1"><p>4913/ATAN3RP/2026</p></td><td colspan="1" rowspan="1"><p>GIRO PRODUTOS AGRICOLAS LTDA</p></td><td colspan="1" rowspan="1"><p>05.570.587/0001-98</p></td><td colspan="1" rowspan="1"><p>R$ 908,08</p></td></tr><tr><td colspan="1" rowspan="1"><p>4914/ATAN3RP/2026</p></td><td colspan="1" rowspan="1"><p>SARANA PRAIA HOTEL E TURISMO LTDA-EPP</p></td><td colspan="1" rowspan="1"><p>06.287.863/0001-78</p></td><td colspan="1" rowspan="1"><p>R$ 1.593,61</p></td></tr><tr><td colspan="1" rowspan="1"><p>4915/ATAN3RP/2026</p></td><td colspan="1" rowspan="1"><p>SARAIVA &amp\; MAIA LTDA</p></td><td colspan="1" rowspan="1"><p>03.238.864/0001-34</p></td><td colspan="1" rowspan="1"><p>R$ 71,33</p></td></tr><tr><td colspan="1" rowspan="1"><p>4916/ATAN3RP/2026</p></td><td colspan="1" rowspan="1"><p>GLOBO TAXI AEREO LTDA</p></td><td colspan="1" rowspan="1"><p>62.265.732/0001-60</p></td><td colspan="1" rowspan="1"><p>R$ 7.579,02</p></td></tr><tr><td colspan="1" rowspan="1"><p>4917/ATAN3RP/2026</p></td><td colspan="1" rowspan="1"><p>SARAH LEITIS BARBOSA TOMAZI</p></td><td colspan="1" rowspan="1"><p>XXX.XXX.639-01</p></td><td colspan="1" rowspan="1"><p>R$ 213,99</p></td></tr><tr><td colspan="1" rowspan="1"><p>4918/ATAN3RP/2026</p></td><td colspan="1" rowspan="1"><p>SANTAFE CONSORCIOS LTDA</p></td><td colspan="1" rowspan="1"><p>36.444.846/0001-68</p></td><td colspan="1" rowspan="1"><p>R$ 442,96</p></td></tr><tr><td colspan="1" rowspan="1"><p>4919/ATAN3RP/2026</p></td><td colspan="1" rowspan="1"><p>GMAN PARTICIPACOES E AGROPECUARIAS LTDA</p></td><td colspan="1" rowspan="1"><p>52.228.813/0001-37</p></td><td colspan="1" rowspan="1"><p>R$ 24.227,51</p></td></tr><tr><td colspan="1" rowspan="1"><p>4920/ATAN3RP/2026</p></td><td colspan="1" rowspan="1"><p>SANTA MARIA PARTICIPACOES LTDA</p></td><td colspan="1" rowspan="1"><p>09.282.870/0001-75</p></td><td colspan="1" rowspan="1"><p>R$ 2.911,64</p></td></tr><tr><td colspan="1" rowspan="1"><p>4921/ATAN3RP/2026</p></td><td colspan="1" rowspan="1"><p>SANDRO JOSÉ LUIZ COSTA</p></td><td colspan="1" rowspan="1"><p>XXX.XXX.501-63</p></td><td colspan="1" rowspan="1"><p>R$ 926,90</p></td></tr><tr><td colspan="1" rowspan="1"><p>4922/ATAN3RP/2026</p></td><td colspan="1" rowspan="1"><p>SAMVEL LOCADORA DE VEICULOS LTDA</p></td><td colspan="1" rowspan="1"><p>20.350.421/0001-50</p></td><td colspan="1" rowspan="1"><p>R$ 1.039,67</p></td></tr><tr><td colspan="1" rowspan="1"><p>4923/ATAN3RP/2026</p></td><td colspan="1" rowspan="1"><p>GN HOLDING PATRIMONIAL LTDA</p></td><td colspan="1" rowspan="1"><p>53.421.042/0001-62</p></td><td colspan="1" rowspan="1"><p>R$ 2.403,49</p></td></tr><tr><td colspan="1" rowspan="1"><p>4924/ATAN3RP/2026</p></td><td colspan="1" rowspan="1"><p>SAMUEL MARTINS COSTA</p></td><td colspan="1" rowspan="1"><p>XXX.XXX.683-20</p></td><td colspan="1" rowspan="1"><p>R$ 102,03</p></td></tr><tr><td colspan="1" rowspan="1"><p>4925/ATAN3RP/2026</p></td><td colspan="1" rowspan="1"><p>SALES TAXI AEREO LTDA</p></td><td colspan="1" rowspan="1"><p>12.264.284/0001-02</p></td><td colspan="1" rowspan="1"><p>R$ 11.602,69</p></td></tr><tr><td colspan="1" rowspan="1"><p>4926/ATAN3RP/2026</p></td><td colspan="1" rowspan="1"><p>GNR EMPREENDIMENTOS LTDA</p></td><td colspan="1" rowspan="1"><p>66.293.767/0001-64</p></td><td colspan="1" rowspan="1"><p>R$ 864,31</p></td></tr><tr><td colspan="1" rowspan="1"><p>4927/ATAN3RP/2026</p></td><td colspan="1" rowspan="1"><p>S.P.C. SERVICOS ADMINISTRATIVOS LTDA</p></td><td colspan="1" rowspan="1"><p>42.135.289/0001-04</p></td><td colspan="1" rowspan="1"><p>R$ 741,04</p></td></tr><tr><td colspan="1" rowspan="1"><p>4928/ATAN3RP/2026</p></td><td colspan="1" rowspan="1"><p>S&amp\;M ADMINISTRACAO DE AERONAVES LTDA.</p></td><td colspan="1" rowspan="1"><p>18.407.442/0001-12</p></td><td colspan="1" rowspan="1"><p>R$ 4.248,48</p></td></tr><tr><td colspan="1" rowspan="1"><p>4929/ATAN3RP/2026</p></td><td colspan="1" rowspan="1"><p>GOIAS CONTAINERS E GUINDASTES LOCACOES LTDA</p></td><td colspan="1" rowspan="1"><p>13.601.813/0001-89</p></td><td colspan="1" rowspan="1"><p>R$ 648,61</p></td></tr><tr><td colspan="1" rowspan="1"><p>4930/ATAN3RP/2026</p></td><td colspan="1" rowspan="1"><p>S S A FERREIRA AUTO POSTO</p></td><td colspan="1" rowspan="1"><p>40.187.533/0001-49</p></td><td colspan="1" rowspan="1"><p>R$ 3.459,91</p></td></tr><tr><td colspan="1" rowspan="1"><p>4931/ATAN3RP/2026</p></td><td colspan="1" rowspan="1"><p>RVL DANTAS &amp\; CIA LTDA</p></td><td colspan="1" rowspan="1"><p>25.196.030/0001-46</p></td><td colspan="1" rowspan="1"><p>R$ 774,95</p></td></tr><tr><td colspan="1" rowspan="1"><p>4932/ATAN3RP/2026</p></td><td colspan="1" rowspan="1"><p>RVJ ADMINISTRACAO E PARTICIPACAO LTDA</p></td><td colspan="1" rowspan="1"><p>59.750.230/0001-10</p></td><td colspan="1" rowspan="1"><p>R$ 1.508,43</p></td></tr><tr><td colspan="1" rowspan="1"><p>4933/ATAN3RP/2026</p></td><td colspan="1" rowspan="1"><p>RUBENS GIMENES FILHO</p></td><td colspan="1" rowspan="1"><p>XXX.XXX.398-68</p></td><td colspan="1" rowspan="1"><p>R$ 156,38</p></td></tr><tr><td colspan="1" rowspan="1"><p>4934/ATAN3RP/2026</p></td><td colspan="1" rowspan="1"><p>GOLF CONSTRUCOES LOCACOES E SERVICOS LTDA</p></td><td colspan="1" rowspan="1"><p>17.588.045/0001-21</p></td><td colspan="1" rowspan="1"><p>R$ 3.233,64</p></td></tr><tr><td colspan="1" rowspan="1"><p>4935/ATAN3RP/2026</p></td><td colspan="1" rowspan="1"><p>ROVILSON ALVES CORREA</p></td><td colspan="1" rowspan="1"><p>XXX.XXX.491-87</p></td><td colspan="1" rowspan="1"><p>R$ 407,87</p></td></tr><tr><td colspan="1" rowspan="1"><p>4936/ATAN3RP/2026</p></td><td colspan="1" rowspan="1"><p>ROSIANI IPOLITA LEÃO</p></td><td colspan="1" rowspan="1"><p>XXX.XXX.856-91</p></td><td colspan="1" rowspan="1"><p>R$ 294,97</p></td></tr><tr><td colspan="1" rowspan="1"><p>4937/ATAN3RP/2026</p></td><td colspan="1" rowspan="1"><p>GRANDTEC MAQUINAS AGRICOLAS LTDA</p></td><td colspan="1" rowspan="1"><p>15.727.764/0001-50</p></td><td colspan="1" rowspan="1"><p>R$ 709,21</p></td></tr><tr><td colspan="1" rowspan="1"><p>4938/ATAN3RP/2026</p></td><td colspan="1" rowspan="1"><p>RONNEY JOSE BARBOSA SAMPAIO</p></td><td colspan="1" rowspan="1"><p>XXX.XXX.611-68</p></td><td colspan="1" rowspan="1"><p>R$ 56,46</p></td></tr><tr><td colspan="1" rowspan="1"><p>4939/ATAN3RP/2026</p></td><td colspan="1" rowspan="1"><p>RONILSON RODRIGUES LOPES</p></td><td colspan="1" rowspan="1"><p>37.374.960/0001-21</p></td><td colspan="1" rowspan="1"><p>R$ 95,84</p></td></tr><tr><td colspan="1" rowspan="1"><p>4940/ATAN3RP/2026</p></td><td colspan="1" rowspan="1"><p>GRAZIELLE APARECIDA MUSSA DE FREITAS</p></td><td colspan="1" rowspan="1"><p>XXX.XXX.498-12</p></td><td colspan="1" rowspan="1"><p>R$ 106,37</p></td></tr><tr><td colspan="1" rowspan="1"><p>4941/ATAN3RP/2026</p></td><td colspan="1" rowspan="1"><p>RONIE JACIR THOMAZI</p></td><td colspan="1" rowspan="1"><p>XXX.XXX.841-53</p></td><td colspan="1" rowspan="1"><p>R$ 1.163,33</p></td></tr><tr><td colspan="1" rowspan="1"><p>4942/ATAN3RP/2026</p></td><td colspan="1" rowspan="1"><p>GS ALFA ADMINISTRACAO SERVICOS LTDA</p></td><td colspan="1" rowspan="1"><p>57.396.136/0001-80</p></td><td colspan="1" rowspan="1"><p>R$ 2.376,42</p></td></tr><tr><td colspan="1" rowspan="1"><p>4943/ATAN3RP/2026</p></td><td colspan="1" rowspan="1"><p>GUARA AERONAVES COMPARTILHADAS</p></td><td colspan="1" rowspan="1"><p>26.300.453/0001-27</p></td><td colspan="1" rowspan="1"><p>R$ 1.066,50</p></td></tr><tr><td colspan="1" rowspan="1"><p>4944/ATAN3RP/2026</p></td><td colspan="1" rowspan="1"><p>GUARA AGROPECUARIA LTDA</p></td><td colspan="1" rowspan="1"><p>11.178.377/0001-51</p></td><td colspan="1" rowspan="1"><p>R$ 1.235,72</p></td></tr><tr><td colspan="1" rowspan="1"><p>4945/ATAN3RP/2026</p></td><td colspan="1" rowspan="1"><p>ROMALU TUR EIRELI</p></td><td colspan="1" rowspan="1"><p>41.837.480/0001-27</p></td><td colspan="1" rowspan="1"><p>R$ 3.070,02</p></td></tr><tr><td colspan="1" rowspan="1"><p>4946/ATAN3RP/2026</p></td><td colspan="1" rowspan="1"><p>GUILHERME BORGES DE FREITAS</p></td><td colspan="1" rowspan="1"><p>XXX.XXX.871-20</p></td><td colspan="1" rowspan="1"><p>R$ 384,49</p></td></tr><tr><td colspan="1" rowspan="1"><p>4947/ATAN3RP/2026</p></td><td colspan="1" rowspan="1"><p>ROGERIO ALBINO DE SOUSA</p></td><td colspan="1" rowspan="1"><p>XXX.XXX.383-91</p></td><td colspan="1" rowspan="1"><p>R$ 403,72</p></td></tr><tr><td colspan="1" rowspan="1"><p>4948/ATAN3RP/2026</p></td><td colspan="1" rowspan="1"><p>ROGER GAMA VELOSO</p></td><td colspan="1" rowspan="1"><p>XXX.XXX.996-20</p></td><td colspan="1" rowspan="1"><p>R$ 1.100,36</p></td></tr><tr><td colspan="1" rowspan="1"><p>4949/ATAN3RP/2026</p></td><td colspan="1" rowspan="1"><p>GUILHERME RODRIGUES MACHADO</p></td><td colspan="1" rowspan="1"><p>XXX.XXX.667-56</p></td><td colspan="1" rowspan="1"><p>R$ 838,65</p></td></tr><tr><td colspan="1" rowspan="1"><p>4950/ATAN3RP/2026</p></td><td colspan="1" rowspan="1"><p>RODRIGO SILVEIRA GALVAO VIEIRA</p></td><td colspan="1" rowspan="1"><p>XXX.XXX.021-28</p></td><td colspan="1" rowspan="1"><p>R$ 356,65</p></td></tr><tr><td colspan="1" rowspan="1"><p>4951/ATAN3RP/2026</p></td><td colspan="1" rowspan="1"><p>RODRIGO RIHAN BERNARDI</p></td><td colspan="1" rowspan="1"><p>XXX.XXX.600-49</p></td><td colspan="1" rowspan="1"><p>R$ 504,39</p></td></tr><tr><td colspan="1" rowspan="1"><p>4952/ATAN3RP/2026</p></td><td colspan="1" rowspan="1"><p>GUILLERMO MARTIN MAIZTEGUI</p></td><td colspan="1" rowspan="1"><p>XXX.XXX.978-05</p></td><td colspan="1" rowspan="1"><p>R$ 727,89</p></td></tr><tr><td colspan="1" rowspan="1"><p>4953/ATAN3RP/2026</p></td><td colspan="1" rowspan="1"><p>GUSTAVO CORRENTE TEIXEIRA</p></td><td colspan="1" rowspan="1"><p>XXX.XXX.402-25</p></td><td colspan="1" rowspan="1"><p>R$ 2.686,76</p></td></tr><tr><td colspan="1" rowspan="1"><p>4954/ATAN3RP/2026</p></td><td colspan="1" rowspan="1"><p>RODRIGO RICARDO CENI</p></td><td colspan="1" rowspan="1"><p>XXX.XXX.681-00</p></td><td colspan="1" rowspan="1"><p>R$ 976,31</p></td></tr><tr><td colspan="1" rowspan="1"><p>4955/ATAN3RP/2026</p></td><td colspan="1" rowspan="1"><p>GUSTAVO PENNACHIN LUNARDELLI</p></td><td colspan="1" rowspan="1"><p>XXX.XXX.138-12</p></td><td colspan="1" rowspan="1"><p>R$ 1.122,17</p></td></tr><tr><td colspan="1" rowspan="1"><p>4956/ATAN3RP/2026</p></td><td colspan="1" rowspan="1"><p>RODRIGO MULLER CADORIN</p></td><td colspan="1" rowspan="1"><p>XXX.XXX.960-49</p></td><td colspan="1" rowspan="1"><p>R$ 350,56</p></td></tr><tr><td colspan="1" rowspan="1"><p>4957/ATAN3RP/2026</p></td><td colspan="1" rowspan="1"><p>HACO PARCERIA AERONÁUTICA LTDA</p></td><td colspan="1" rowspan="1"><p>43.180.525/0001-69</p></td><td colspan="1" rowspan="1"><p>R$ 4.776,86</p></td></tr><tr><td colspan="1" rowspan="1"><p>4958/ATAN3RP/2026</p></td><td colspan="1" rowspan="1"><p>RODRIGO DE JESUS BUFFON</p></td><td colspan="1" rowspan="1"><p>XXX.XXX.469-81</p></td><td colspan="1" rowspan="1"><p>R$ 1.656,07</p></td></tr><tr><td colspan="1" rowspan="1"><p>4959/ATAN3RP/2026</p></td><td colspan="1" rowspan="1"><p>ROCHESA S/A TINTAS E VERNIZES</p></td><td colspan="1" rowspan="1"><p>74.068.552/0001-78</p></td><td colspan="1" rowspan="1"><p>R$ 12.215,42</p></td></tr><tr><td colspan="1" rowspan="1"><p>4960/ATAN3RP/2026</p></td><td colspan="1" rowspan="1"><p>HAMAR RJ ADMINISTRACAO LTDA</p></td><td colspan="1" rowspan="1"><p>51.162.602/0001-86</p></td><td colspan="1" rowspan="1"><p>R$ 8.573,05</p></td></tr><tr><td colspan="1" rowspan="1"><p>4961/ATAN3RP/2026</p></td><td colspan="1" rowspan="1"><p>ROÇA AGRONEGÓCIO LTDA</p></td><td colspan="1" rowspan="1"><p>24.912.683/0001-11</p></td><td colspan="1" rowspan="1"><p>R$ 25.522,91</p></td></tr><tr><td colspan="1" rowspan="1"><p>4962/ATAN3RP/2026</p></td><td colspan="1" rowspan="1"><p>HAMILTON LOPES DA CONCEICAO</p></td><td colspan="1" rowspan="1"><p>XXX.XXX.841-72</p></td><td colspan="1" rowspan="1"><p>R$ 336,84</p></td></tr><tr><td colspan="1" rowspan="1"><p>4963/ATAN3RP/2026</p></td><td colspan="1" rowspan="1"><p>ROBERTO HELCER</p></td><td colspan="1" rowspan="1"><p>XXX.XXX.868-00</p></td><td colspan="1" rowspan="1"><p>R$ 124,31</p></td></tr><tr><td colspan="1" rowspan="1"><p>4964/ATAN3RP/2026</p></td><td colspan="1" rowspan="1"><p>HANGAR 1 PACOTES TURISTICOS LTDA</p></td><td colspan="1" rowspan="1"><p>29.163.981/0001-70</p></td><td colspan="1" rowspan="1"><p>R$ 3.050,11</p></td></tr></table>;01/09/2026
http://pesquisa.in.gov.br/imprensa/jsp/visualiza/index.jsp?data=01/09/2026&jornal=530&pagina=18;EDITAL DE NOTIFICAÇÃO;<p>NOTIFICAÇÃO DE SANÇÃO</p><p>A União, por intermédio do Grupamento de Apoio de Brasília, neste ato representado por este Ordenador de Despesas, vem NOTIFICAR a empresa OLIVER SERVICES LTDA (inscrita no CNPJ n° 32.289.788/0001-94), após a tentativa de notificá-la por Aviso de Recebimento (AR), acerca da aplicação de Sanção Administrativa decorrente do descumprimento de obrigações contratuais essenciais relativas às Notas de Empenho nº 2025NE002253 e nº 2025NE002267, não tendo apresentado nos autos elementos formais, específicos e documentalmente comprovados capazes de caracterizar caso fortuito, força maior ou qualquer outra causa excludente de responsabilidade quanto ao descumprimento do item 7.1, alínea "c", do Termo de Referência nº 374/2025, c/c o art. 155, inciso III, da Lei nº 14.133/2021, a qual ensejou a aplicação de Multa Compensatória por inexecução total do objeto, no percentual de 10% do valor da contratação, perfazendo o montante de R$ 7.668,00 (sete mil e seiscentos e sessenta e oito reais), nos termos do art. 156, inciso II, c/c art. 162 da Lei nº 14.133/2021 e do item 7.2.4.4 do Termo de Referência nº 374/2025 e do art. 15, § 5º da PORTARIA GABAER Nº623/GC4, de 20 de novembro de 2023\; e Impedimento de Licitar e Contratar pelo prazo de 1 (um) ano, nos termos dos arts. 156, inciso III, e 158 da Lei nº 14.133/2021, c/c o art. 20, inciso V, alínea "b", da Portaria GABAER nº 623/GC4/2023.</p><p>Nesse sentido, fica a empresa notificada, podendo apresentar RECURSO, por escrito e assinado pelo responsável ou procurador/representante legal (anexar procuração no ato de resposta, se for o caso), conforme previsão do art. 166 da Lei nº 14.133/2021, no prazo de 15 (quinze) dias úteis, a contar da data da publicação desta notificação.</p><p class="data">Brasília, 31 de Junho de 2026.</p><p class="assina">ADRIANO MAIA RIBEIRO DE AZEVEDO Cel Int</p><p class="cargo">Chefe do Grupamento de Apoio de Brasília</p>;01/09/2026
http://pesquisa.in.gov.br/imprensa/jsp/visualiza/index.jsp?data=01/09/2026&jornal=530&pagina=14;EDITAL DE NOTIFICAÇÃO;<p>PREGÃO ELETRÔNICO Nº 90035/2025</p><p>Tendo em vista terem sido frustradas as tentativas de intimação por via postal e correio eletrônico, informamos que à empresa MATHIAS &amp\; CAMARGO COMÉRCIO DE PRODUTOS DE LIMPEZA LTDA, CNPJ n. 40.391.031/0001-35 foi imposta sanção administrativa de impedimento de licitar e contratar pelo prazo de 30 (trinta) dias no Processo Administrativo de Apuração de Irregularidade (PAAI), E-PAG nº 67510.020957/2025-50, em virtude de ter descumprido obrigação assumida no Pregão Eletrônico nº 90035/2025, Nota de Empenho n. 2025NE000824 com base no Artigo 156, III e §4º da Lei n. 14.133/2021 e Portaria GABAER nº 623/GC4 de 20 de novembro de 2023. Assim, fica a Empresa notificada para apresentar RECURSO, por escrito e assinada, no prazo máximo de 15 (quinze) dias úteis, a contar da publicação desta notificação, dirigida ao Ordenador de Despesas Delegado desta UG pelo e-mail protocolo.afa@fab.mil.br ou no endereço Estrada de Aguai, s/n - Jardim Godoy - Pirassununga/SP, CEP 13631-750.</p><p class="data">Pirassununga, 31 de agosto de 2026.</p><p class="assina">WELLINGTON MARCELO FERNANDES Cel Int</p><p class="cargo">Ordenador de Despesas</p>;01/09/2026
http://pesquisa.in.gov.br/imprensa/jsp/visualiza/index.jsp?data=01/09/2026&jornal=530&pagina=13;EXTRATO DE CONTRATO Nº 12/2026 - UASG 120641;<p>Nº Processo: 67293.001119/2026-70.</p><p>Pregão Nº 90013/2026. Contratante: BASE AEREA DE PORTO VELHO.</p><p>Contratado: 13.383.651/0001-50 - ODONTONEWS ASSISTENCIA TECNICA DE EQUIPAMENTOS LTDA. Objeto: O objeto do presente instrumento é a contratação de empresa especializada para prestação de serviços técnicos de manutenção preventiva e corretiva nos equipamentos odontológicos no grupamento de saúde da base aérea de porto velho com fornecimento de peças, componentes e/ou acessórios..</p><p>Fundamento Legal: LEI 14.133/2021 - Artigo: 28 - Inciso: I. Vigência: 31/08/2026 a 31/08/2027. Valor Total: R$ 69.000,00. Data de Assinatura: 31/08/2026.</p><p>(COMPRASNET 4.0 - 31/08/2026).</p>;01/09/2026
http://pesquisa.in.gov.br/imprensa/jsp/visualiza/index.jsp?data=01/09/2026&jornal=530&pagina=13;EXTRATO DE CONTRATO Nº 17/2026 - UASG 120071;<p>Nº Processo: 67101.002186/2025-31.</p><p>Pregão Nº 90006/2026. Contratante: GRUPO DE TRANSPORTE ESPECIAL.</p><p>Contratado: 09.296.295/0148-96 - AZUL LINHAS AÉREAS BRASILEIRAS S.A.. Objeto: Contratação de treinamento completo, sob demanda, para pilotos, teórico e prático, para a aeronave Airbus A319/320.</p><p>Fundamento Legal: LEI 14.133/2021 - Artigo: 28 - Inciso: I. Vigência: 25/08/2026 a 25/08/2029. Valor Total: R$ 2.979.451,86. Data de Assinatura: 25/08/2026.</p><p>(COMPRASNET 4.0 - 31/08/2026).</p>;01/09/2026
http://pesquisa.in.gov.br/imprensa/jsp/visualiza/index.jsp?data=01/09/2026&jornal=530&pagina=13;EXTRATO DE CONTRATO Nº 20/2026 - UASG 120071;<p>Nº Processo: 67101.001304/2025-93.</p><p>Pregão Nº 90037/2025. Contratante: CENTRO DE COMPUTAÇÃO DA AERONAUTICA DE BRASÍLIA.</p><p>Contratado: 24.049.760/0001-51 - DIAZERO CONSULTORIA EM SEGURANÇA ONLINE LTDA. Objeto: Contratação de licenciamento de solução de gerenciamento de informações e eventos de segurança (Security information and event management - SIEM), implantação e treinamento.</p><p>Fundamento Legal: LEI 14.133/2021 - Artigo: 28 - Inciso: I. Vigência: 18/08/2026 a 18/09/2029. Valor Total: R$ 6.455.000,00. Data de Assinatura: 18/08/2026.</p><p>(COMPRASNET 4.0 - 31/08/2026).</p>;01/09/2026
http://pesquisa.in.gov.br/imprensa/jsp/visualiza/index.jsp?data=01/09/2026&jornal=530&pagina=19;EXTRATO DE CONTRATO Nº 20/2026 - UASG 120636;<p>Nº Processo: 67532.002409/2026-71.</p><p>Pregão Nº 90034/2026. Contratante: GRUPAMENTO DE APOIO DE LAGOA SANTA.</p><p>Contratado: 18.765.951/0001-17 - CCA AUTOMACAO PREDIAL LTDA. Objeto: Serviço de reforma e reestruturação da rede</p><p>elétrica do ramal de distribuição trifásica de</p><p>média tensão entre as subestações de entrada</p><p>sub 8 e as de distribuição 1+2 e a subestação 3</p><p>e a 4 com distribuição subterrânea do circuito a</p><p>ser realizada com retirada e implantação de</p><p>novos cabos de cobre bitolas 120mm e 95mm</p><p>com isolação para média tensão, fornecimento</p><p>e instalação de terminações e</p><p>comissionamento de toda rede a ser realizada</p><p>pela contratada. E instalação e</p><p>comissionamento de gerador de energia</p><p>silenciado de no mínimo 122,1 kva de</p><p>potência, trifásico 220/380v, base metálica,</p><p>tanque de combustível 240l, com instalação de</p><p>sistema ats (sistema de transferência</p><p>automática), fornecimento de cabos de cobre</p><p>bitola mínima de 70mm2 e demais itens de</p><p>segurança e operação..</p><p>Fundamento Legal: LEI 14.133/2021. Vigência: 23/07/2026 a 23/07/2027. Valor Total: R$ 1.159.999,98. Data de Assinatura: 23/07/2026.</p><p>(COMPRASNET 4.0 - 23/07/2026).</p>;01/09/2026
http://pesquisa.in.gov.br/imprensa/jsp/visualiza/index.jsp?data=01/09/2026&jornal=530&pagina=19;EXTRATO DE CONTRATO Nº 21/2026 - UASG 120629;<p>Nº Processo: 67278.002029/2026-94.</p><p>CONCORRENCIA Nº 01/2026. Contratante: GRUPAMENTO DE APOIO DE CANOAS.</p><p>Contratado: 12.386.984/0001-70 - BRANCHI EVENTOS LTDA.O objeto do presente instrumento é a contratação de serviços comuns de Permissão de Uso, a título Oneroso, de Bens Imóveis de Domínio da União, de um lote único de espaço, composto por frações que totalizam uma área de 4.676m² (quatro mil, seiscentos e setenta e seis) sob a responsabilidade da BASE AÉREA DE CANOAS (BACO), localizada na Av. Augusto Severo, 1700 - Nossa Senhora das Graças - Canoas/RS, conforme exposto no relatório técnico de avaliação Nº 10/SERINFRA-CO/2026, destinado à exploração comercial por empresa especializada em planejamento, organização, promoção e execução de eventos, para atender às necessidades da BACO durante a realização do evento "EXPOER 2026". Vigência: 06/08/2026 a 06/11/2026. Valor Total: R$7.010,00. Data de Assinatura:06/08/2026.</p><p>(COMPRASNET 4.0 - 31/08/2026).</p>;01/09/2026
http://pesquisa.in.gov.br/imprensa/jsp/visualiza/index.jsp?data=01/09/2026&jornal=530&pagina=14;EXTRATO DE CONTRATO Nº 28/2026 - UASG 120016;<p>Nº Processo: 67720.002303/2026-50.</p><p>Pregão Nº 90015/2026. Contratante: GRUPAMENTO DE APOIO DE S J CAMPOS.</p><p>Contratado: 17.167.412/0001-13 - FINANCEIRA ALFA S.A. SOCIEDADE DE CREDITO, FINANCIAMENTO E INVESTIMENTO. Objeto: Cessão onerosa de uso de imóvel da união, de um imóvel de 29,54 metros quadrados, instalado em terreno de mesma dimensão para efeito de cálculo, situado na loja 03 do prédio conhecido como Minishopping, na galeria de lojas próxima ao PRVF, localizada no plano diretor sob o nº 302, edificação registrada sob o cadastro patrimonial número sp. 033-67720-e-128, para</p><p>exploração comercial de serviços financeiros, nas dependências do campus do DCTA, em são José dos campos, estado de São Paulo, sob responsabilidade do comando da</p><p>aeronáutica através do grupamento de apoio de são José dos campos.</p><p>Fundamento Legal: LEI 14.133/2021. Vigência: 24/08/2026 a 24/08/2031. Valor Total: R$ 77,392,80. Data de Assinatura: 24/08/2026.</p><p>(COMPRASNET 4.0 - 31/08/2026).</p>;01/09/2026
http://pesquisa.in.gov.br/imprensa/jsp/visualiza/index.jsp?data=01/09/2026&jornal=530&pagina=14;EXTRATO DE CONTRATO Nº 30/BAFZ/2026 - UASG 120014;<p>Nº Processo: 67221.010183/2026-95.</p><p>Pregão Nº 90001/2026. Contratante: BASE AÉREA DE FORTALEZA.</p><p>Contratado: 19.205.451/0001-93 - VERTICAL TERCEIRIZAÇÃO DE SERVIÇOS LTDA. Objeto: contratação de serviços terceirizados de limpeza, asseio e conservação, com dedicação exclusiva de mão de obra, fornecimento de uniformes, equipamentos e materiais domissanitários para o Instituto de Aeronáutica de Fortaleza (ITA-FZ), a serem executados com regime de dedicação exclusiva de mão de obra, nas condições estabelecidas no Termo de Referência.</p><p>Fundamento Legal: Lei nº 14.133/2021. Vigência: 01/09/2026 a 01/09/2027. Valor Total: R$ 453.474,54. Data de Assinatura: 31/08/2026.</p><p>(COMPRASNET 4.0 - 31/08/2026).</p>;01/09/2026
http://pesquisa.in.gov.br/imprensa/jsp/visualiza/index.jsp?data=01/09/2026&jornal=530&pagina=20;EXTRATO DE CONTRATO Nº 41/2026 - UASG 120632;<p>Nº Processo: 67437.000681/2026-02.</p><p>Pregão Nº 90028/2026. Contratante: HOSPITAL DE AERONÁUTICA DE RECIFE. Contratado: 06.069.729/0001-09 - MEDICA COMERCIO REPRESENTAÇÃO E IMPORTAÇÃO LTDA. Objeto: Aquisição de reagentes bioquímicos e hematológicos para realização de exames laboratoriais, com o fornecimento através de comodato dos equipamentos necessários à realização dos respectivos exames, reagentes /testes, insumos, acessórios, instalação dos equipamentos, treinamento operacional, manutenção preventiva e manutenção corretiva, para suprir a necessidade do laboratório do hospital de aeronáutica de recife (HARF). Fundamento Legal: LEI 14.133/2021. Vigência: 25/08/2026 a 24/08/2027. Valor Total: R$ 555.291,00. Data de Assinatura: 25/08/2026.</p><p>(COMPRASNET 4.0 - 31/08/2026).</p>;01/09/2026
http://pesquisa.in.gov.br/imprensa/jsp/visualiza/index.jsp?data=01/09/2026&jornal=530&pagina=19;EXTRATO DE CONTRATO Nº 76/GAPDF-HFAB/2026 - UASG 120625;<p>Nº Processo: 67440.004813/2026-16. Inexigibilidade Nº 146/2026. Contratante: GRUPAMENTO DE APOIO DO DISTRITO FEDERAL. Contratado: 41.382.513/0001-91 - CLINICA VITALLIS NEUROFUNCIONAL LTDA. Objeto: Prestação de serviço de reabilitação. Fundamento Legal: LEI 14.133/2021 - Artigo: 74 - Inciso: IV. Vigência: 26/08/2026 a 26/08/2031. Valor Total do Contrato: R$ 2.000.000,00. Data de Assinatura: 26/08/2026.</p><p>(COMPRASNET 4.0 - 31/08/2026).</p>;01/09/2026
http://pesquisa.in.gov.br/imprensa/jsp/visualiza/index.jsp?data=01/09/2026&jornal=530&pagina=19;EXTRATO DE CONTRATO Nº 83/GAPDF-HFAB/2026 - UASG 120625;<p>Nº Processo: 67440.004825/2026-32. Inexigibilidade Nº 171/2026. Contratante: GRUPAMENTO DE APOIO DO DISTRITO FEDERAL. Contratado: 13.649.407/0001-96 - CLINICA DOMICILIAR SANTA CAMILA LTDA. Objeto: Reabilitação com atendimentos ambulatoriais e domiciliares nas áreas de fisioterapia, fonoaudiologia, terapia ocupacional, nutrição, psicologia e biofeedback. Fundamento Legal: LEI 14.133/2021 - Artigo: 74 - Inciso: IV. Vigência: 31/08/2026 a 31/08/2031. Valor Total do Contrato: R$ 2.000.000,00. Data de Assinatura: 31/08/2026.</p><p>(COMPRASNET 4.0 - 31/08/2026).</p>;01/09/2026
http://pesquisa.in.gov.br/imprensa/jsp/visualiza/index.jsp?data=01/09/2026&jornal=530&pagina=19;EXTRATO DE TERMO ADITIVO Nº 1/2026 - UASG 120629;<p>Número do Contrato: 25/2024.</p><p>Nº Processo: 67278.004903/2024-66.</p><p>Pregão. Nº 90046/2024. Contratante: GRUPAMENTO DE APOIO DE CANOAS. Contratado: 07.796.330/0001-84 - INTERSUL EQUIPAMENTOS E SERVICOS HOSPITALARES LTDA. Objeto: O presente termo aditivo tem por objeto a prorrogação do prazo de vigência do contrato por mais 12 meses, podendo ser prorrogado sucessivamente, respeitada a vigência máxima decenal, na forma do artigo 107 da lei nº 14.133, de 2021\; e reajustar o contrato, conforme tabela constante na segunda cláusula desse termo aditivo. Vigência: 06/09/2026 a 05/09/2028. Valor Total Atualizado do Contrato: R$88.640,70. Data de Assinatura: 11/08/2026.</p><p>(COMPRASNET 4.0 - 31/08/2026).</p>;01/09/2026
http://pesquisa.in.gov.br/imprensa/jsp/visualiza/index.jsp?data=01/09/2026&jornal=530&pagina=12;EXTRATO DE TERMO ADITIVO Nº 1/2026 - UASG 120631;<p>Número do Contrato: 3/2024.</p><p>Nº Processo: 67222.005544/2024-18.</p><p>Pregão. Nº 90086/2024. Contratante: BASE AEREA DE NATAL. Contratado: 09.658.650/0001-01 - CRISTIANE S SOARES. Objeto: Prorrogação do prazo de vigência contratual por mais 36 (trinta e seis) meses. Vigência: 29/08/2026 a 29/08/2029. Valor Total Atualizado do Contrato: R$ 40.726,08. Data de Assinatura: 28/08/2026.</p><p>(COMPRASNET 4.0 - 28/08/2026).</p>;01/09/2026
http://pesquisa.in.gov.br/imprensa/jsp/visualiza/index.jsp?data=01/09/2026&jornal=530&pagina=19;EXTRATO DE TERMO ADITIVO Nº 1/2026 - UASG 120645;<p>Número do Contrato: 97/2025.</p><p>Nº Processo: 67107.002326/2025-11.</p><p>Pregão. Nº 90037/2025. Contratante: GRUPAMENTO DE APOIO DO GALEAO. Contratado: 02.558.157/0001-62 - TELEFONICA BRASIL S.A.. Objeto: O presente termo aditivo tem por objeto a prorrogação do prazo de vigência do contrato</p><p>097/gapgl-cgabeg/2025, de 06 de setembro de 2025, por mais 12 meses, a partir de</p><p>06/09/2026 até 06/09/2027, podendo ser prorrogado sucessivamente, respeitada a vigência</p><p>máxima decenal, na forma do artigo 107 da lei nº 14.133, de 2021.. Vigência: 06/09/2026 a 06/09/2027. Valor Total Atualizado do Contrato: R$ 11.117,52. Data de Assinatura: 13/08/2026.</p><p>(COMPRASNET 4.0 - 13/08/2026).</p>;01/09/2026
http://pesquisa.in.gov.br/imprensa/jsp/visualiza/index.jsp?data=01/09/2026&jornal=530&pagina=19;EXTRATO DE TERMO ADITIVO Nº 1/2026 - UASG 120645;<p>Número do Contrato: 19/2026.</p><p>Nº Processo: 67107.000314/2026-32.</p><p>Pregão. Nº 90066/2025. Contratante: GRUPAMENTO DE APOIO DO GALEAO. Contratado: 10.256.548/0001-50 - MAEDRO SUPRIMENTOS E SERVICOS LTDA. Objeto: O presente termo aditivo tem por objeto a prorrogação do prazo de vigência do contrato</p><p>por mais 6 (seis) meses, a partir de 07/09/2026 até 06/03/2027, podendo ser prorrogado</p><p>sucessivamente, respeitada a vigência máxima decenal, na forma do artigo 107 da lei nº</p><p>14.133, de 2021. Vigência: 06/09/2026 a 06/03/2027. Valor Total Atualizado do Contrato: R$ 614.879,47. Data de Assinatura: 21/08/2026.</p><p>(COMPRASNET 4.0 - 21/08/2026).</p>;01/09/2026
http://pesquisa.in.gov.br/imprensa/jsp/visualiza/index.jsp?data=01/09/2026&jornal=530&pagina=13;EXTRATO DE TERMO ADITIVO Nº 26/2026 - UASG 120641;<p>Número do Contrato: 11/2023.</p><p>Nº Processo: 67293.002999/2023-59.</p><p>Pregão. Nº 18/2023. Contratante: BASE AEREA DE PORTO VELHO. Contratado: 22.899.299/0001-09 - MECATRON TECNOLOGIA E SERVICOS LTDA. Objeto: Prorrogar o prazo da vigência do contrato nº 011/bapv/2023, por 12 (doze) meses, contemplando-se, nesta ocasião, o período de 18/10/2026 a 17/10/2027.. Vigência: 18/10/2026 a 17/10/2027. Valor Total Atualizado do Contrato: R$ 213.373,22. Data de Assinatura: 27/08/2026.</p><p>(COMPRASNET 4.0 - 27/08/2026).</p>;01/09/2026
http://pesquisa.in.gov.br/imprensa/jsp/visualiza/index.jsp?data=01/09/2026&jornal=530&pagina=12;EXTRATO DE TERMO ADITIVO Nº 3/2026 - UASG 120631;<p>Número do Contrato: 11/2023.</p><p>Nº Processo: 67222.003931/2023-21.</p><p>Inexigibilidade. Nº 10/2023. Contratante: BASE AEREA DE NATAL. Contratado: 09.168.704/0001-42 - EMPRESA BRASIL DE COMUNICACAO S.A. - EBC. Objeto: Prorrogação do prazo de vigência contratual por mais 12 (doze) meses. Vigência: 28/08/2026 a 28/08/2027. Valor Total Atualizado do Contrato: R$ 111.812,40. Data de Assinatura: 28/08/2026.</p><p>(COMPRASNET 4.0 - 28/08/2026).</p>;01/09/2026
http://pesquisa.in.gov.br/imprensa/jsp/visualiza/index.jsp?data=01/09/2026&jornal=530&pagina=19;EXTRATO DE TERMO ADITIVO Nº 3/2026 - UASG 120633;<p>Número do Contrato: 26/2023.</p><p>Nº Processo: 67267.011757/2022-92.</p><p>Pregão. Nº 34/2023. Contratante: GRUPAMENTO DE APOIO DE SÃO PAULO. Contratado: 33.138.351/0001-12 - MANUTESP - MANUTENÇÃO ESPECIALIZADA LTDA. Objeto: Prorrogação do prazo de vigência e reajuste do contrato nº 026/GAPSP/2023, cujo objeto é a contratação de serviços de manutenção preventiva e corretiva de geradores do GAP-SP e do rancho do PAMA-SP, com fornecimento de material. Vigência: 02/09/2026 a 01/09/2027. Valor Total Atualizado do Contrato: R$ 22.865,04. Data de Assinatura: 26/08/2026.</p><p>(COMPRASNET 4.0 - 26/08/2026).</p>;01/09/2026
http://pesquisa.in.gov.br/imprensa/jsp/visualiza/index.jsp?data=01/09/2026&jornal=530&pagina=14;EXTRATO DE TERMO ADITIVO Nº 4/2026 - UASG 120016;<p>Número do Contrato: 78/2022.</p><p>Nº Processo: 67720.004832/2022-64.</p><p>Pregão. Nº 84/2022. Contratante: GRUPAMENTO DE APOIO DE S J CAMPOS. Contratado: 05.340.639/0001-30 - PRIME CONSULTORIA E ASSESSORIA EMPRESARIAL LTDA. Objeto: Acrescentar 25% (vinte cinco por cento) do valor inicial atualizado do contrato de despesa. Vigência: 28/08/2026 a 22/11/2026. Valor Total Atualizado do Contrato: R$ 28.700,70. Data de Assinatura: 25/08/2026.</p><p>(COMPRASNET 4.0 - 25/08/2026).</p>;01/09/2026
http://pesquisa.in.gov.br/imprensa/jsp/visualiza/index.jsp?data=01/09/2026&jornal=530&pagina=14;EXTRATO DE TERMO ADITIVO Nº 4/2026 - UASG 120016;<p>Número do Contrato: 63/2022.</p><p>Nº Processo: 67720.000466/2022-74.</p><p>Dispensa. Nº 236/2022. Contratante: GRUPAMENTO DE APOIO DE S J CAMPOS. Contratado: 04.713.315/0001-37 - MULTIPLATAFORMA SISTEMAS DE INFORMATICA LTDA. Objeto: PRORROGAR o prazo de vigência do Contrato em 12 (doze) meses, Vigência: 03/10/2026 a 02/10/2027. Valor Total Atualizado do Contrato: R$ 0,00. Data de Assinatura: 26/08/2026.</p><p>(COMPRASNET 4.0 - 26/08/2026).</p>;01/09/2026
http://pesquisa.in.gov.br/imprensa/jsp/visualiza/index.jsp?data=01/09/2026&jornal=530&pagina=19;EXTRATO DE TERMO ADITIVO Nº 4/2026 - UASG 120629;<p>Número do Contrato: 14/2022.</p><p>Nº Processo: 67278.034314/2020-89.</p><p>Pregão. Nº 49/2022. Contratante: GRUPAMENTO DE APOIO DE CANOAS. Contratado: 29.757.279/0001-34 - MEDIACUSTICA SOLUCOES EM EQUIPAMENTOS AUDIOLOGICOS LTDA. Objeto: Prorrogar o prazo de vigência, por 12 (doze) meses,contemplando-se, nesta ocasião, nos termos do art. 57, II, da lei n° 8.666, de 1993.Reajustar o valor do presente contrato, conforme o que prevê sua cláusula sexta. Vigência: 02/09/2026 a 01/09/2027. Valor Total Atualizado do Contrato: R$ 26.995,64. Data de Assinatura: 10/08/2026.</p><p>(COMPRASNET 4.0 - 31/08/2026).</p>;01/09/2026
http://pesquisa.in.gov.br/imprensa/jsp/visualiza/index.jsp?data=01/09/2026&jornal=530&pagina=15;NOTIFICACAO_020 10 DIAS_002;<p></p><p></p><table><tr><td colspan="1" rowspan="1"><p>4965/ATAN3RP/2026</p></td><td colspan="1" rowspan="1"><p>RMD2T HOLDING E PARTICIPACOES LTDA</p></td><td colspan="1" rowspan="1"><p>37.718.903/0001-12</p></td><td colspan="1" rowspan="1"><p>R$ 393,79</p></td></tr><tr><td colspan="1" rowspan="1"><p>4966/ATAN3RP/2026</p></td><td colspan="1" rowspan="1"><p>HANGAR 16 SERVICO DE MANUTENCAO DE AERONAVES LTDA</p></td><td colspan="1" rowspan="1"><p>11.609.730/0001-00</p></td><td colspan="1" rowspan="1"><p>R$ 13.342,16</p></td></tr><tr><td colspan="1" rowspan="1"><p>4967/ATAN3RP/2026</p></td><td colspan="1" rowspan="1"><p>RJ22 ADMINISTRAÇÃO LTDA</p></td><td colspan="1" rowspan="1"><p>47.824.938/0001-90</p></td><td colspan="1" rowspan="1"><p>R$ 2.301,96</p></td></tr><tr><td colspan="1" rowspan="1"><p>4968/ATAN3RP/2026</p></td><td colspan="1" rowspan="1"><p>HARAN SANTHIAGO GIRÃO SAMPAIO</p></td><td colspan="1" rowspan="1"><p>XXX.XXX.113-96</p></td><td colspan="1" rowspan="1"><p>R$ 268,04</p></td></tr><tr><td colspan="1" rowspan="1"><p>4969/ATAN3RP/2026</p></td><td colspan="1" rowspan="1"><p>HARPIA S.A.</p></td><td colspan="1" rowspan="1"><p>52.695.635/0001-54</p></td><td colspan="1" rowspan="1"><p>R$ 3.083,02</p></td></tr><tr><td colspan="1" rowspan="1"><p>4970/ATAN3RP/2026</p></td><td colspan="1" rowspan="1"><p>RIO BLUESKY SERVICOS AEREOS ESPECIALIZADOS LTDA</p></td><td colspan="1" rowspan="1"><p>60.937.765/0001-84</p></td><td colspan="1" rowspan="1"><p>R$ 29.536,62</p></td></tr><tr><td colspan="1" rowspan="1"><p>4971/ATAN3RP/2026</p></td><td colspan="1" rowspan="1"><p>HD PETROLEO LAGOA LTDA</p></td><td colspan="1" rowspan="1"><p>30.166.399/0001-46</p></td><td colspan="1" rowspan="1"><p>R$ 17.977,03</p></td></tr><tr><td colspan="1" rowspan="1"><p>4972/ATAN3RP/2026</p></td><td colspan="1" rowspan="1"><p>HDB ADMINISTRACAO DE BENS PROPRIOS LTDA</p></td><td colspan="1" rowspan="1"><p>38.830.710/0001-11</p></td><td colspan="1" rowspan="1"><p>R$ 3.356,29</p></td></tr><tr><td colspan="1" rowspan="1"><p>4973/ATAN3RP/2026</p></td><td colspan="1" rowspan="1"><p>HELIC FLY TÁXI E SERV AÉREOS ESP LTDA</p></td><td colspan="1" rowspan="1"><p>12.412.275/0001-11</p></td><td colspan="1" rowspan="1"><p>R$ 35.567,74</p></td></tr><tr><td colspan="1" rowspan="1"><p>4974/ATAN3RP/2026</p></td><td colspan="1" rowspan="1"><p>HELIFLY RIO SERVICO AEREO ESPECIALIZADO LTDA</p></td><td colspan="1" rowspan="1"><p>54.590.661/0001-43</p></td><td colspan="1" rowspan="1"><p>R$ 500,75</p></td></tr><tr><td colspan="1" rowspan="1"><p>4975/ATAN3RP/2026</p></td><td colspan="1" rowspan="1"><p>HELIMOTORS TAXI AEREO LTDA</p></td><td colspan="1" rowspan="1"><p>34.320.660/0001-71</p></td><td colspan="1" rowspan="1"><p>R$ 502,26</p></td></tr><tr><td colspan="1" rowspan="1"><p>4976/ATAN3RP/2026</p></td><td colspan="1" rowspan="1"><p>HELISTAR TAXI AEREO ESCOLA DE PILOTAGEM E ASSESSORIA AERONAUTICA LTDA</p></td><td colspan="1" rowspan="1"><p>00.249.803/0001-84</p></td><td colspan="1" rowspan="1"><p>R$ 71,33</p></td></tr><tr><td colspan="1" rowspan="1"><p>4977/ATAN3RP/2026</p></td><td colspan="1" rowspan="1"><p>RIMA - RIO MADEIRA AVIACAO LTDA</p></td><td colspan="1" rowspan="1"><p>04.778.630/0001-42</p></td><td colspan="1" rowspan="1"><p>R$ 181.588,27</p></td></tr><tr><td colspan="1" rowspan="1"><p>4978/ATAN3RP/2026</p></td><td colspan="1" rowspan="1"><p>HENRIQUE MARTINS PROTO</p></td><td colspan="1" rowspan="1"><p>XXX.XXX.921-38</p></td><td colspan="1" rowspan="1"><p>R$ 1.527,69</p></td></tr><tr><td colspan="1" rowspan="1"><p>4979/ATAN3RP/2026</p></td><td colspan="1" rowspan="1"><p>RICO TAXI AEREO LTDA</p></td><td colspan="1" rowspan="1"><p>04.614.277/0001-65</p></td><td colspan="1" rowspan="1"><p>R$ 130.098,29</p></td></tr><tr><td colspan="1" rowspan="1"><p>4980/ATAN3RP/2026</p></td><td colspan="1" rowspan="1"><p>HENRIQUE SCHMITZ BASSO</p></td><td colspan="1" rowspan="1"><p>XXX.XXX.309-29</p></td><td colspan="1" rowspan="1"><p>R$ 142,66</p></td></tr><tr><td colspan="1" rowspan="1"><p>4981/ATAN3RP/2026</p></td><td colspan="1" rowspan="1"><p>HENRIQUE WESTRUP NETO</p></td><td colspan="1" rowspan="1"><p>XXX.XXX.559-00</p></td><td colspan="1" rowspan="1"><p>R$ 356,65</p></td></tr><tr><td colspan="1" rowspan="1"><p>4982/ATAN3RP/2026</p></td><td colspan="1" rowspan="1"><p>RICARDO VILLARES LOT STOPPE</p></td><td colspan="1" rowspan="1"><p>XXX.XXX.878-03</p></td><td colspan="1" rowspan="1"><p>R$ 381,55</p></td></tr><tr><td colspan="1" rowspan="1"><p>4983/ATAN3RP/2026</p></td><td colspan="1" rowspan="1"><p>RICARDO LOWY</p></td><td colspan="1" rowspan="1"><p>XXX.XXX.368-35</p></td><td colspan="1" rowspan="1"><p>R$ 4.469,61</p></td></tr><tr><td colspan="1" rowspan="1"><p>4984/ATAN3RP/2026</p></td><td colspan="1" rowspan="1"><p>HERBERT BASILIO FERNANDES SILVA</p></td><td colspan="1" rowspan="1"><p>XXX.XXX.731-68</p></td><td colspan="1" rowspan="1"><p>R$ 152,31</p></td></tr><tr><td colspan="1" rowspan="1"><p>4985/ATAN3RP/2026</p></td><td colspan="1" rowspan="1"><p>RICARDO EUGENIO PALMEIRA</p></td><td colspan="1" rowspan="1"><p>XXX.XXX.201-04</p></td><td colspan="1" rowspan="1"><p>R$ 842,53</p></td></tr><tr><td colspan="1" rowspan="1"><p>4986/ATAN3RP/2026</p></td><td colspan="1" rowspan="1"><p>RICARDO DI MANOEL CAIADO</p></td><td colspan="1" rowspan="1"><p>XXX.XXX.951-92</p></td><td colspan="1" rowspan="1"><p>R$ 108,07</p></td></tr><tr><td colspan="1" rowspan="1"><p>4987/ATAN3RP/2026</p></td><td colspan="1" rowspan="1"><p>RICARDO BEOZZO JUNQUEIRA DE ANDRADE</p></td><td colspan="1" rowspan="1"><p>XXX.XXX.568-98</p></td><td colspan="1" rowspan="1"><p>R$ 446,00</p></td></tr><tr><td colspan="1" rowspan="1"><p>4988/ATAN3RP/2026</p></td><td colspan="1" rowspan="1"><p>HERINGER TAXI AEREO LTDA</p></td><td colspan="1" rowspan="1"><p>06.933.485/0001-52</p></td><td colspan="1" rowspan="1"><p>R$ 346.132,23</p></td></tr><tr><td colspan="1" rowspan="1"><p>4989/ATAN3RP/2026</p></td><td colspan="1" rowspan="1"><p>HOLDING GR LTDA</p></td><td colspan="1" rowspan="1"><p>31.785.516/0001-12</p></td><td colspan="1" rowspan="1"><p>R$ 923,51</p></td></tr><tr><td colspan="1" rowspan="1"><p>4990/ATAN3RP/2026</p></td><td colspan="1" rowspan="1"><p>HP ARMAZENS GERAIS EIRELI</p></td><td colspan="1" rowspan="1"><p>31.697.648/0001-92</p></td><td colspan="1" rowspan="1"><p>R$ 1.209,89</p></td></tr><tr><td colspan="1" rowspan="1"><p>4991/ATAN3RP/2026</p></td><td colspan="1" rowspan="1"><p>HP EMPREENDIMENTOS E PARTICIPACOES LTDA</p></td><td colspan="1" rowspan="1"><p>48.648.739/0001-30</p></td><td colspan="1" rowspan="1"><p>R$ 4.576,67</p></td></tr><tr><td colspan="1" rowspan="1"><p>4992/ATAN3RP/2026</p></td><td colspan="1" rowspan="1"><p>HRP TAXI AEREO E SERVICOS AEREOS ESPECIALIZADOS LTDA</p></td><td colspan="1" rowspan="1"><p>34.504.527/0001-75</p></td><td colspan="1" rowspan="1"><p>R$ 2.748,33</p></td></tr><tr><td colspan="1" rowspan="1"><p>4993/ATAN3RP/2026</p></td><td colspan="1" rowspan="1"><p>HUGO SILVA DA COSTA</p></td><td colspan="1" rowspan="1"><p>XXX.XXX.731-15</p></td><td colspan="1" rowspan="1"><p>R$ 713,30</p></td></tr><tr><td colspan="1" rowspan="1"><p>4994/ATAN3RP/2026</p></td><td colspan="1" rowspan="1"><p>HUMBERTO ABDULAHAD</p></td><td colspan="1" rowspan="1"><p>XXX.XXX.991-49</p></td><td colspan="1" rowspan="1"><p>R$ 167,17</p></td></tr><tr><td colspan="1" rowspan="1"><p>4995/ATAN3RP/2026</p></td><td colspan="1" rowspan="1"><p>HVB HOLDING LTDA</p></td><td colspan="1" rowspan="1"><p>46.795.401/0001-86</p></td><td colspan="1" rowspan="1"><p>R$ 604,55</p></td></tr><tr><td colspan="1" rowspan="1"><p>4996/ATAN3RP/2026</p></td><td colspan="1" rowspan="1"><p>IARLE JOSE DA SILVA</p></td><td colspan="1" rowspan="1"><p>XXX.XXX.616-85</p></td><td colspan="1" rowspan="1"><p>R$ 199,64</p></td></tr><tr><td colspan="1" rowspan="1"><p>4997/ATAN3RP/2026</p></td><td colspan="1" rowspan="1"><p>IBITIPOCA RESERVA AMBIENTAL S/A</p></td><td colspan="1" rowspan="1"><p>10.667.069/0001-27</p></td><td colspan="1" rowspan="1"><p>R$ 5.035,37</p></td></tr><tr><td colspan="1" rowspan="1"><p>4998/ATAN3RP/2026</p></td><td colspan="1" rowspan="1"><p>IDEAL INFRAESTRUTURA E MONTAGEM S/A</p></td><td colspan="1" rowspan="1"><p>04.690.015/0001-80</p></td><td colspan="1" rowspan="1"><p>R$ 2.044,14</p></td></tr><tr><td colspan="1" rowspan="1"><p>4999/ATAN3RP/2026</p></td><td colspan="1" rowspan="1"><p>IGOR ROHDE ANTONIO</p></td><td colspan="1" rowspan="1"><p>XXX.XXX.782-68</p></td><td colspan="1" rowspan="1"><p>R$ 2.575,09</p></td></tr><tr><td colspan="1" rowspan="1"><p>5000/ATAN3RP/2026</p></td><td colspan="1" rowspan="1"><p>IGREJA MUNDIAL DO PODER DE DEUS - FILIAL</p></td><td colspan="1" rowspan="1"><p>02.415.583/0044-87</p></td><td colspan="1" rowspan="1"><p>R$ 32.204,79</p></td></tr><tr><td colspan="1" rowspan="1"><p>5001/ATAN3RP/2026</p></td><td colspan="1" rowspan="1"><p>ILKERSON MAXWELL FRANCO SANTOS</p></td><td colspan="1" rowspan="1"><p>XXX.XXX.163-91</p></td><td colspan="1" rowspan="1"><p>R$ 2.197,17</p></td></tr><tr><td colspan="1" rowspan="1"><p>5002/ATAN3RP/2026</p></td><td colspan="1" rowspan="1"><p>IMAR BORGES FILHO</p></td><td colspan="1" rowspan="1"><p>XXX.XXX.549-10</p></td><td colspan="1" rowspan="1"><p>R$ 177,50</p></td></tr><tr><td colspan="1" rowspan="1"><p>5003/ATAN3RP/2026</p></td><td colspan="1" rowspan="1"><p>IMMOBILE PARTICIPACOES LTDA</p></td><td colspan="1" rowspan="1"><p>52.457.612/0001-01</p></td><td colspan="1" rowspan="1"><p>R$ 25.258,98</p></td></tr><tr><td colspan="1" rowspan="1"><p>5004/ATAN3RP/2026</p></td><td colspan="1" rowspan="1"><p>IMOBILIARIA &amp\; CONSTRUTORA CANAA LTDA</p></td><td colspan="1" rowspan="1"><p>01.399.568/0001-90</p></td><td colspan="1" rowspan="1"><p>R$ 5.208,21</p></td></tr><tr><td colspan="1" rowspan="1"><p>5005/ATAN3RP/2026</p></td><td colspan="1" rowspan="1"><p>INCORPORADORA SÃO FELIX LTDA</p></td><td colspan="1" rowspan="1"><p>33.404.690/0001-01</p></td><td colspan="1" rowspan="1"><p>R$ 6.365,09</p></td></tr><tr><td colspan="1" rowspan="1"><p>5006/ATAN3RP/2026</p></td><td colspan="1" rowspan="1"><p>INDUSTRIA E COM DE PEDRAS JUNDIA LTDA</p></td><td colspan="1" rowspan="1"><p>27.934.777/0001-80</p></td><td colspan="1" rowspan="1"><p>R$ 1.463,74</p></td></tr><tr><td colspan="1" rowspan="1"><p>5007/ATAN3RP/2026</p></td><td colspan="1" rowspan="1"><p>INFINITY SERVICOS AEREOS ESPECIALIZADOS LTDA</p></td><td colspan="1" rowspan="1"><p>27.785.149/0001-80</p></td><td colspan="1" rowspan="1"><p>R$ 24.845,18</p></td></tr><tr><td colspan="1" rowspan="1"><p>5008/ATAN3RP/2026</p></td><td colspan="1" rowspan="1"><p>INSTITUTO EDUCACIONAL ALFAUNIPAC S.A.</p></td><td colspan="1" rowspan="1"><p>05.598.350/0001-15</p></td><td colspan="1" rowspan="1"><p>R$ 36.886,72</p></td></tr><tr><td colspan="1" rowspan="1"><p>5009/ATAN3RP/2026</p></td><td colspan="1" rowspan="1"><p>IRMAOS SILVA S.A</p></td><td colspan="1" rowspan="1"><p>21.012.190/0001-37</p></td><td colspan="1" rowspan="1"><p>R$ 356,65</p></td></tr><tr><td colspan="1" rowspan="1"><p>5010/ATAN3RP/2026</p></td><td colspan="1" rowspan="1"><p>J C CONSTRUCOES E IMOBILIARIA LTDA</p></td><td colspan="1" rowspan="1"><p>04.345.274/0001-73</p></td><td colspan="1" rowspan="1"><p>R$ 2.075,79</p></td></tr><tr><td colspan="1" rowspan="1"><p>5011/ATAN3RP/2026</p></td><td colspan="1" rowspan="1"><p>J S A INDÚSTRIA DE ALIMENTOS LTDA</p></td><td colspan="1" rowspan="1"><p>30.972.218/0001-79</p></td><td colspan="1" rowspan="1"><p>R$ 223,00</p></td></tr><tr><td colspan="1" rowspan="1"><p>5012/ATAN3RP/2026</p></td><td colspan="1" rowspan="1"><p>J. V. L. J PARTICIPACOES LTDA</p></td><td colspan="1" rowspan="1"><p>52.232.608/0001-45</p></td><td colspan="1" rowspan="1"><p>R$ 2.834,66</p></td></tr><tr><td colspan="1" rowspan="1"><p>5013/ATAN3RP/2026</p></td><td colspan="1" rowspan="1"><p>RGP &amp\; SHORP EMP.E PARTIC.LTDA - ME</p></td><td colspan="1" rowspan="1"><p>12.656.664/0001-92</p></td><td colspan="1" rowspan="1"><p>R$ 734,01</p></td></tr><tr><td colspan="1" rowspan="1"><p>5014/ATAN3RP/2026</p></td><td colspan="1" rowspan="1"><p>RETT LTDA</p></td><td colspan="1" rowspan="1"><p>18.236.213/0001-82</p></td><td colspan="1" rowspan="1"><p>R$ 187,15</p></td></tr><tr><td colspan="1" rowspan="1"><p>5015/ATAN3RP/2026</p></td><td colspan="1" rowspan="1"><p>J.P. MARTINS AVIACAO LTDA</p></td><td colspan="1" rowspan="1"><p>61.392.445/0001-59</p></td><td colspan="1" rowspan="1"><p>R$ 71,33</p></td></tr><tr><td colspan="1" rowspan="1"><p>5016/ATAN3RP/2026</p></td><td colspan="1" rowspan="1"><p>JACQUELINE DEMARCHI</p></td><td colspan="1" rowspan="1"><p>XXX.XXX.871-05</p></td><td colspan="1" rowspan="1"><p>R$ 39.247,20</p></td></tr><tr><td colspan="1" rowspan="1"><p>5017/ATAN3RP/2026</p></td><td colspan="1" rowspan="1"><p>RENATO OLIVEIRA CARVALHO</p></td><td colspan="1" rowspan="1"><p>XXX.XXX.001-04</p></td><td colspan="1" rowspan="1"><p>R$ 238,50</p></td></tr><tr><td colspan="1" rowspan="1"><p>5018/ATAN3RP/2026</p></td><td colspan="1" rowspan="1"><p>REMYLLE PALMEIRA ALVES</p></td><td colspan="1" rowspan="1"><p>XXX.XXX.302-69</p></td><td colspan="1" rowspan="1"><p>R$ 201,97</p></td></tr><tr><td colspan="1" rowspan="1"><p>5019/ATAN3RP/2026</p></td><td colspan="1" rowspan="1"><p>REGYS ODLARE LIMA DE FREITAS</p></td><td colspan="1" rowspan="1"><p>XXX.XXX.592-04</p></td><td colspan="1" rowspan="1"><p>R$ 299,46</p></td></tr><tr><td colspan="1" rowspan="1"><p>5020/ATAN3RP/2026</p></td><td colspan="1" rowspan="1"><p>REDAL EMPREENDIMENTOS E CONTRUCOES LTDA</p></td><td colspan="1" rowspan="1"><p>02.538.857/0001-95</p></td><td colspan="1" rowspan="1"><p>R$ 499,31</p></td></tr><tr><td colspan="1" rowspan="1"><p>5021/ATAN3RP/2026</p></td><td colspan="1" rowspan="1"><p>JAÉSER SANTOS</p></td><td colspan="1" rowspan="1"><p>XXX.XXX.479-80</p></td><td colspan="1" rowspan="1"><p>R$ 71,33</p></td></tr><tr><td colspan="1" rowspan="1"><p>5022/ATAN3RP/2026</p></td><td colspan="1" rowspan="1"><p>RECREIO B.H. VEICULOS S.A</p></td><td colspan="1" rowspan="1"><p>01.929.665/0001-47</p></td><td colspan="1" rowspan="1"><p>R$ 2.268,42</p></td></tr><tr><td colspan="1" rowspan="1"><p>5023/ATAN3RP/2026</p></td><td colspan="1" rowspan="1"><p>REBECA BORGES SANTOS</p></td><td colspan="1" rowspan="1"><p>XXX.XXX.848-83</p></td><td colspan="1" rowspan="1"><p>R$ 56,46</p></td></tr><tr><td colspan="1" rowspan="1"><p>5025/ATAN3RP/2026</p></td><td colspan="1" rowspan="1"><p>REAL ECONOMICO SECURITIZADORA S.A</p></td><td colspan="1" rowspan="1"><p>13.448.230/0001-60</p></td><td colspan="1" rowspan="1"><p>R$ 285,32</p></td></tr><tr><td colspan="1" rowspan="1"><p>5026/ATAN3RP/2026</p></td><td colspan="1" rowspan="1"><p>RAYRA LIDIANE DE MACEDO DOS SANTOS</p></td><td colspan="1" rowspan="1"><p>XXX.XXX.344-06</p></td><td colspan="1" rowspan="1"><p>R$ 934,50</p></td></tr><tr><td colspan="1" rowspan="1"><p>5027/ATAN3RP/2026</p></td><td colspan="1" rowspan="1"><p>JAIME VALLER FILHO</p></td><td colspan="1" rowspan="1"><p>XXX.XXX.681-49</p></td><td colspan="1" rowspan="1"><p>R$ 666,48</p></td></tr><tr><td colspan="1" rowspan="1"><p>5028/ATAN3RP/2026</p></td><td colspan="1" rowspan="1"><p>RAOS AVIACAO LTDA</p></td><td colspan="1" rowspan="1"><p>49.737.589/0001-02</p></td><td colspan="1" rowspan="1"><p>R$ 2.431,94</p></td></tr><tr><td colspan="1" rowspan="1"><p>5029/ATAN3RP/2026</p></td><td colspan="1" rowspan="1"><p>RAONI MONTEIRO JACOBSON</p></td><td colspan="1" rowspan="1"><p>XXX.XXX.141-50</p></td><td colspan="1" rowspan="1"><p>R$ 213,13</p></td></tr><tr><td colspan="1" rowspan="1"><p>5030/ATAN3RP/2026</p></td><td colspan="1" rowspan="1"><p>RAILTON CARDOSO DA COSTA</p></td><td colspan="1" rowspan="1"><p>XXX.XXX.064-15</p></td><td colspan="1" rowspan="1"><p>R$ 1.404,44</p></td></tr><tr><td colspan="1" rowspan="1"><p>5031/ATAN3RP/2026</p></td><td colspan="1" rowspan="1"><p>JBJ PARTICIPAÇOES LTDA</p></td><td colspan="1" rowspan="1"><p>44.534.762/0001-43</p></td><td colspan="1" rowspan="1"><p>R$ 1.902,78</p></td></tr><tr><td colspan="1" rowspan="1"><p>5032/ATAN3RP/2026</p></td><td colspan="1" rowspan="1"><p>RAFAEL TIBYRIÇÁ LOUREIRO DA ROSA</p></td><td colspan="1" rowspan="1"><p>XXX.XXX.921-20</p></td><td colspan="1" rowspan="1"><p>R$ 356,65</p></td></tr><tr><td colspan="1" rowspan="1"><p>5033/ATAN3RP/2026</p></td><td colspan="1" rowspan="1"><p>RAFAEL FERNANDES LUIZ SCHWEGLER</p></td><td colspan="1" rowspan="1"><p>XXX.XXX.189-80</p></td><td colspan="1" rowspan="1"><p>R$ 2.291,67</p></td></tr><tr><td colspan="1" rowspan="1"><p>5034/ATAN3RP/2026</p></td><td colspan="1" rowspan="1"><p>JC DIST.LOG.IMPORT.E EXPORT.DE PRODS.INDUSTRIALIZADOS S/A</p></td><td colspan="1" rowspan="1"><p>06.314.327/0002-03</p></td><td colspan="1" rowspan="1"><p>R$ 1.130,06</p></td></tr><tr><td colspan="1" rowspan="1"><p>5035/ATAN3RP/2026</p></td><td colspan="1" rowspan="1"><p>RAFAEL AUGUSTO SOTERO</p></td><td colspan="1" rowspan="1"><p>XXX.XXX.068-96</p></td><td colspan="1" rowspan="1"><p>R$ 1.289,84</p></td></tr><tr><td colspan="1" rowspan="1"><p>5036/ATAN3RP/2026</p></td><td colspan="1" rowspan="1"><p>R4 AIR SALVAGE COMERCIO E IMPORTACAO DE AERONAVES SALVADOS E PECAS NOVAS E USADAS.</p></td><td colspan="1" rowspan="1"><p>41.675.181/0001-33</p></td><td colspan="1" rowspan="1"><p>R$ 111,50</p></td></tr><tr><td colspan="1" rowspan="1"><p>5037/ATAN3RP/2026</p></td><td colspan="1" rowspan="1"><p>R&amp\;J LOMBARDI LTDA</p></td><td colspan="1" rowspan="1"><p>01.954.348/0001-80</p></td><td colspan="1" rowspan="1"><p>R$ 263,16</p></td></tr><tr><td colspan="1" rowspan="1"><p>5038/ATAN3RP/2026</p></td><td colspan="1" rowspan="1"><p>JEFERSON RICARDO STELA</p></td><td colspan="1" rowspan="1"><p>XXX.XXX.801-72</p></td><td colspan="1" rowspan="1"><p>R$ 430,93</p></td></tr><tr><td colspan="1" rowspan="1"><p>5040/ATAN3RP/2026</p></td><td colspan="1" rowspan="1"><p>JET AVIATION PATRIMONIAL LTDA</p></td><td colspan="1" rowspan="1"><p>49.205.483/0001-50</p></td><td colspan="1" rowspan="1"><p>R$ 5.502,42</p></td></tr><tr><td colspan="1" rowspan="1"><p>5041/ATAN3RP/2026</p></td><td colspan="1" rowspan="1"><p>QUEIROZ PARTICPAÇÕES S.A</p></td><td colspan="1" rowspan="1"><p>17.744.008/0001-65</p></td><td colspan="1" rowspan="1"><p>R$ 506,27</p></td></tr><tr><td colspan="1" rowspan="1"><p>5042/ATAN3RP/2026</p></td><td colspan="1" rowspan="1"><p>JET BLACK PARTICIPAÇÕES LTDA</p></td><td colspan="1" rowspan="1"><p>31.312.186/0001-48</p></td><td colspan="1" rowspan="1"><p>R$ 456,64</p></td></tr><tr><td colspan="1" rowspan="1"><p>5043/ATAN3RP/2026</p></td><td colspan="1" rowspan="1"><p>JF BOATS - ALUGUEL DE LANCHA LTDA</p></td><td colspan="1" rowspan="1"><p>29.997.241/0001-39</p></td><td colspan="1" rowspan="1"><p>R$ 1.077,98</p></td></tr><tr><td colspan="1" rowspan="1"><p>5044/ATAN3RP/2026</p></td><td colspan="1" rowspan="1"><p>JHAM PARTICIPAÇÕES LTDA.</p></td><td colspan="1" rowspan="1"><p>19.378.070/0001-06</p></td><td colspan="1" rowspan="1"><p>R$ 725,71</p></td></tr><tr><td colspan="1" rowspan="1"><p>5045/ATAN3RP/2026</p></td><td colspan="1" rowspan="1"><p>JILLES TASSIO REZENDE GONÇALVES</p></td><td colspan="1" rowspan="1"><p>XXX.XXX.043-04</p></td><td colspan="1" rowspan="1"><p>R$ 4.329,49</p></td></tr><tr><td colspan="1" rowspan="1"><p>5046/ATAN3RP/2026</p></td><td colspan="1" rowspan="1"><p>Q&amp\;G ADMINISTRADORA DE BENS LTDA</p></td><td colspan="1" rowspan="1"><p>11.046.548/0001-99</p></td><td colspan="1" rowspan="1"><p>R$ 177,50</p></td></tr><tr><td colspan="1" rowspan="1"><p>5047/ATAN3RP/2026</p></td><td colspan="1" rowspan="1"><p>PTP PARTICIPACOES LTDA</p></td><td colspan="1" rowspan="1"><p>53.651.476/0001-59</p></td><td colspan="1" rowspan="1"><p>R$ 680,05</p></td></tr><tr><td colspan="1" rowspan="1"><p>5048/ATAN3RP/2026</p></td><td colspan="1" rowspan="1"><p>PS-TGG ADMINISTRADORA DE BENS SPE LTDA</p></td><td colspan="1" rowspan="1"><p>44.370.137/0001-03</p></td><td colspan="1" rowspan="1"><p>R$ 2.066,20</p></td></tr><tr><td colspan="1" rowspan="1"><p>5049/ATAN3RP/2026</p></td><td colspan="1" rowspan="1"><p>JOAO ALBERTO DE OLIVEIRA BUENO</p></td><td colspan="1" rowspan="1"><p>XXX.XXX.628-72</p></td><td colspan="1" rowspan="1"><p>R$ 404,32</p></td></tr><tr><td colspan="1" rowspan="1"><p>5050/ATAN3RP/2026</p></td><td colspan="1" rowspan="1"><p>PS-TBM LTDA</p></td><td colspan="1" rowspan="1"><p>49.232.679/0001-33</p></td><td colspan="1" rowspan="1"><p>R$ 1.143,76</p></td></tr><tr><td colspan="1" rowspan="1"><p>5051/ATAN3RP/2026</p></td><td colspan="1" rowspan="1"><p>JOAO ALEXANDRE VIC.DE ALMEIDA CARDADEIRO</p></td><td colspan="1" rowspan="1"><p>XXX.XXX.301-49</p></td><td colspan="1" rowspan="1"><p>R$ 406,03</p></td></tr><tr><td colspan="1" rowspan="1"><p>5052/ATAN3RP/2026</p></td><td colspan="1" rowspan="1"><p>PRWHH ADMINISTRACAO DE BEM PROPRIO EIRELI</p></td><td colspan="1" rowspan="1"><p>31.695.047/0001-40</p></td><td colspan="1" rowspan="1"><p>R$ 447,28</p></td></tr><tr><td colspan="1" rowspan="1"><p>5053/ATAN3RP/2026</p></td><td colspan="1" rowspan="1"><p>JOÃO ANTONIO HOFFMAN RIGO</p></td><td colspan="1" rowspan="1"><p>XXX.XXX.650-20</p></td><td colspan="1" rowspan="1"><p>R$ 614,21</p></td></tr><tr><td colspan="1" rowspan="1"><p>5054/ATAN3RP/2026</p></td><td colspan="1" rowspan="1"><p>PRREZ PARTICIPACOES DE BENS LTDA</p></td><td colspan="1" rowspan="1"><p>57.819.247/0001-51</p></td><td colspan="1" rowspan="1"><p>R$ 489,63</p></td></tr><tr><td colspan="1" rowspan="1"><p>5055/ATAN3RP/2026</p></td><td colspan="1" rowspan="1"><p>PROA PARTICIPAÇÃO LTDA</p></td><td colspan="1" rowspan="1"><p>22.446.724/0001-04</p></td><td colspan="1" rowspan="1"><p>R$ 334,50</p></td></tr><tr><td colspan="1" rowspan="1"><p>5056/ATAN3RP/2026</p></td><td colspan="1" rowspan="1"><p>JOAO CARLOS GUIMARAES GIFONI</p></td><td colspan="1" rowspan="1"><p>XXX.XXX.701-06</p></td><td colspan="1" rowspan="1"><p>R$ 304,62</p></td></tr><tr><td colspan="1" rowspan="1"><p>5057/ATAN3RP/2026</p></td><td colspan="1" rowspan="1"><p>PRN EMPREENDIMENTOS IMOBILIARIOS S/A</p></td><td colspan="1" rowspan="1"><p>04.778.524/0001-69</p></td><td colspan="1" rowspan="1"><p>R$ 821,77</p></td></tr><tr><td colspan="1" rowspan="1"><p>5058/ATAN3RP/2026</p></td><td colspan="1" rowspan="1"><p>PRIVATE CONSTRUTORA LTDA</p></td><td colspan="1" rowspan="1"><p>10.616.350/0001-30</p></td><td colspan="1" rowspan="1"><p>R$ 2.504,05</p></td></tr><tr><td colspan="1" rowspan="1"><p>5059/ATAN3RP/2026</p></td><td colspan="1" rowspan="1"><p>JOAO DE SOUZA MANSUR</p></td><td colspan="1" rowspan="1"><p>XXX.XXX.706-34</p></td><td colspan="1" rowspan="1"><p>R$ 249,55</p></td></tr><tr><td colspan="1" rowspan="1"><p>5060/ATAN3RP/2026</p></td><td colspan="1" rowspan="1"><p>PRIME ENERGY HOLDING PARTICIPACOES LTDA</p></td><td colspan="1" rowspan="1"><p>29.425.517/0001-04</p></td><td colspan="1" rowspan="1"><p>R$ 418,50</p></td></tr><tr><td colspan="1" rowspan="1"><p>5061/ATAN3RP/2026</p></td><td colspan="1" rowspan="1"><p>JOAO HENRIQUE DE SOUZA</p></td><td colspan="1" rowspan="1"><p>XXX.XXX.766-08</p></td><td colspan="1" rowspan="1"><p>R$ 786,80</p></td></tr><tr><td colspan="1" rowspan="1"><p>5062/ATAN3RP/2026</p></td><td colspan="1" rowspan="1"><p>PRIME AGRO PRODUTOS AGRÍCOLAS LTDA</p></td><td colspan="1" rowspan="1"><p>19.471.981/0001-83</p></td><td colspan="1" rowspan="1"><p>R$ 2.502,01</p></td></tr><tr><td colspan="1" rowspan="1"><p>5063/ATAN3RP/2026</p></td><td colspan="1" rowspan="1"><p>PRG EMPREENDIMENTOS LTDA</p></td><td colspan="1" rowspan="1"><p>18.990.797/0001-87</p></td><td colspan="1" rowspan="1"><p>R$ 5.553,97</p></td></tr><tr><td colspan="1" rowspan="1"><p>5064/ATAN3RP/2026</p></td><td colspan="1" rowspan="1"><p>JOÃO HENRIQUE POZZOBON</p></td><td colspan="1" rowspan="1"><p>XXX.XXX.889-08</p></td><td colspan="1" rowspan="1"><p>R$ 3.289,23</p></td></tr><tr><td colspan="1" rowspan="1"><p>5065/ATAN3RP/2026</p></td><td colspan="1" rowspan="1"><p>PREVISAO PARTICIPACOES - EIRELI</p></td><td colspan="1" rowspan="1"><p>35.826.056/0003-46</p></td><td colspan="1" rowspan="1"><p>R$ 490,88</p></td></tr><tr><td colspan="1" rowspan="1"><p>5066/ATAN3RP/2026</p></td><td colspan="1" rowspan="1"><p>JOAO LEONARDO V. DA SILVEIRA FILHO</p></td><td colspan="1" rowspan="1"><p>XXX.XXX.083-19</p></td><td colspan="1" rowspan="1"><p>R$ 546,95</p></td></tr><tr><td colspan="1" rowspan="1"><p>5067/ATAN3RP/2026</p></td><td colspan="1" rowspan="1"><p>PRECISAO AEROAGRICOLA LTDA</p></td><td colspan="1" rowspan="1"><p>04.207.770/0001-60</p></td><td colspan="1" rowspan="1"><p>R$ 463,15</p></td></tr><tr><td colspan="1" rowspan="1"><p>5068/ATAN3RP/2026</p></td><td colspan="1" rowspan="1"><p>PRADO &amp\; FIGUEIREDO COMBUSTIVEIS LTDA</p></td><td colspan="1" rowspan="1"><p>30.968.963/0001-44</p></td><td colspan="1" rowspan="1"><p>R$ 36.067,63</p></td></tr><tr><td colspan="1" rowspan="1"><p>5069/ATAN3RP/2026</p></td><td colspan="1" rowspan="1"><p>JOÃO LUIZ LAZAROTTO</p></td><td colspan="1" rowspan="1"><p>XXX.XXX.780-04</p></td><td colspan="1" rowspan="1"><p>R$ 3.825,55</p></td></tr><tr><td colspan="1" rowspan="1"><p>5070/ATAN3RP/2026</p></td><td colspan="1" rowspan="1"><p>PP-BIO ADMINISTRACAO DE BEM PROPRIO S.A</p></td><td colspan="1" rowspan="1"><p>09.286.655/0001-42</p></td><td colspan="1" rowspan="1"><p>R$ 506,12</p></td></tr><tr><td colspan="1" rowspan="1"><p>5071/ATAN3RP/2026</p></td><td colspan="1" rowspan="1"><p>PLQ AVIATION HOLDING LTDA</p></td><td colspan="1" rowspan="1"><p>20.946.376/0001-09</p></td><td colspan="1" rowspan="1"><p>R$ 1.932,26</p></td></tr><tr><td colspan="1" rowspan="1"><p>5072/ATAN3RP/2026</p></td><td colspan="1" rowspan="1"><p>JOÃO PAULO ROGOVSKY BICUDO</p></td><td colspan="1" rowspan="1"><p>XXX.XXX.218-04</p></td><td colspan="1" rowspan="1"><p>R$ 223,00</p></td></tr><tr><td colspan="1" rowspan="1"><p>5073/ATAN3RP/2026</p></td><td colspan="1" rowspan="1"><p>PLAY FLY AVIATION SPE LTDA</p></td><td colspan="1" rowspan="1"><p>51.270.372/0001-79</p></td><td colspan="1" rowspan="1"><p>R$ 6.301,04</p></td></tr><tr><td colspan="1" rowspan="1"><p>5074/ATAN3RP/2026</p></td><td colspan="1" rowspan="1"><p>PLANET JET MAN. DE AERONAVES LTDA</p></td><td colspan="1" rowspan="1"><p>40.213.101/0001-65</p></td><td colspan="1" rowspan="1"><p>R$ 23.604,73</p></td></tr><tr><td colspan="1" rowspan="1"><p>5075/ATAN3RP/2026</p></td><td colspan="1" rowspan="1"><p>JOÃO RENATO ALVES LIMA FREIRIA</p></td><td colspan="1" rowspan="1"><p>XXX.XXX.548-72</p></td><td colspan="1" rowspan="1"><p>R$ 2.951,99</p></td></tr><tr><td colspan="1" rowspan="1"><p>5076/ATAN3RP/2026</p></td><td colspan="1" rowspan="1"><p>PLANALTO INDUSTRIA MECANICA LTDA</p></td><td colspan="1" rowspan="1"><p>37.021.136/0001-98</p></td><td colspan="1" rowspan="1"><p>R$ 1.370,67</p></td></tr><tr><td colspan="1" rowspan="1"><p>5077/ATAN3RP/2026</p></td><td colspan="1" rowspan="1"><p>PIRAN PARTICIPACOES E INVESTIMENTOS LTDA</p></td><td colspan="1" rowspan="1"><p>07.931.446/0001-89</p></td><td colspan="1" rowspan="1"><p>R$ 4.655,33</p></td></tr><tr><td colspan="1" rowspan="1"><p>5078/ATAN3RP/2026</p></td><td colspan="1" rowspan="1"><p>JOAQUIM NUNES DA SILVA NETO</p></td><td colspan="1" rowspan="1"><p>XXX.XXX.422-34</p></td><td colspan="1" rowspan="1"><p>R$ 1.573,60</p></td></tr><tr><td colspan="1" rowspan="1"><p>5079/ATAN3RP/2026</p></td><td colspan="1" rowspan="1"><p>PILOTO PADRAO ESC. DE AV. CIVIL LTDA-ME</p></td><td colspan="1" rowspan="1"><p>23.783.044/0001-30</p></td><td colspan="1" rowspan="1"><p>R$ 891,52</p></td></tr><tr><td colspan="1" rowspan="1"><p>5080/ATAN3RP/2026</p></td><td colspan="1" rowspan="1"><p>JOFEGE PAVIMENTACAO E CONSTRUCAO LTDA</p></td><td colspan="1" rowspan="1"><p>62.162.847/0001-20</p></td><td colspan="1" rowspan="1"><p>R$ 1.428,80</p></td></tr><tr><td colspan="1" rowspan="1"><p>5081/ATAN3RP/2026</p></td><td colspan="1" rowspan="1"><p>PHC ADMINISTRACAO E PARTICIPACOES LTDA</p></td><td colspan="1" rowspan="1"><p>49.174.779/0001-50</p></td><td colspan="1" rowspan="1"><p>R$ 6.596,61</p></td></tr><tr><td colspan="1" rowspan="1"><p>5082/ATAN3RP/2026</p></td><td colspan="1" rowspan="1"><p>PETRAS NEGOCIOS E PARTICIPACOES LTDA</p></td><td colspan="1" rowspan="1"><p>28.455.371/0001-87</p></td><td colspan="1" rowspan="1"><p>R$ 11.211,55</p></td></tr><tr><td colspan="1" rowspan="1"><p>5083/ATAN3RP/2026</p></td><td colspan="1" rowspan="1"><p>JOHN DEERE BRASIL LTDA</p></td><td colspan="1" rowspan="1"><p>89.674.782/0004-09</p></td><td colspan="1" rowspan="1"><p>R$ 8.076,28</p></td></tr><tr><td colspan="1" rowspan="1"><p>5084/ATAN3RP/2026</p></td><td colspan="1" rowspan="1"><p>PETER FERTER</p></td><td colspan="1" rowspan="1"><p>XXX.XXX.829-91</p></td><td colspan="1" rowspan="1"><p>R$ 223,00</p></td></tr><tr><td colspan="1" rowspan="1"><p>5085/ATAN3RP/2026</p></td><td colspan="1" rowspan="1"><p>PERFIL X CONSTRUTORA S.A.</p></td><td colspan="1" rowspan="1"><p>08.733.497/0001-69</p></td><td colspan="1" rowspan="1"><p>R$ 784,63</p></td></tr><tr><td colspan="1" rowspan="1"><p>5086/ATAN3RP/2026</p></td><td colspan="1" rowspan="1"><p>JOISA OLIVEIRA DE MEDEIROS</p></td><td colspan="1" rowspan="1"><p>XXX.XXX.433-67</p></td><td colspan="1" rowspan="1"><p>R$ 99,82</p></td></tr><tr><td colspan="1" rowspan="1"><p>5087/ATAN3RP/2026</p></td><td colspan="1" rowspan="1"><p>PELUMAX COMERCIO DE MADEIRAS LTDA</p></td><td colspan="1" rowspan="1"><p>52.989.771/0001-57</p></td><td colspan="1" rowspan="1"><p>R$ 641,97</p></td></tr><tr><td colspan="1" rowspan="1"><p>5088/ATAN3RP/2026</p></td><td colspan="1" rowspan="1"><p>PEDRO MUFFATO</p></td><td colspan="1" rowspan="1"><p>XXX.XXX.559-04</p></td><td colspan="1" rowspan="1"><p>R$ 1.988,22</p></td></tr><tr><td colspan="1" rowspan="1"><p>5089/ATAN3RP/2026</p></td><td colspan="1" rowspan="1"><p>JONATAN EMANUEL MENDOZA GONÇALVES</p></td><td colspan="1" rowspan="1"><p>XXX.XXX.101-07</p></td><td colspan="1" rowspan="1"><p>R$ 142,66</p></td></tr><tr><td colspan="1" rowspan="1"><p>5090/ATAN3RP/2026</p></td><td colspan="1" rowspan="1"><p>PEDRO IRAN PEREIRA ESPIRITO SANTO.</p></td><td colspan="1" rowspan="1"><p>XXX.XXX.303-78</p></td><td colspan="1" rowspan="1"><p>R$ 99,82</p></td></tr><tr><td colspan="1" rowspan="1"><p>5091/ATAN3RP/2026</p></td><td colspan="1" rowspan="1"><p>PEDRO DE LUNA FREIRE DUQUE</p></td><td colspan="1" rowspan="1"><p>XXX.XXX.214-99</p></td><td colspan="1" rowspan="1"><p>R$ 1.092,81</p></td></tr><tr><td colspan="1" rowspan="1"><p>5092/ATAN3RP/2026</p></td><td colspan="1" rowspan="1"><p>JORDANO RODRIGUES DA SILVA</p></td><td colspan="1" rowspan="1"><p>XXX.XXX.460-72</p></td><td colspan="1" rowspan="1"><p>R$ 167,17</p></td></tr><tr><td colspan="1" rowspan="1"><p>5093/ATAN3RP/2026</p></td><td colspan="1" rowspan="1"><p>PEDRO COUTINHO</p></td><td colspan="1" rowspan="1"><p>XXX.XXX.941-91</p></td><td colspan="1" rowspan="1"><p>R$ 167,17</p></td></tr><tr><td colspan="1" rowspan="1"><p>5094/ATAN3RP/2026</p></td><td colspan="1" rowspan="1"><p>PEDRO ANTONIO SEVERINO DOS SANTOS</p></td><td colspan="1" rowspan="1"><p>XXX.XXX.881-04</p></td><td colspan="1" rowspan="1"><p>R$ 902,41</p></td></tr><tr><td colspan="1" rowspan="1"><p>5095/ATAN3RP/2026</p></td><td colspan="1" rowspan="1"><p>JORGE GUIMARAES COLARES JUNIOR</p></td><td colspan="1" rowspan="1"><p>XXX.XXX.912-72</p></td><td colspan="1" rowspan="1"><p>R$ 2.073,42</p></td></tr><tr><td colspan="1" rowspan="1"><p>5096/ATAN3RP/2026</p></td><td colspan="1" rowspan="1"><p>PEÇAPARTES DIST DE PEÇAS AUT E AG. LTDA</p></td><td colspan="1" rowspan="1"><p>05.649.500/0001-72</p></td><td colspan="1" rowspan="1"><p>R$ 951,28</p></td></tr><tr><td colspan="1" rowspan="1"><p>5097/ATAN3RP/2026</p></td><td colspan="1" rowspan="1"><p>PAUPEDRA PEDREIRAS PAVIMENTACOES E CONSTRUCOES LTDA</p></td><td colspan="1" rowspan="1"><p>49.034.010/0001-37</p></td><td colspan="1" rowspan="1"><p>R$ 184,36</p></td></tr></table>;01/09/2026
http://pesquisa.in.gov.br/imprensa/jsp/visualiza/index.jsp?data=01/09/2026&jornal=530&pagina=16;NOTIFICACAO_020 10 DIAS_003;<p></p><p></p><table><tr><td colspan="1" rowspan="1"><p>5098/ATAN3RP/2026</p></td><td colspan="1" rowspan="1"><p>JORGE LUÍS KAUFFMANN DE SOUZA</p></td><td colspan="1" rowspan="1"><p>XXX.XXX.327-53</p></td><td colspan="1" rowspan="1"><p>R$ 149,73</p></td></tr><tr><td colspan="1" rowspan="1"><p>5099/ATAN3RP/2026</p></td><td colspan="1" rowspan="1"><p>PAULO VELOSO DOS SANTOS</p></td><td colspan="1" rowspan="1"><p>XXX.XXX.996-49</p></td><td colspan="1" rowspan="1"><p>R$ 6.323,82</p></td></tr><tr><td colspan="1" rowspan="1"><p>5100/ATAN3RP/2026</p></td><td colspan="1" rowspan="1"><p>JOSE ALBERTO DA SILVA JUNIOR</p></td><td colspan="1" rowspan="1"><p>XXX.XXX.911-68</p></td><td colspan="1" rowspan="1"><p>R$ 817,89</p></td></tr><tr><td colspan="1" rowspan="1"><p>5101/ATAN3RP/2026</p></td><td colspan="1" rowspan="1"><p>PAULO SERGIO PARANHOS DE MAGALHAES</p></td><td colspan="1" rowspan="1"><p>XXX.XXX.305-53</p></td><td colspan="1" rowspan="1"><p>R$ 1.875,62</p></td></tr><tr><td colspan="1" rowspan="1"><p>5102/ATAN3RP/2026</p></td><td colspan="1" rowspan="1"><p>PAULO ROBERTO NOLETO DA PENHA</p></td><td colspan="1" rowspan="1"><p>XXX.XXX.576-25</p></td><td colspan="1" rowspan="1"><p>R$ 489,24</p></td></tr><tr><td colspan="1" rowspan="1"><p>5103/ATAN3RP/2026</p></td><td colspan="1" rowspan="1"><p>JOSE ANTONIO MARINHO NETO E OUTRO</p></td><td colspan="1" rowspan="1"><p>XXX.XXX.131-87</p></td><td colspan="1" rowspan="1"><p>R$ 1.212,61</p></td></tr><tr><td colspan="1" rowspan="1"><p>5104/ATAN3RP/2026</p></td><td colspan="1" rowspan="1"><p>PAULO ROBERTO DUARTE</p></td><td colspan="1" rowspan="1"><p>XXX.XXX.058-83</p></td><td colspan="1" rowspan="1"><p>R$ 250,95</p></td></tr><tr><td colspan="1" rowspan="1"><p>5105/ATAN3RP/2026</p></td><td colspan="1" rowspan="1"><p>PAULO PETECK</p></td><td colspan="1" rowspan="1"><p>XXX.XXX.409-34</p></td><td colspan="1" rowspan="1"><p>R$ 213,99</p></td></tr><tr><td colspan="1" rowspan="1"><p>5106/ATAN3RP/2026</p></td><td colspan="1" rowspan="1"><p>JOSE CANDIDO L.B.ALBUQUERQUE</p></td><td colspan="1" rowspan="1"><p>XXX.XXX.173-91</p></td><td colspan="1" rowspan="1"><p>R$ 1.479,15</p></td></tr><tr><td colspan="1" rowspan="1"><p>5107/ATAN3RP/2026</p></td><td colspan="1" rowspan="1"><p>JOSE CARDOSO DE ALMEIDA</p></td><td colspan="1" rowspan="1"><p>XXX.XXX.978-70</p></td><td colspan="1" rowspan="1"><p>R$ 5.463,70</p></td></tr><tr><td colspan="1" rowspan="1"><p>5108/ATAN3RP/2026</p></td><td colspan="1" rowspan="1"><p>JOSÉ CARLOS NOBRE MONTEIRO</p></td><td colspan="1" rowspan="1"><p>XXX.XXX.952-68</p></td><td colspan="1" rowspan="1"><p>R$ 2.589,38</p></td></tr><tr><td colspan="1" rowspan="1"><p>5109/ATAN3RP/2026</p></td><td colspan="1" rowspan="1"><p>JOSE CLAUDEMY TAVARES SOARES</p></td><td colspan="1" rowspan="1"><p>XXX.XXX.324-53</p></td><td colspan="1" rowspan="1"><p>R$ 99,82</p></td></tr><tr><td colspan="1" rowspan="1"><p>5110/ATAN3RP/2026</p></td><td colspan="1" rowspan="1"><p>JOSE DOMINGOS SCARAMUCCI</p></td><td colspan="1" rowspan="1"><p>XXX.XXX.398-12</p></td><td colspan="1" rowspan="1"><p>R$ 71,33</p></td></tr><tr><td colspan="1" rowspan="1"><p>5111/ATAN3RP/2026</p></td><td colspan="1" rowspan="1"><p>JOSE FRANCISCO DA CUNHA</p></td><td colspan="1" rowspan="1"><p>XXX.XXX.548-68</p></td><td colspan="1" rowspan="1"><p>R$ 7.039,55</p></td></tr><tr><td colspan="1" rowspan="1"><p>5112/ATAN3RP/2026</p></td><td colspan="1" rowspan="1"><p>JOSÉ LUIZ CARNEIRO PEREIRA LOPEZ</p></td><td colspan="1" rowspan="1"><p>XXX.XXX.178-98</p></td><td colspan="1" rowspan="1"><p>R$ 199,64</p></td></tr><tr><td colspan="1" rowspan="1"><p>5113/ATAN3RP/2026</p></td><td colspan="1" rowspan="1"><p>PAULO NAVES</p></td><td colspan="1" rowspan="1"><p>XXX.XXX.501-78</p></td><td colspan="1" rowspan="1"><p>R$ 1.479,15</p></td></tr><tr><td colspan="1" rowspan="1"><p>5114/ATAN3RP/2026</p></td><td colspan="1" rowspan="1"><p>PAULO KENJI SHIMOHIRA</p></td><td colspan="1" rowspan="1"><p>XXX.XXX.766-00</p></td><td colspan="1" rowspan="1"><p>R$ 982,36</p></td></tr><tr><td colspan="1" rowspan="1"><p>5115/ATAN3RP/2026</p></td><td colspan="1" rowspan="1"><p>PAULO HENRIQUE MAIA MARTINS</p></td><td colspan="1" rowspan="1"><p>XXX.XXX.576-66</p></td><td colspan="1" rowspan="1"><p>R$ 786,43</p></td></tr><tr><td colspan="1" rowspan="1"><p>5116/ATAN3RP/2026</p></td><td colspan="1" rowspan="1"><p>PAULO GUILHERME HORTA BARBOSA</p></td><td colspan="1" rowspan="1"><p>XXX.XXX.610-15</p></td><td colspan="1" rowspan="1"><p>R$ 1.491,66</p></td></tr><tr><td colspan="1" rowspan="1"><p>5117/ATAN3RP/2026</p></td><td colspan="1" rowspan="1"><p>JOSE MARCIO LONDE RAPOSO</p></td><td colspan="1" rowspan="1"><p>XXX.XXX.748-49</p></td><td colspan="1" rowspan="1"><p>R$ 381,55</p></td></tr><tr><td colspan="1" rowspan="1"><p>5118/ATAN3RP/2026</p></td><td colspan="1" rowspan="1"><p>PAULO DALTO NETO</p></td><td colspan="1" rowspan="1"><p>XXX.XXX.929-87</p></td><td colspan="1" rowspan="1"><p>R$ 213,99</p></td></tr><tr><td colspan="1" rowspan="1"><p>5119/ATAN3RP/2026</p></td><td colspan="1" rowspan="1"><p>PAULO CONSTANTINO DE CARVALHO</p></td><td colspan="1" rowspan="1"><p>XXX.XXX.118-04</p></td><td colspan="1" rowspan="1"><p>R$ 234,76</p></td></tr><tr><td colspan="1" rowspan="1"><p>5120/ATAN3RP/2026</p></td><td colspan="1" rowspan="1"><p>JOSÉ MÁRIO ÁVILA REZENDE</p></td><td colspan="1" rowspan="1"><p>XXX.XXX.138-67</p></td><td colspan="1" rowspan="1"><p>R$ 453,46</p></td></tr><tr><td colspan="1" rowspan="1"><p>5121/ATAN3RP/2026</p></td><td colspan="1" rowspan="1"><p>PAULO CESAR MIRANDA</p></td><td colspan="1" rowspan="1"><p>XXX.XXX.836-72</p></td><td colspan="1" rowspan="1"><p>R$ 1.668,62</p></td></tr><tr><td colspan="1" rowspan="1"><p>5122/ATAN3RP/2026</p></td><td colspan="1" rowspan="1"><p>PAULICOPTER CIA PAULISTA HELIC.LTDA</p></td><td colspan="1" rowspan="1"><p>50.395.037/0001-34</p></td><td colspan="1" rowspan="1"><p>R$ 2.367,04</p></td></tr><tr><td colspan="1" rowspan="1"><p>5123/ATAN3RP/2026</p></td><td colspan="1" rowspan="1"><p>PATRICK LOUIDY GOBETTI</p></td><td colspan="1" rowspan="1"><p>XXX.XXX.549-28</p></td><td colspan="1" rowspan="1"><p>R$ 350,56</p></td></tr><tr><td colspan="1" rowspan="1"><p>5124/ATAN3RP/2026</p></td><td colspan="1" rowspan="1"><p>JOSÉ ROBERTO GONÇALVES DE SOUZA</p></td><td colspan="1" rowspan="1"><p>XXX.XXX.615-53</p></td><td colspan="1" rowspan="1"><p>R$ 79,31</p></td></tr><tr><td colspan="1" rowspan="1"><p>5125/ATAN3RP/2026</p></td><td colspan="1" rowspan="1"><p>PAMPA SOLUCOES AGRICOLAS LTDA</p></td><td colspan="1" rowspan="1"><p>22.649.498/0001-50</p></td><td colspan="1" rowspan="1"><p>R$ 21.429,12</p></td></tr><tr><td colspan="1" rowspan="1"><p>5126/ATAN3RP/2026</p></td><td colspan="1" rowspan="1"><p>JOSE ROBERTO SEGURA</p></td><td colspan="1" rowspan="1"><p>XXX.XXX.538-68</p></td><td colspan="1" rowspan="1"><p>R$ 278,34</p></td></tr><tr><td colspan="1" rowspan="1"><p>5127/ATAN3RP/2026</p></td><td colspan="1" rowspan="1"><p>JOSÉ SILVA SOARES</p></td><td colspan="1" rowspan="1"><p>XXX.XXX.806-53</p></td><td colspan="1" rowspan="1"><p>R$ 248,83</p></td></tr><tr><td colspan="1" rowspan="1"><p>5128/ATAN3RP/2026</p></td><td colspan="1" rowspan="1"><p>JOSE THIAGO CANOVAS BORGES</p></td><td colspan="1" rowspan="1"><p>XXX.XXX.108-45</p></td><td colspan="1" rowspan="1"><p>R$ 355,00</p></td></tr><tr><td colspan="1" rowspan="1"><p>5129/ATAN3RP/2026</p></td><td colspan="1" rowspan="1"><p>JOSE WILLIAM GONCALVES DE OLIVEIRA</p></td><td colspan="1" rowspan="1"><p>XXX.XXX.402-91</p></td><td colspan="1" rowspan="1"><p>R$ 81,22</p></td></tr><tr><td colspan="1" rowspan="1"><p>5130/ATAN3RP/2026</p></td><td colspan="1" rowspan="1"><p>PAIAGUAS AGROINDUSTRIAL S/A</p></td><td colspan="1" rowspan="1"><p>52.177.240/0001-60</p></td><td colspan="1" rowspan="1"><p>R$ 2.079,53</p></td></tr><tr><td colspan="1" rowspan="1"><p>5131/ATAN3RP/2026</p></td><td colspan="1" rowspan="1"><p>JR PARTICIPACOES E INVESTIMENTOS LTDA</p></td><td colspan="1" rowspan="1"><p>52.754.781/0001-03</p></td><td colspan="1" rowspan="1"><p>R$ 1.322,86</p></td></tr><tr><td colspan="1" rowspan="1"><p>5132/ATAN3RP/2026</p></td><td colspan="1" rowspan="1"><p>PADOVANI TELECOMUNICACOES LTDA</p></td><td colspan="1" rowspan="1"><p>27.355.549/0001-55</p></td><td colspan="1" rowspan="1"><p>R$ 604,55</p></td></tr><tr><td colspan="1" rowspan="1"><p>5133/ATAN3RP/2026</p></td><td colspan="1" rowspan="1"><p>P10 COMERCIO VAREJISTA LTDA</p></td><td colspan="1" rowspan="1"><p>22.005.877/0001-08</p></td><td colspan="1" rowspan="1"><p>R$ 1.497,95</p></td></tr><tr><td colspan="1" rowspan="1"><p>5134/ATAN3RP/2026</p></td><td colspan="1" rowspan="1"><p>JRX EMPREENDIMENTOS LTDA</p></td><td colspan="1" rowspan="1"><p>07.894.708/0001-82</p></td><td colspan="1" rowspan="1"><p>R$ 379,38</p></td></tr><tr><td colspan="1" rowspan="1"><p>5135/ATAN3RP/2026</p></td><td colspan="1" rowspan="1"><p>P.J.W. ADM DE BENS EMP. E PART. LTDA</p></td><td colspan="1" rowspan="1"><p>29.998.560/0001-69</p></td><td colspan="1" rowspan="1"><p>R$ 803,04</p></td></tr><tr><td colspan="1" rowspan="1"><p>5136/ATAN3RP/2026</p></td><td colspan="1" rowspan="1"><p>JULIAN GERALDES MONTEIRO</p></td><td colspan="1" rowspan="1"><p>XXX.XXX.428-78</p></td><td colspan="1" rowspan="1"><p>R$ 941,61</p></td></tr><tr><td colspan="1" rowspan="1"><p>5137/ATAN3RP/2026</p></td><td colspan="1" rowspan="1"><p>OVERFLY AEROLEVANTAMENTOS LTDA</p></td><td colspan="1" rowspan="1"><p>55.982.258/0001-22</p></td><td colspan="1" rowspan="1"><p>R$ 635,92</p></td></tr><tr><td colspan="1" rowspan="1"><p>5138/ATAN3RP/2026</p></td><td colspan="1" rowspan="1"><p>OURO NEGRO EMPREEND.E PARTICIPACOES S.A.</p></td><td colspan="1" rowspan="1"><p>13.054.437/0002-30</p></td><td colspan="1" rowspan="1"><p>R$ 499,31</p></td></tr><tr><td colspan="1" rowspan="1"><p>5139/ATAN3RP/2026</p></td><td colspan="1" rowspan="1"><p>JULIO CESAR VILLELA</p></td><td colspan="1" rowspan="1"><p>XXX.XXX.301-63</p></td><td colspan="1" rowspan="1"><p>R$ 427,31</p></td></tr><tr><td colspan="1" rowspan="1"><p>5140/ATAN3RP/2026</p></td><td colspan="1" rowspan="1"><p>OURO FINO QUIMICA LTDA</p></td><td colspan="1" rowspan="1"><p>09.100.671/0001-07</p></td><td colspan="1" rowspan="1"><p>R$ 803,39</p></td></tr><tr><td colspan="1" rowspan="1"><p>5141/ATAN3RP/2026</p></td><td colspan="1" rowspan="1"><p>JÚLIO CEZAR RODRIGUES BEZERRA</p></td><td colspan="1" rowspan="1"><p>XXX.XXX.013-91</p></td><td colspan="1" rowspan="1"><p>R$ 116,71</p></td></tr><tr><td colspan="1" rowspan="1"><p>5142/ATAN3RP/2026</p></td><td colspan="1" rowspan="1"><p>OTONIEL GOMES DA SILVA</p></td><td colspan="1" rowspan="1"><p>XXX.XXX.371-15</p></td><td colspan="1" rowspan="1"><p>R$ 437,63</p></td></tr><tr><td colspan="1" rowspan="1"><p>5143/ATAN3RP/2026</p></td><td colspan="1" rowspan="1"><p>JUSTINO OLIVEIRA GOMES DE CASTRO</p></td><td colspan="1" rowspan="1"><p>XXX.XXX.027-07</p></td><td colspan="1" rowspan="1"><p>R$ 1.141,28</p></td></tr><tr><td colspan="1" rowspan="1"><p>5144/ATAN3RP/2026</p></td><td colspan="1" rowspan="1"><p>OSMAR CARLOS NEVES</p></td><td colspan="1" rowspan="1"><p>XXX.XXX.651-91</p></td><td colspan="1" rowspan="1"><p>R$ 56,46</p></td></tr><tr><td colspan="1" rowspan="1"><p>5145/ATAN3RP/2026</p></td><td colspan="1" rowspan="1"><p>ORTIZ TAXI AEREO LTDA</p></td><td colspan="1" rowspan="1"><p>05.011.693/0001-31</p></td><td colspan="1" rowspan="1"><p>R$ 47.561,38</p></td></tr><tr><td colspan="1" rowspan="1"><p>5147/ATAN3RP/2026</p></td><td colspan="1" rowspan="1"><p>KALEL SILVA SANTANA</p></td><td colspan="1" rowspan="1"><p>XXX.XXX.082-58</p></td><td colspan="1" rowspan="1"><p>R$ 597,35</p></td></tr><tr><td colspan="1" rowspan="1"><p>5148/ATAN3RP/2026</p></td><td colspan="1" rowspan="1"><p>ONCOLOGICA BRASIL S/S LTDA - EPP</p></td><td colspan="1" rowspan="1"><p>11.186.436/0001-33</p></td><td colspan="1" rowspan="1"><p>R$ 1.135,88</p></td></tr><tr><td colspan="1" rowspan="1"><p>5149/ATAN3RP/2026</p></td><td colspan="1" rowspan="1"><p>OMNI TAXI AEREO S.A</p></td><td colspan="1" rowspan="1"><p>03.670.763/0001-38</p></td><td colspan="1" rowspan="1"><p>R$ 7.863.751,53</p></td></tr><tr><td colspan="1" rowspan="1"><p>5150/ATAN3RP/2026</p></td><td colspan="1" rowspan="1"><p>KARLOS HENRIQUE DA ROCHA AVELINO</p></td><td colspan="1" rowspan="1"><p>XXX.XXX.294-40</p></td><td colspan="1" rowspan="1"><p>R$ 191,83</p></td></tr><tr><td colspan="1" rowspan="1"><p>5151/ATAN3RP/2026</p></td><td colspan="1" rowspan="1"><p>KATIA ALVES GUIMARÃES DE MORAIS</p></td><td colspan="1" rowspan="1"><p>XXX.XXX.461-96</p></td><td colspan="1" rowspan="1"><p>R$ 1.369,35</p></td></tr><tr><td colspan="1" rowspan="1"><p>5152/ATAN3RP/2026</p></td><td colspan="1" rowspan="1"><p>KNN PARTICIPACOES LTDA</p></td><td colspan="1" rowspan="1"><p>25.090.322/0001-08</p></td><td colspan="1" rowspan="1"><p>R$ 1.100,61</p></td></tr><tr><td colspan="1" rowspan="1"><p>5153/ATAN3RP/2026</p></td><td colspan="1" rowspan="1"><p>L&amp\;M AVIATION LTDA</p></td><td colspan="1" rowspan="1"><p>53.270.133/0001-44</p></td><td colspan="1" rowspan="1"><p>R$ 244,96</p></td></tr><tr><td colspan="1" rowspan="1"><p>5154/ATAN3RP/2026</p></td><td colspan="1" rowspan="1"><p>L.O.B.O EMPREENDIMENTOS LTDA</p></td><td colspan="1" rowspan="1"><p>10.330.537/0001-73</p></td><td colspan="1" rowspan="1"><p>R$ 2.610,97</p></td></tr><tr><td colspan="1" rowspan="1"><p>5155/ATAN3RP/2026</p></td><td colspan="1" rowspan="1"><p>OLIDEN JOSÉ MARTELLI</p></td><td colspan="1" rowspan="1"><p>XXX.XXX.999-91</p></td><td colspan="1" rowspan="1"><p>R$ 493,05</p></td></tr><tr><td colspan="1" rowspan="1"><p>5156/ATAN3RP/2026</p></td><td colspan="1" rowspan="1"><p>LAGO SOCIEDADE DE ADVOGADOS</p></td><td colspan="1" rowspan="1"><p>13.103.347/0001-01</p></td><td colspan="1" rowspan="1"><p>R$ 6.010,42</p></td></tr><tr><td colspan="1" rowspan="1"><p>5157/ATAN3RP/2026</p></td><td colspan="1" rowspan="1"><p>LAJINHA AGROPECUARIA DE ITAPUI LTDA</p></td><td colspan="1" rowspan="1"><p>04.865.433/0002-41</p></td><td colspan="1" rowspan="1"><p>R$ 275,30</p></td></tr><tr><td colspan="1" rowspan="1"><p>5158/ATAN3RP/2026</p></td><td colspan="1" rowspan="1"><p>LAR &amp\; CONST. EMPREEND IMOBIL. LTDA-ME</p></td><td colspan="1" rowspan="1"><p>13.612.781/0001-17</p></td><td colspan="1" rowspan="1"><p>R$ 4.710,95</p></td></tr><tr><td colspan="1" rowspan="1"><p>5159/ATAN3RP/2026</p></td><td colspan="1" rowspan="1"><p>LCL ADMINISTRADORA DE BENS LTDA</p></td><td colspan="1" rowspan="1"><p>58.252.921/0001-21</p></td><td colspan="1" rowspan="1"><p>R$ 357,17</p></td></tr><tr><td colspan="1" rowspan="1"><p>5160/ATAN3RP/2026</p></td><td colspan="1" rowspan="1"><p>LEANDRO BARROTTI</p></td><td colspan="1" rowspan="1"><p>XXX.XXX.669-02</p></td><td colspan="1" rowspan="1"><p>R$ 142,66</p></td></tr><tr><td colspan="1" rowspan="1"><p>5161/ATAN3RP/2026</p></td><td colspan="1" rowspan="1"><p>OLGUINEL CARVALHO RESENDE</p></td><td colspan="1" rowspan="1"><p>XXX.XXX.771-53</p></td><td colspan="1" rowspan="1"><p>R$ 294,97</p></td></tr><tr><td colspan="1" rowspan="1"><p>5162/ATAN3RP/2026</p></td><td colspan="1" rowspan="1"><p>LEANDRO IVAN PAIXAO GUEDES</p></td><td colspan="1" rowspan="1"><p>XXX.XXX.816-20</p></td><td colspan="1" rowspan="1"><p>R$ 944,23</p></td></tr><tr><td colspan="1" rowspan="1"><p>5163/ATAN3RP/2026</p></td><td colspan="1" rowspan="1"><p>OKADA EMPREENDIMENTOS IMOBILIARIOS LTDA.</p></td><td colspan="1" rowspan="1"><p>10.286.108/0001-46</p></td><td colspan="1" rowspan="1"><p>R$ 118,72</p></td></tr><tr><td colspan="1" rowspan="1"><p>5164/ATAN3RP/2026</p></td><td colspan="1" rowspan="1"><p>OCTAVIANO BARDUZZI NETTO</p></td><td colspan="1" rowspan="1"><p>XXX.XXX.728-59</p></td><td colspan="1" rowspan="1"><p>R$ 71,33</p></td></tr><tr><td colspan="1" rowspan="1"><p>5165/ATAN3RP/2026</p></td><td colspan="1" rowspan="1"><p>LEANDRO KOCH</p></td><td colspan="1" rowspan="1"><p>XXX.XXX.089-28</p></td><td colspan="1" rowspan="1"><p>R$ 243,12</p></td></tr><tr><td colspan="1" rowspan="1"><p>5166/ATAN3RP/2026</p></td><td colspan="1" rowspan="1"><p>O.G BUSINESS LTDA</p></td><td colspan="1" rowspan="1"><p>51.743.766/0001-05</p></td><td colspan="1" rowspan="1"><p>R$ 596,31</p></td></tr><tr><td colspan="1" rowspan="1"><p>5167/ATAN3RP/2026</p></td><td colspan="1" rowspan="1"><p>NYSTROM DE MOURA AZEVEDO</p></td><td colspan="1" rowspan="1"><p>XXX.XXX.306-97</p></td><td colspan="1" rowspan="1"><p>R$ 166,62</p></td></tr><tr><td colspan="1" rowspan="1"><p>5168/ATAN3RP/2026</p></td><td colspan="1" rowspan="1"><p>LEE EMPREEND.IMOBILIARIOS LTDA</p></td><td colspan="1" rowspan="1"><p>10.383.484/0001-59</p></td><td colspan="1" rowspan="1"><p>R$ 913,86</p></td></tr><tr><td colspan="1" rowspan="1"><p>5169/ATAN3RP/2026</p></td><td colspan="1" rowspan="1"><p>NSD TRANSPORTES LTDA</p></td><td colspan="1" rowspan="1"><p>45.382.690/0001-29</p></td><td colspan="1" rowspan="1"><p>R$ 152,31</p></td></tr><tr><td colspan="1" rowspan="1"><p>5170/ATAN3RP/2026</p></td><td colspan="1" rowspan="1"><p>NR EMPREEDIMENTOS E CONSTRUÇÃO LTDA</p></td><td colspan="1" rowspan="1"><p>08.892.245/0001-82</p></td><td colspan="1" rowspan="1"><p>R$ 4.755,01</p></td></tr><tr><td colspan="1" rowspan="1"><p>5171/ATAN3RP/2026</p></td><td colspan="1" rowspan="1"><p>LENO PARTICIPAÇÕES LTDA</p></td><td colspan="1" rowspan="1"><p>47.130.909/0001-28</p></td><td colspan="1" rowspan="1"><p>R$ 631,90</p></td></tr><tr><td colspan="1" rowspan="1"><p>5172/ATAN3RP/2026</p></td><td colspan="1" rowspan="1"><p>NOSTRO PARTICIPACOES LTDA</p></td><td colspan="1" rowspan="1"><p>52.537.767/0001-58</p></td><td colspan="1" rowspan="1"><p>R$ 5.785,31</p></td></tr><tr><td colspan="1" rowspan="1"><p>5173/ATAN3RP/2026</p></td><td colspan="1" rowspan="1"><p>LEONARDO MEDEIROS TELES</p></td><td colspan="1" rowspan="1"><p>XXX.XXX.111-72</p></td><td colspan="1" rowspan="1"><p>R$ 356,65</p></td></tr><tr><td colspan="1" rowspan="1"><p>5174/ATAN3RP/2026</p></td><td colspan="1" rowspan="1"><p>LID01 ADMINISTRACAO DE BENS PROPRIOS LTDA</p></td><td colspan="1" rowspan="1"><p>41.507.970/0001-65</p></td><td colspan="1" rowspan="1"><p>R$ 1.122,72</p></td></tr><tr><td colspan="1" rowspan="1"><p>5175/ATAN3RP/2026</p></td><td colspan="1" rowspan="1"><p>LIDER TAXI AEREO SA AIR BRASIL</p></td><td colspan="1" rowspan="1"><p>17.162.579/0001-91</p></td><td colspan="1" rowspan="1"><p>R$ 223,00</p></td></tr><tr><td colspan="1" rowspan="1"><p>5176/ATAN3RP/2026</p></td><td colspan="1" rowspan="1"><p>LIKE SERVIÇOS AEREOS EIRELI - ME</p></td><td colspan="1" rowspan="1"><p>25.527.574/0001-43</p></td><td colspan="1" rowspan="1"><p>R$ 289,10</p></td></tr><tr><td colspan="1" rowspan="1"><p>5177/ATAN3RP/2026</p></td><td colspan="1" rowspan="1"><p>LINK TAXI AEREO LTDA</p></td><td colspan="1" rowspan="1"><p>22.089.522/0001-44</p></td><td colspan="1" rowspan="1"><p>R$ 12.980,09</p></td></tr><tr><td colspan="1" rowspan="1"><p>5178/ATAN3RP/2026</p></td><td colspan="1" rowspan="1"><p>LITORAL SOLUCOES EM COM EXTERIOR LTDA</p></td><td colspan="1" rowspan="1"><p>80.688.211/0001-06</p></td><td colspan="1" rowspan="1"><p>R$ 17.048,67</p></td></tr><tr><td colspan="1" rowspan="1"><p>5179/ATAN3RP/2026</p></td><td colspan="1" rowspan="1"><p>LJM SHARE SPE LTDA</p></td><td colspan="1" rowspan="1"><p>49.267.427/0001-40</p></td><td colspan="1" rowspan="1"><p>R$ 7.115,22</p></td></tr><tr><td colspan="1" rowspan="1"><p>5180/ATAN3RP/2026</p></td><td colspan="1" rowspan="1"><p>LL PARTICIPACOES E EMPREENDIMENTOS IMOBILIARIOS LTDA</p></td><td colspan="1" rowspan="1"><p>13.837.354/0001-37</p></td><td colspan="1" rowspan="1"><p>R$ 276,23</p></td></tr><tr><td colspan="1" rowspan="1"><p>5181/ATAN3RP/2026</p></td><td colspan="1" rowspan="1"><p>LOGO AIR TAXI AEREO LTDA</p></td><td colspan="1" rowspan="1"><p>03.771.810/0001-30</p></td><td colspan="1" rowspan="1"><p>R$ 1.326,55</p></td></tr><tr><td colspan="1" rowspan="1"><p>5182/ATAN3RP/2026</p></td><td colspan="1" rowspan="1"><p>LPA PATRIMONIAL LTDA</p></td><td colspan="1" rowspan="1"><p>34.639.896/0001-75</p></td><td colspan="1" rowspan="1"><p>R$ 603,33</p></td></tr><tr><td colspan="1" rowspan="1"><p>5183/ATAN3RP/2026</p></td><td colspan="1" rowspan="1"><p>L-SETE COMERCIAL AGRICOLA LTDA</p></td><td colspan="1" rowspan="1"><p>10.730.698/0003-16</p></td><td colspan="1" rowspan="1"><p>R$ 14.809,14</p></td></tr><tr><td colspan="1" rowspan="1"><p>5184/ATAN3RP/2026</p></td><td colspan="1" rowspan="1"><p>LUCAS AUGUSTO DA SILVA NETO</p></td><td colspan="1" rowspan="1"><p>XXX.XXX.207-00</p></td><td colspan="1" rowspan="1"><p>R$ 224,13</p></td></tr><tr><td colspan="1" rowspan="1"><p>5185/ATAN3RP/2026</p></td><td colspan="1" rowspan="1"><p>LUCAS SCATULIN BOCCA</p></td><td colspan="1" rowspan="1"><p>XXX.XXX.388-03</p></td><td colspan="1" rowspan="1"><p>R$ 95,84</p></td></tr><tr><td colspan="1" rowspan="1"><p>5186/ATAN3RP/2026</p></td><td colspan="1" rowspan="1"><p>LUCAS ZANELLO</p></td><td colspan="1" rowspan="1"><p>XXX.XXX.331-15</p></td><td colspan="1" rowspan="1"><p>R$ 71,33</p></td></tr><tr><td colspan="1" rowspan="1"><p>5187/ATAN3RP/2026</p></td><td colspan="1" rowspan="1"><p>LUCIANA ROSARIO FALEIRO</p></td><td colspan="1" rowspan="1"><p>XXX.XXX.615-00</p></td><td colspan="1" rowspan="1"><p>R$ 2.086,83</p></td></tr><tr><td colspan="1" rowspan="1"><p>5188/ATAN3RP/2026</p></td><td colspan="1" rowspan="1"><p>LUCIANO BROCCO</p></td><td colspan="1" rowspan="1"><p>XXX.XXX.981-79</p></td><td colspan="1" rowspan="1"><p>R$ 1.368,43</p></td></tr><tr><td colspan="1" rowspan="1"><p>5189/ATAN3RP/2026</p></td><td colspan="1" rowspan="1"><p>LUCIANO PEREIRA VIEIRA</p></td><td colspan="1" rowspan="1"><p>XXX.XXX.388-63</p></td><td colspan="1" rowspan="1"><p>R$ 73,47</p></td></tr><tr><td colspan="1" rowspan="1"><p>5190/ATAN3RP/2026</p></td><td colspan="1" rowspan="1"><p>LUIS GUSTAVO RODRIGUES MARIA</p></td><td colspan="1" rowspan="1"><p>XXX.XXX.018-05</p></td><td colspan="1" rowspan="1"><p>R$ 265,52</p></td></tr><tr><td colspan="1" rowspan="1"><p>5191/ATAN3RP/2026</p></td><td colspan="1" rowspan="1"><p>LUÍS HENRIQUE DE OLIVEIRA RESENDE</p></td><td colspan="1" rowspan="1"><p>XXX.XXX.106-72</p></td><td colspan="1" rowspan="1"><p>R$ 1.875,31</p></td></tr><tr><td colspan="1" rowspan="1"><p>5192/ATAN3RP/2026</p></td><td colspan="1" rowspan="1"><p>LUIZ AUGUSTO DE MEDEIROS PELLEGRINI</p></td><td colspan="1" rowspan="1"><p>XXX.XXX.898-41</p></td><td colspan="1" rowspan="1"><p>R$ 2.671,90</p></td></tr><tr><td colspan="1" rowspan="1"><p>5193/ATAN3RP/2026</p></td><td colspan="1" rowspan="1"><p>LUIZ CARLOS RAMOS PEREIRA</p></td><td colspan="1" rowspan="1"><p>XXX.XXX.320-04</p></td><td colspan="1" rowspan="1"><p>R$ 285,32</p></td></tr><tr><td colspan="1" rowspan="1"><p>5194/ATAN3RP/2026</p></td><td colspan="1" rowspan="1"><p>LUIZ DE MORAES BARROS LAMACCHIA</p></td><td colspan="1" rowspan="1"><p>XXX.XXX.638-80</p></td><td colspan="1" rowspan="1"><p>R$ 1.138,14</p></td></tr><tr><td colspan="1" rowspan="1"><p>5195/ATAN3RP/2026</p></td><td colspan="1" rowspan="1"><p>LUIZ FERNANDO DOS SANTOS JUNIOR</p></td><td colspan="1" rowspan="1"><p>XXX.XXX.051-04</p></td><td colspan="1" rowspan="1"><p>R$ 375,73</p></td></tr><tr><td colspan="1" rowspan="1"><p>5196/ATAN3RP/2026</p></td><td colspan="1" rowspan="1"><p>LUIZ HENRIQUE MEIRELES VASCONCELOS</p></td><td colspan="1" rowspan="1"><p>XXX.XXX.776-53</p></td><td colspan="1" rowspan="1"><p>R$ 1.144,23</p></td></tr><tr><td colspan="1" rowspan="1"><p>5197/ATAN3RP/2026</p></td><td colspan="1" rowspan="1"><p>LUIZ RENATO DURSKI JUNIOR</p></td><td colspan="1" rowspan="1"><p>XXX.XXX.519-72</p></td><td colspan="1" rowspan="1"><p>R$ 557,50</p></td></tr><tr><td colspan="1" rowspan="1"><p>5198/ATAN3RP/2026</p></td><td colspan="1" rowspan="1"><p>LUTA HOLDING PARTICIP.E INVESTIMENT.LTD</p></td><td colspan="1" rowspan="1"><p>19.097.812/0001-25</p></td><td colspan="1" rowspan="1"><p>R$ 407,10</p></td></tr><tr><td colspan="1" rowspan="1"><p>5199/ATAN3RP/2026</p></td><td colspan="1" rowspan="1"><p>M1 HOLDING ADMINISTRADORA DE BENS LTDA</p></td><td colspan="1" rowspan="1"><p>38.285.194/0001-91</p></td><td colspan="1" rowspan="1"><p>R$ 2.958,69</p></td></tr><tr><td colspan="1" rowspan="1"><p>5200/ATAN3RP/2026</p></td><td colspan="1" rowspan="1"><p>MAIA ASSESSORIA AERONAUTICA LTDA</p></td><td colspan="1" rowspan="1"><p>60.411.008/0001-72</p></td><td colspan="1" rowspan="1"><p>R$ 3.300,76</p></td></tr><tr><td colspan="1" rowspan="1"><p>5201/ATAN3RP/2026</p></td><td colspan="1" rowspan="1"><p>MAIS SAUDE LTDA</p></td><td colspan="1" rowspan="1"><p>10.436.813/0002-63</p></td><td colspan="1" rowspan="1"><p>R$ 1.343,03</p></td></tr><tr><td colspan="1" rowspan="1"><p>5202/ATAN3RP/2026</p></td><td colspan="1" rowspan="1"><p>MANAUS AEROTAXI PARTICIPAÇÕES LTDA</p></td><td colspan="1" rowspan="1"><p>02.324.940/0001-61</p></td><td colspan="1" rowspan="1"><p>R$ 115.612,88</p></td></tr><tr><td colspan="1" rowspan="1"><p>5204/ATAN3RP/2026</p></td><td colspan="1" rowspan="1"><p>MARC GAUTIER</p></td><td colspan="1" rowspan="1"><p>XXX.XXX.898-22</p></td><td colspan="1" rowspan="1"><p>R$ 1.773,48</p></td></tr><tr><td colspan="1" rowspan="1"><p>5205/ATAN3RP/2026</p></td><td colspan="1" rowspan="1"><p>MARCELLO PEREIRA E SILVA</p></td><td colspan="1" rowspan="1"><p>XXX.XXX.391-15</p></td><td colspan="1" rowspan="1"><p>R$ 167,17</p></td></tr><tr><td colspan="1" rowspan="1"><p>5206/ATAN3RP/2026</p></td><td colspan="1" rowspan="1"><p>NOROESTE BEBIDAS LTDA</p></td><td colspan="1" rowspan="1"><p>01.118.771/0001-40</p></td><td colspan="1" rowspan="1"><p>R$ 1.588,80</p></td></tr><tr><td colspan="1" rowspan="1"><p>5207/ATAN3RP/2026</p></td><td colspan="1" rowspan="1"><p>MARCELO CARASSA</p></td><td colspan="1" rowspan="1"><p>XXX.XXX.160-15</p></td><td colspan="1" rowspan="1"><p>R$ 523,82</p></td></tr><tr><td colspan="1" rowspan="1"><p>5208/ATAN3RP/2026</p></td><td colspan="1" rowspan="1"><p>MARCELO DOS REIS</p></td><td colspan="1" rowspan="1"><p>XXX.XXX.171-04</p></td><td colspan="1" rowspan="1"><p>R$ 2.518,29</p></td></tr><tr><td colspan="1" rowspan="1"><p>5209/ATAN3RP/2026</p></td><td colspan="1" rowspan="1"><p>NOBRE TURISMO AEREO LTDA</p></td><td colspan="1" rowspan="1"><p>45.330.786/0001-43</p></td><td colspan="1" rowspan="1"><p>R$ 36.858,75</p></td></tr><tr><td colspan="1" rowspan="1"><p>5210/ATAN3RP/2026</p></td><td colspan="1" rowspan="1"><p>MARCELO MIRANDA SOARES NETO</p></td><td colspan="1" rowspan="1"><p>XXX.XXX.451-09</p></td><td colspan="1" rowspan="1"><p>R$ 1.063,34</p></td></tr><tr><td colspan="1" rowspan="1"><p>5211/ATAN3RP/2026</p></td><td colspan="1" rowspan="1"><p>MARCELO RIBEIRO DE BRITTO</p></td><td colspan="1" rowspan="1"><p>XXX.XXX.201-87</p></td><td colspan="1" rowspan="1"><p>R$ 309,83</p></td></tr><tr><td colspan="1" rowspan="1"><p>5212/ATAN3RP/2026</p></td><td colspan="1" rowspan="1"><p>NOBRE TRANSPORTES LTDA</p></td><td colspan="1" rowspan="1"><p>79.865.580/0001-30</p></td><td colspan="1" rowspan="1"><p>R$ 163,80</p></td></tr></table>;01/09/2026
http://pesquisa.in.gov.br/imprensa/jsp/visualiza/index.jsp?data=01/09/2026&jornal=530&pagina=17;NOTIFICACAO_020 10 DIAS_004;<p></p><p></p><table><tr><td colspan="1" rowspan="1"><p>5213/ATAN3RP/2026</p></td><td colspan="1" rowspan="1"><p>NOBRE SKYDIVE LTDA</p></td><td colspan="1" rowspan="1"><p>60.571.051/0001-03</p></td><td colspan="1" rowspan="1"><p>R$ 14.309,37</p></td></tr><tr><td colspan="1" rowspan="1"><p>5214/ATAN3RP/2026</p></td><td colspan="1" rowspan="1"><p>NILO TAYRONE AROUCHE AMORIM</p></td><td colspan="1" rowspan="1"><p>XXX.XXX.253-48</p></td><td colspan="1" rowspan="1"><p>R$ 2.549,75</p></td></tr><tr><td colspan="1" rowspan="1"><p>5215/ATAN3RP/2026</p></td><td colspan="1" rowspan="1"><p>MARCELO SHUNN DINIZ JUNQUEIRA</p></td><td colspan="1" rowspan="1"><p>XXX.XXX.548-62</p></td><td colspan="1" rowspan="1"><p>R$ 671,00</p></td></tr><tr><td colspan="1" rowspan="1"><p>5216/ATAN3RP/2026</p></td><td colspan="1" rowspan="1"><p>MARCELO SOUZA DE BARROS</p></td><td colspan="1" rowspan="1"><p>XXX.XXX.501-00</p></td><td colspan="1" rowspan="1"><p>R$ 4.882,64</p></td></tr><tr><td colspan="1" rowspan="1"><p>5217/ATAN3RP/2026</p></td><td colspan="1" rowspan="1"><p>MARCELO SOUZA DUARTE</p></td><td colspan="1" rowspan="1"><p>XXX.XXX.451-71</p></td><td colspan="1" rowspan="1"><p>R$ 1.882,46</p></td></tr><tr><td colspan="1" rowspan="1"><p>5218/ATAN3RP/2026</p></td><td colspan="1" rowspan="1"><p>NICKOLAS STEVANOVICH</p></td><td colspan="1" rowspan="1"><p>XXX.XXX.550-46</p></td><td colspan="1" rowspan="1"><p>R$ 630,15</p></td></tr><tr><td colspan="1" rowspan="1"><p>5219/ATAN3RP/2026</p></td><td colspan="1" rowspan="1"><p>MARCIO BELMONT BARRETO</p></td><td colspan="1" rowspan="1"><p>XXX.XXX.944-87</p></td><td colspan="1" rowspan="1"><p>R$ 529,81</p></td></tr><tr><td colspan="1" rowspan="1"><p>5220/ATAN3RP/2026</p></td><td colspan="1" rowspan="1"><p>NHR TAXI AEREO LTDA</p></td><td colspan="1" rowspan="1"><p>03.622.386/0001-61</p></td><td colspan="1" rowspan="1"><p>R$ 91.175,91</p></td></tr><tr><td colspan="1" rowspan="1"><p>5221/ATAN3RP/2026</p></td><td colspan="1" rowspan="1"><p>MARCIO DE MELO MORAIS</p></td><td colspan="1" rowspan="1"><p>XXX.XXX.286-00</p></td><td colspan="1" rowspan="1"><p>R$ 71,33</p></td></tr><tr><td colspan="1" rowspan="1"><p>5222/ATAN3RP/2026</p></td><td colspan="1" rowspan="1"><p>MARCIO LIBORIO FEITOSA ARRAES</p></td><td colspan="1" rowspan="1"><p>XXX.XXX.785-49</p></td><td colspan="1" rowspan="1"><p>R$ 555,15</p></td></tr><tr><td colspan="1" rowspan="1"><p>5223/ATAN3RP/2026</p></td><td colspan="1" rowspan="1"><p>MARCIO MUNARO COELHO</p></td><td colspan="1" rowspan="1"><p>XXX.XXX.361-38</p></td><td colspan="1" rowspan="1"><p>R$ 240,63</p></td></tr><tr><td colspan="1" rowspan="1"><p>5224/ATAN3RP/2026</p></td><td colspan="1" rowspan="1"><p>NEY DEOCLECIO FERREIRA FEIJO</p></td><td colspan="1" rowspan="1"><p>XXX.XXX.837-00</p></td><td colspan="1" rowspan="1"><p>R$ 119,47</p></td></tr><tr><td colspan="1" rowspan="1"><p>5225/ATAN3RP/2026</p></td><td colspan="1" rowspan="1"><p>MARCO AURELIO ALIBERTI MAMMANA</p></td><td colspan="1" rowspan="1"><p>XXX.XXX.088-15</p></td><td colspan="1" rowspan="1"><p>R$ 1.677,15</p></td></tr><tr><td colspan="1" rowspan="1"><p>5226/ATAN3RP/2026</p></td><td colspan="1" rowspan="1"><p>NERES EMPREENDIMENTOS LTDA</p></td><td colspan="1" rowspan="1"><p>02.870.432/0001-89</p></td><td colspan="1" rowspan="1"><p>R$ 3.162,58</p></td></tr><tr><td colspan="1" rowspan="1"><p>5227/ATAN3RP/2026</p></td><td colspan="1" rowspan="1"><p>MARCO LOURENCO DOS SANTOS</p></td><td colspan="1" rowspan="1"><p>XXX.XXX.851-04</p></td><td colspan="1" rowspan="1"><p>R$ 246,43</p></td></tr><tr><td colspan="1" rowspan="1"><p>5228/ATAN3RP/2026</p></td><td colspan="1" rowspan="1"><p>NELSON WILIANS ADVOGADOS</p></td><td colspan="1" rowspan="1"><p>03.584.647/0001-04</p></td><td colspan="1" rowspan="1"><p>R$ 3.366,36</p></td></tr><tr><td colspan="1" rowspan="1"><p>5229/ATAN3RP/2026</p></td><td colspan="1" rowspan="1"><p>MARCOS ANDRE NASCIMENTO MORAIS</p></td><td colspan="1" rowspan="1"><p>XXX.XXX.244-63</p></td><td colspan="1" rowspan="1"><p>R$ 307,64</p></td></tr><tr><td colspan="1" rowspan="1"><p>5230/ATAN3RP/2026</p></td><td colspan="1" rowspan="1"><p>MARCOS CALLOU BARROS</p></td><td colspan="1" rowspan="1"><p>XXX.XXX.043-87</p></td><td colspan="1" rowspan="1"><p>R$ 794,36</p></td></tr><tr><td colspan="1" rowspan="1"><p>5231/ATAN3RP/2026</p></td><td colspan="1" rowspan="1"><p>NELSON LEANDRO DE CASTRO</p></td><td colspan="1" rowspan="1"><p>XXX.XXX.929-68</p></td><td colspan="1" rowspan="1"><p>R$ 71,33</p></td></tr><tr><td colspan="1" rowspan="1"><p>5232/ATAN3RP/2026</p></td><td colspan="1" rowspan="1"><p>MARCOS DANIEL DE ARAUJO</p></td><td colspan="1" rowspan="1"><p>XXX.XXX.668-72</p></td><td colspan="1" rowspan="1"><p>R$ 465,61</p></td></tr><tr><td colspan="1" rowspan="1"><p>5233/ATAN3RP/2026</p></td><td colspan="1" rowspan="1"><p>NAV TREINAMENTOS ESC.DE AVIAC.CIV.LTDAME</p></td><td colspan="1" rowspan="1"><p>04.819.035/0001-08</p></td><td colspan="1" rowspan="1"><p>R$ 1.317,37</p></td></tr><tr><td colspan="1" rowspan="1"><p>5234/ATAN3RP/2026</p></td><td colspan="1" rowspan="1"><p>MARIA LICE MARDEGAN OLIVEIRA</p></td><td colspan="1" rowspan="1"><p>XXX.XXX.269-20</p></td><td colspan="1" rowspan="1"><p>R$ 1.180,20</p></td></tr><tr><td colspan="1" rowspan="1"><p>5235/ATAN3RP/2026</p></td><td colspan="1" rowspan="1"><p>MVK PARTICIPACOES LTDA</p></td><td colspan="1" rowspan="1"><p>55.122.524/0001-47</p></td><td colspan="1" rowspan="1"><p>R$ 648,91</p></td></tr><tr><td colspan="1" rowspan="1"><p>5236/ATAN3RP/2026</p></td><td colspan="1" rowspan="1"><p>MURILO CHICHORRO DE OLIVEIRA</p></td><td colspan="1" rowspan="1"><p>XXX.XXX.651-53</p></td><td colspan="1" rowspan="1"><p>R$ 387,08</p></td></tr><tr><td colspan="1" rowspan="1"><p>5237/ATAN3RP/2026</p></td><td colspan="1" rowspan="1"><p>MARIO MAEDA IDE</p></td><td colspan="1" rowspan="1"><p>XXX.XXX.068-63</p></td><td colspan="1" rowspan="1"><p>R$ 518,75</p></td></tr><tr><td colspan="1" rowspan="1"><p>5238/ATAN3RP/2026</p></td><td colspan="1" rowspan="1"><p>MRW PARTICIPAÇÕES LTDA</p></td><td colspan="1" rowspan="1"><p>43.236.928/0001-82</p></td><td colspan="1" rowspan="1"><p>R$ 381,55</p></td></tr><tr><td colspan="1" rowspan="1"><p>5239/ATAN3RP/2026</p></td><td colspan="1" rowspan="1"><p>MR TOP FLY ESCOLA DE AVIAÇAO CIVIL LTDA</p></td><td colspan="1" rowspan="1"><p>26.290.303/0001-80</p></td><td colspan="1" rowspan="1"><p>R$ 137,55</p></td></tr><tr><td colspan="1" rowspan="1"><p>5240/ATAN3RP/2026</p></td><td colspan="1" rowspan="1"><p>MARLOS AUGUSTO MELEK</p></td><td colspan="1" rowspan="1"><p>XXX.XXX.079-15</p></td><td colspan="1" rowspan="1"><p>R$ 322,46</p></td></tr><tr><td colspan="1" rowspan="1"><p>5241/ATAN3RP/2026</p></td><td colspan="1" rowspan="1"><p>MOURA DUBEUX ENGENHARIA S/A</p></td><td colspan="1" rowspan="1"><p>12.049.631/0007-70</p></td><td colspan="1" rowspan="1"><p>R$ 2.209,06</p></td></tr><tr><td colspan="1" rowspan="1"><p>5242/ATAN3RP/2026</p></td><td colspan="1" rowspan="1"><p>MATRIX BRASIL 100 PARTICIPACOES LTDA</p></td><td colspan="1" rowspan="1"><p>16.576.668/0001-11</p></td><td colspan="1" rowspan="1"><p>R$ 790,65</p></td></tr><tr><td colspan="1" rowspan="1"><p>5243/ATAN3RP/2026</p></td><td colspan="1" rowspan="1"><p>MOTTA E TEIXEIRA PARTS LTDA</p></td><td colspan="1" rowspan="1"><p>06.972.725/0001-28</p></td><td colspan="1" rowspan="1"><p>R$ 71,33</p></td></tr><tr><td colspan="1" rowspan="1"><p>5244/ATAN3RP/2026</p></td><td colspan="1" rowspan="1"><p>MODCLIMA SERVICOS AEREOS ESPECIALIZADOS PESQ E DESENVOLVIMENTO LTDA</p></td><td colspan="1" rowspan="1"><p>09.085.906/0001-20</p></td><td colspan="1" rowspan="1"><p>R$ 141,14</p></td></tr><tr><td colspan="1" rowspan="1"><p>5245/ATAN3RP/2026</p></td><td colspan="1" rowspan="1"><p>MAURICIO DE SOUSA BRANCO</p></td><td colspan="1" rowspan="1"><p>XXX.XXX.713-00</p></td><td colspan="1" rowspan="1"><p>R$ 3.761,86</p></td></tr><tr><td colspan="1" rowspan="1"><p>5246/ATAN3RP/2026</p></td><td colspan="1" rowspan="1"><p>MAURICIO SANTO STEFANUTO</p></td><td colspan="1" rowspan="1"><p>XXX.XXX.529-15</p></td><td colspan="1" rowspan="1"><p>R$ 454,99</p></td></tr><tr><td colspan="1" rowspan="1"><p>5247/ATAN3RP/2026</p></td><td colspan="1" rowspan="1"><p>MAYARA TREVISAN SANTOS ALVES</p></td><td colspan="1" rowspan="1"><p>XXX.XXX.649-36</p></td><td colspan="1" rowspan="1"><p>R$ 560,03</p></td></tr><tr><td colspan="1" rowspan="1"><p>5248/ATAN3RP/2026</p></td><td colspan="1" rowspan="1"><p>MC AVIATION PARTICIPACOES LTDA</p></td><td colspan="1" rowspan="1"><p>46.637.151/0001-56</p></td><td colspan="1" rowspan="1"><p>R$ 14.061,85</p></td></tr><tr><td colspan="1" rowspan="1"><p>5249/ATAN3RP/2026</p></td><td colspan="1" rowspan="1"><p>MEDICAL BALSAS LTDA</p></td><td colspan="1" rowspan="1"><p>36.834.192/0001-89</p></td><td colspan="1" rowspan="1"><p>R$ 619,81</p></td></tr><tr><td colspan="1" rowspan="1"><p>5250/ATAN3RP/2026</p></td><td colspan="1" rowspan="1"><p>MELO E SANTOS EMPRESARIAL LTDA</p></td><td colspan="1" rowspan="1"><p>13.098.649/0001-39</p></td><td colspan="1" rowspan="1"><p>R$ 223,08</p></td></tr><tr><td colspan="1" rowspan="1"><p>5251/ATAN3RP/2026</p></td><td colspan="1" rowspan="1"><p>MERIDIONAL AVIAÇÃO AGRÍCOLA LTDA</p></td><td colspan="1" rowspan="1"><p>42.787.925/0001-74</p></td><td colspan="1" rowspan="1"><p>R$ 223,00</p></td></tr><tr><td colspan="1" rowspan="1"><p>5252/ATAN3RP/2026</p></td><td colspan="1" rowspan="1"><p>MF CONS E ASSESSORIA EM AGRONEGÓCIO LTDA</p></td><td colspan="1" rowspan="1"><p>40.764.421/0001-03</p></td><td colspan="1" rowspan="1"><p>R$ 967,38</p></td></tr><tr><td colspan="1" rowspan="1"><p>5253/ATAN3RP/2026</p></td><td colspan="1" rowspan="1"><p>MICHEL HENRIQUES THO</p></td><td colspan="1" rowspan="1"><p>XXX.XXX.988-54</p></td><td colspan="1" rowspan="1"><p>R$ 152,31</p></td></tr><tr><td colspan="1" rowspan="1"><p>5254/ATAN3RP/2026</p></td><td colspan="1" rowspan="1"><p>MIL PARTICIPAÇÕES E INVESTIMENTOS LTDA</p></td><td colspan="1" rowspan="1"><p>26.932.581/0001-93</p></td><td colspan="1" rowspan="1"><p>R$ 405,67</p></td></tr><tr><td colspan="1" rowspan="1"><p>5255/ATAN3RP/2026</p></td><td colspan="1" rowspan="1"><p>MILL TAXI AEREO LTDA</p></td><td colspan="1" rowspan="1"><p>20.846.034/0001-09</p></td><td colspan="1" rowspan="1"><p>R$ 2.969,58</p></td></tr><tr><td colspan="1" rowspan="1"><p>5256/ATAN3RP/2026</p></td><td colspan="1" rowspan="1"><p>MINHA CASA MINHA VIDA CONSTRUTORA LTDA</p></td><td colspan="1" rowspan="1"><p>16.907.114/0001-50</p></td><td colspan="1" rowspan="1"><p>R$ 483,00</p></td></tr><tr><td colspan="1" rowspan="1"><p>5257/ATAN3RP/2026</p></td><td colspan="1" rowspan="1"><p>MIRIAM ROSY ALVES MOREIRA MIRANDA</p></td><td colspan="1" rowspan="1"><p>XXX.XXX.861-34</p></td><td colspan="1" rowspan="1"><p>R$ 449,45</p></td></tr><tr><td colspan="1" rowspan="1"><p>5258/ATAN3RP/2026</p></td><td colspan="1" rowspan="1"><p>MJ ENTRETENIMENTO LTDA</p></td><td colspan="1" rowspan="1"><p>61.887.442/0001-96</p></td><td colspan="1" rowspan="1"><p>R$ 2.346,85</p></td></tr><tr><td colspan="1" rowspan="1"><p>5259/ATAN3RP/2026</p></td><td colspan="1" rowspan="1"><p>MJI66 PARTICIPACOES LTDA</p></td><td colspan="1" rowspan="1"><p>65.404.511/0001-14</p></td><td colspan="1" rowspan="1"><p>R$ 142,66</p></td></tr><tr><td colspan="1" rowspan="1"><p>5260/ATAN3RP/2026</p></td><td colspan="1" rowspan="1"><p>MOACIR REGINATTO FILHO</p></td><td colspan="1" rowspan="1"><p>XXX.XXX.822-87</p></td><td colspan="1" rowspan="1"><p>R$ 299,46</p></td></tr><tr><td colspan="1" rowspan="1"><p>5286/ATAN3RP/2026</p></td><td colspan="1" rowspan="1"><p>TOTAL LINHAS AÉREAS</p></td><td colspan="1" rowspan="1"><p>32.068.363/0002-36</p></td><td colspan="1" rowspan="1"><p>R$ 1.300.131,16</p></td></tr></table><p class="assina">SÉRGIO RODRIGUES PEREIRA BASTOS JÚNIOR Ten Brig Ar</p><p class="cargo">Diretor-Geral</p>;01/09/2026
