URL;Título;Resumo;Data
http://pesquisa.in.gov.br/imprensa/jsp/visualiza/index.jsp?data=21/08/2026&jornal=530&pagina=17;AVISO DE LICITAÇÃO;<p>Modalidade: Pregão 298/2026 / Número do processo: 67267.002442/2026-88 / Objeto: Aquisição de Gêneros Alimentícios do tipo Industrializados.</p><p>Data de início de recebimento de propostas: 21/08/2026, 08:00. Forma de apresentação: Eletrônica</p><p>Data de Abertura: 03/09/2026, 10:00</p><p>Endereço eletrônico do Edital: https://cnetmobile.estaleiro.serpro.gov.br/comprasnet-web/public/compras/acompanhamento-compra?compra=12063305002982026</p><p class="assina">JOESER SOARES DE CARVALHO</p><p class="cargo">Gestor de Licitações</p>;21/08/2026
http://pesquisa.in.gov.br/imprensa/jsp/visualiza/index.jsp?data=21/08/2026&jornal=530&pagina=17;AVISO DE LICITAÇÃO;<p>Modalidade: Pregão 174/2026 / Número do processo: 67440.002688/2026-00 / Objeto: Aquisição de Gêneros Alimentícios Industrializados e Hortifrutigranjeiros para Seção de Subsistência</p><p>Data de início de recebimento de propostas: 21/08/2026, 09:00. Forma de apresentação: Eletrônica</p><p>Data de Abertura: 03/09/2026, 10:00</p><p>Endereço eletrônico do Edital: https://cnetmobile.estaleiro.serpro.gov.br/comprasnet-web/public/compras/acompanhamento-compra?compra=12062505001742026</p><p class="assina">ULISSES CRUZ DA COSTA</p><p class="cargo">Responsável pela contratação direta</p>;21/08/2026
http://pesquisa.in.gov.br/imprensa/jsp/visualiza/index.jsp?data=21/08/2026&jornal=530&pagina=17;AVISO DE LICITAÇÃO;<p>Modalidade: Pregão 174/2026 / Número do processo: 67246.000047/2026-17 / Objeto: Aquisição de materiais de segurança.</p><p>Data de início de recebimento de propostas: 21/08/2026, 08:00. Forma de apresentação: Eletrônica</p><p>Data de Abertura: 02/09/2026, 08:00</p><p>Endereço eletrônico do Edital: https://cnetmobile.estaleiro.serpro.gov.br/comprasnet-web/public/compras/acompanhamento-compra?compra=12003905001742026</p><p class="assina">DIEGO SOARES DA SILVA</p><p class="cargo">Agente de contratação</p>;21/08/2026
http://pesquisa.in.gov.br/imprensa/jsp/visualiza/index.jsp?data=21/08/2026&jornal=530&pagina=17;AVISO DE LICITAÇÃO;<p>Modalidade: Pregão 216/2026 / Número do processo: 67107.003943/2026-14 / Objeto: Aquisição de equipamentos de academia para a Base Aérea do Galeão</p><p>Data de início de recebimento de propostas: 21/08/2026, 09:00. Forma de apresentação: Eletrônica</p><p>Data de Abertura: 03/09/2026, 09:00</p><p>Endereço eletrônico do Edital: https://cnetmobile.estaleiro.serpro.gov.br/comprasnet-web/public/compras/acompanhamento-compra?compra=12064505002162026</p><p class="assina">DANIEL PAULO DE LIRA RIBEIRO</p><p class="cargo">Ordenador de Despesas</p>;21/08/2026
http://pesquisa.in.gov.br/imprensa/jsp/visualiza/index.jsp?data=21/08/2026&jornal=530&pagina=17;AVISO DE LICITAÇÃO;<p>Modalidade: Pregão 113/2026 / Número do processo: 67215.004416/2026-08 / Objeto: Aquisição de Reagentes e Materiais de Consumo de Laboratório em Geral, a serem utilizados pela Seção de Análises Clínicas do Hospital de Aeronáutica de Belém</p><p>Data de início de recebimento de propostas: 21/08/2026, 09:00. Forma de apresentação: Eletrônica</p><p>Data de Abertura: 02/09/2026, 09:00</p><p>Endereço eletrônico do Edital: https://cnetmobile.estaleiro.serpro.gov.br/comprasnet-web/public/compras/acompanhamento-compra?compra=12062805001132026</p><p class="assina">RENATA DE SOUZA BARBOSA</p><p class="cargo">p/ Equipe de apoio</p>;21/08/2026
http://pesquisa.in.gov.br/imprensa/jsp/visualiza/index.jsp?data=21/08/2026&jornal=530&pagina=12;AVISO DE LICITAÇÃO;<p>Modalidade: Pregão 20/2026 / Número do processo: 67540.002875/2026-57 / Objeto: Aquisição de Matérias - Primas e Embalagens para o Grupo de Saúde de Guaratinguetá- GSAU-GW</p><p>Data de início de recebimento de propostas: 21/08/2026, 09:00. Forma de apresentação: Eletrônica</p><p>Data de Abertura: 03/09/2026, 09:00</p><p>Endereço eletrônico do Edital: https://cnetmobile.estaleiro.serpro.gov.br/comprasnet-web/public/compras/acompanhamento-compra?compra=12006405000202026</p><p class="assina">THAIANNE DE OLIVEIRA ASSIS NOLASCO</p><p class="cargo">Pregoeiro</p>;21/08/2026
http://pesquisa.in.gov.br/imprensa/jsp/visualiza/index.jsp?data=21/08/2026&jornal=530&pagina=12;AVISO DE PENALIDADE;<p>A Ordenadora de Despesas da Base Aérea de Santa Maria, no uso da competência delegada pela Portaria COMPREP nº 125/SPOG-10, de 22 de outubro de 2025, publicada no Boletim do Comando da Aeronáutica nº 207, de 3 de novembro de 2025, em conformidade com o parágrafo único do art. 8º do ROCA 21-111, com o item 3.3.2.1 do Módulo "F" e com o item 4.4.19 do Módulo "I" do RADA-e, e considerando os fatos apurados no Processo Administrativo de Apuração de Irregularidade nº 041/ARC/BASM/2025, Processo nº 67273.009393/2025-44 resolve:</p><p>Art. 1º Aplicar sanção administrativa à empresa CLM FARMA COMÉRCIO E DISTRIBUIDORA DE MEDICAMENTOS LTDA, CNPJ nº 40.274.237/0001-85, na modalidade de IMPEDIMENTO DE LICITAR E CONTRATAR COM A UNIÃO pelo prazo de 02 (dois) meses, a contar da publicação desta decisão, nos termos do item 7.2.2 do Edital e do art. 156, inciso III, da Lei nº 14.133/2021, em razão da prática da conduta prevista no item 7.1, alínea "b", do Termo de Referência, consistente em dar causa à inexecução parcial da obrigação assumida por meio da Nota de Empenho nº 2025NE000673, decorrente do Pregão Eletrônico nº rocedimento em 90008/2025, vinculado ao Processo Administrativo nº 67273.001417/2025-17. Procedimento em que foi oportunizada à empresa a mais ampla defesa e observado o contraditório em todas as etapas, em consonância com o que estabelecem o inciso LV do artigo 5º da Constituição Federal e a Lei n° 9.784 de 29 de janeiro de 1999.</p><p class="assina">ROBERTA LUZ CABO Tenente-Coronel Intendente</p><p class="cargo">Ordenador de Despesas</p>;21/08/2026
http://pesquisa.in.gov.br/imprensa/jsp/visualiza/index.jsp?data=21/08/2026&jornal=530&pagina=13;EDITAL  NOTIFICAÇÃO;<p>O DEPARTAMENTO DE CONTROLE DO ESPAÇO AÉREO (DECEA), no uso da competência que lhe confere o inciso VIII do art. 4° do ROCA 20-7 "Regulamento do DECEA", aprovado pela Portaria n° 1.668/GC3, de 16 de setembro de 2013, considerando o disposto nos artigos 8° e 9° da Lei n° 6.009/73, combinado com o parágrafo 4° do artigo 14, da Lei n° 7.565/86 - Código Brasileiro de Aeronáutica, combinado com o parágrafo único, incisos V e X, do artigo 2°, inciso II do artigo 3°, parágrafo 4° do artigo 26, artigo 28 e o artigo 66 da Lei n° 9.784/99, combinado com o inciso IV do artigo 8° da Lei n° 6.830/80, considerando ainda que a Empresa Brasileira de Correios e Telégrafos - ECT, devolveu a notificação de inadimplência encaminhada para o endereço declarado por parte da Empresa/Proprietário/Explorador ou Operador, no processo administrativo de cobrança de Tarifas de Navegação Aérea, não comprovando assim a entrega ao efetivo destinatário, resolve:</p><p>NOTIFICAR os proprietários, exploradores ou operadores de aeronaves constantes da relação abaixo especificada para que no prazo de 30 (trinta) dias, a contar da data da publicação deste EDITAL, efetuem a quitação do débito referente ao não pagamento das Tarifas de Navegação Aérea ou apresentem a efetiva comprovação do pagamento, sob pena de aplicação de sanções administrativas, sem prejuízo do possível lançamento em dívida ativa da União, bem como a efetiva execução fiscal</p><p>Informar ainda que as respectivas GRU/Faturas que lhes cabem pagar se encontram disponibilizas no endereço eletrônico: http://tarifas.decea.mil.br/Atendimento.Aspx do Departamento de Controle do Espaço Aéreo - DECEA - Assessoria de Assuntos de Tarifas de Navegação Aérea.</p><p>Relação de Proprietários, exploradores ou operadores de aeronaves:</p><p></p><p></p><table><tr><td colspan="1" rowspan="1"><p>PROPRIETÁRIO/OPERADOR</p></td><td colspan="1" rowspan="1"><p>CPF/CNPJ</p></td><td colspan="1" rowspan="1"><p>NÚMERO DA GRU</p></td><td colspan="1" rowspan="1"><p>VALOR DO DÉBITO</p></td><td colspan="1" rowspan="1"><p>DATA DE VENCIMENTO DA GRU/INVOICE</p></td></tr><tr><td colspan="1" rowspan="1"><p>ALEXANDRA DOS SANTOS MARTINS</p></td><td colspan="1" rowspan="1"><p>XXX.XXX.432-60</p></td><td colspan="1" rowspan="1"><p>44113</p></td><td colspan="1" rowspan="1"><p>R$ 438,27</p></td><td colspan="1" rowspan="1"><p>12/09/2026</p></td></tr><tr><td colspan="1" rowspan="1"><p>ALEXANDRA DOS SANTOS MARTINS</p></td><td colspan="1" rowspan="1"><p>XXX.XXX.432-60</p></td><td colspan="1" rowspan="1"><p>44121</p></td><td colspan="1" rowspan="1"><p>R$ 1.493,88</p></td><td colspan="1" rowspan="1"><p>12/09/2026</p></td></tr><tr><td colspan="1" rowspan="1"><p>ALEXANDRA DOS SANTOS MARTINS</p></td><td colspan="1" rowspan="1"><p>XXX.XXX.432-60</p></td><td colspan="1" rowspan="1"><p>44130</p></td><td colspan="1" rowspan="1"><p>R$ 1.270,43</p></td><td colspan="1" rowspan="1"><p>12/09/2026</p></td></tr><tr><td colspan="1" rowspan="1"><p>ALEXANDRA DOS SANTOS MARTINS</p></td><td colspan="1" rowspan="1"><p>XXX.XXX.432-60</p></td><td colspan="1" rowspan="1"><p>44148</p></td><td colspan="1" rowspan="1"><p>R$ 1.098,86</p></td><td colspan="1" rowspan="1"><p>12/09/2026</p></td></tr><tr><td colspan="1" rowspan="1"><p>GISELLE REMOR MONTEIRO</p></td><td colspan="1" rowspan="1"><p>XXX.XXX.822-00</p></td><td colspan="1" rowspan="1"><p>44032</p></td><td colspan="1" rowspan="1"><p>R$ 863,52</p></td><td colspan="1" rowspan="1"><p>11/09/2026</p></td></tr><tr><td colspan="1" rowspan="1"><p>MARIA DEUSA DE ALMEIDA</p></td><td colspan="1" rowspan="1"><p>XXX.XXX.405-04</p></td><td colspan="1" rowspan="1"><p>44075</p></td><td colspan="1" rowspan="1"><p>R$ 219,28</p></td><td colspan="1" rowspan="1"><p>11/09/2026</p></td></tr><tr><td colspan="1" rowspan="1"><p>MARIA DEUSA DE ALMEIDA</p></td><td colspan="1" rowspan="1"><p>XXX.XXX.405-04</p></td><td colspan="1" rowspan="1"><p>44083</p></td><td colspan="1" rowspan="1"><p>R$ 438,56</p></td><td colspan="1" rowspan="1"><p>11/09/2026</p></td></tr><tr><td colspan="1" rowspan="1"><p>MARIA DEUSA DE ALMEIDA</p></td><td colspan="1" rowspan="1"><p>XXX.XXX.405-04</p></td><td colspan="1" rowspan="1"><p>44091</p></td><td colspan="1" rowspan="1"><p>R$ 5.653,64</p></td><td colspan="1" rowspan="1"><p>11/09/2026</p></td></tr></table><p class="assina">Ten Brig Ar SÉRGIO RODRIGUES PEREIRA BASTOS JÚNIOR</p><p class="cargo">Diretor-Geral do DECEA</p>;21/08/2026
http://pesquisa.in.gov.br/imprensa/jsp/visualiza/index.jsp?data=21/08/2026&jornal=530&pagina=18;EDITAL DE NOTIFICAÇÃO;<p>A União, por intermédio do Grupamento de Apoio de Manaus (GAP-MN), FAZ SABER a todos que virem o presente edital, ou dele tiverem conhecimento, que a empresa K LOPES DE ASSIS, inscrita no CNPJ sob o nº 44.376.669/0001-58, está sendo NOTIFICADA, por intermédio do Ofício nº 26/ARC/1774, de 16/04/2026 (Protocolo COMAER nº 67298.001482/2026-45), na pessoa de seu representante legal, Sr. KAIO LOPES DE ASSIS, dos fatos que ensejaram a instauração do Processo Administrativo de Apuração de Irregularidade (PAAI) nº 09/GAP-MN/2026. Considerando que a notificação pessoal restou frustrada, uma vez que o Aviso de Recebimento foi devolvido por três vezes com a anotação "Ausente", procede-se à notificação pelo presente edital. O referido processo foi instaurado para apurar a suposta inexecução contratual na execução da Nota de Empenho (NE) nº 2025NE001296, de 10/09/2025, no valor de R$ 894,00, oriunda da Ata de Registro de Preços nº 00054/2025 e do Pregão Eletrônico nº 90079/BAMN/2024, referente ao fornecimento de material para manutenção de bens imóveis e instalações, porquanto a contratada, mesmo notificada e oportunizado prazo para o adimplemento, não efetuou a entrega do objeto no prazo indicado, conforme os termos e especificações definidos no Termo de Referência do Pregão acima especificado.</p><p>Nestes termos, fica a empresa notificada para, querendo, apresentar DEFESA PRÉVIA, por escrito e assinada por representante legal ou procurador constituído, no prazo de 15 (quinze) dias úteis, contados do primeiro dia útil subsequente à data desta publicação, dirigida à Comissão Processante designada para a condução do PAAI nº 09/GAP-MN/2026, nos termos do art. 158 da Lei nº 14.133/2021, tendo em vista a possível aplicação das sanções administrativas previstas no art. 156 da Lei nº 14.133/2021. Os autos do processo encontram-se disponíveis para consulta na Assessoria de Riscos Contratuais deste Grupamento de Apoio de Manaus, no endereço Avenida Rodrigo Otávio, 770 - Crespo, CEP 69073-177 - Manaus/AM, Telefone (92) 3614-1554, e-mail protocolo.gapmn@fab.mil.br.</p><p class="assina">SUSAN KELLY PRADO ANDRADE Cel Int</p><p class="cargo">Ordenador de Despesas</p>;21/08/2026
http://pesquisa.in.gov.br/imprensa/jsp/visualiza/index.jsp?data=21/08/2026&jornal=530&pagina=13;EDITAL DE NOTIFICAÇÃO;<p>O DEPARTAMENTO DE CONTROLE DO ESPAÇO AÉREO (DECEA), no uso da competência que lhe confere o inciso VIII do art. 4° do ROCA 20-7 "Regulamento do DECEA", aprovado pela Portaria n° 1.668/GC3, de 16 de setembro de 2013, considerando o disposto nos artigos 8° e 9° da Lei n° 6.009/73, combinado com o parágrafo 4° do artigo 14, da Lei n° 7.565/86 - Código Brasileiro de Aeronáutica, combinado com o parágrafo único, incisos V e X, do artigo 2°, inciso II do artigo 3°, parágrafo 4° do artigo 26, artigo 28 e o artigo 66 da Lei n° 9.784/99, combinado com o inciso IV do artigo 8° da Lei n° 6.830/80, considerando ainda que a Empresa Brasileira de Correios e Telégrafos - ECT, devolveu a notificação de inadimplência encaminhada para o endereço declarado por parte da Empresa/Proprietário/Explorador ou Operador, no processo administrativo de cobrança de Tarifas de Navegação Aérea, não comprovando assim a entrega ao efetivo destinatário, resolve:</p><p>NOTIFICAR os proprietários, exploradores ou operadores de aeronaves constantes da relação abaixo especificada para que no prazo de 10 (dez) dias, a contar da data da publicação deste EDITAL, efetuem a quitação do débito referente ao não pagamento das Tarifas de Navegação Aérea ou apresentem defesa administrativa, sob pena de aplicação de sanções administrativas, sem prejuízo do possível lançamento em dívida ativa da União, bem como a efetiva execução fiscal</p><p>Caso o valor apontado como inadimplido tenha sido quitado, deverá o proprietário, operador ou explorador da aeronave remeter o respectivo comprovante para efetiva baixa no apontamento.</p><p>Por fim, informa que o endereço eletrônico: https://servicos2.decea.mil.br/sac/index.cfm?a=tarifas está disponível para a solicitação das GRU/Faturas que viabilizarão o pagamento da dívida, bem como para apresentação de defesa administrativa.</p><p>Relação de Proprietários, exploradores ou operadores de aeronaves:</p><p></p><p></p><table><tr><td colspan="1" rowspan="1"><p>PROCESSO Nº</p></td><td colspan="1" rowspan="1"><p>PROPRIETÁRIO/</p><p>OPERADOR</p></td><td colspan="1" rowspan="1"><p>CPF/CNPJ</p></td><td colspan="1" rowspan="1"><p>VALOR PRINCIPAL</p></td></tr><tr><td colspan="1" rowspan="1"><p>S/NUP</p></td><td colspan="1" rowspan="1"><p>A. MACIEL DE SOUZA LTDA</p></td><td colspan="1" rowspan="1"><p>04.246.604/0001-73</p></td><td colspan="1" rowspan="1"><p>R$ 631,32</p></td></tr><tr><td colspan="1" rowspan="1"><p>S/NUP</p></td><td colspan="1" rowspan="1"><p>ISELL TECH LTDA</p></td><td colspan="1" rowspan="1"><p>48.265.376/0001-54</p></td><td colspan="1" rowspan="1"><p>R$ 3.148,52</p></td></tr><tr><td colspan="1" rowspan="1"><p>4277/ATAN3RP/2026</p></td><td colspan="1" rowspan="1"><p>IC 2 INFRAESTRUTURA LTDA</p></td><td colspan="1" rowspan="1"><p>11.138.522/0001-70</p></td><td colspan="1" rowspan="1"><p>R$ 1.569,26</p></td></tr><tr><td colspan="1" rowspan="1"><p>4328/ATAN3RP/2026</p></td><td colspan="1" rowspan="1"><p>ALGAR S/A EMPREENDIMENTOS E PARTICIPACOES</p></td><td colspan="1" rowspan="1"><p>17.835.026/0002-33</p></td><td colspan="1" rowspan="1"><p>R$ 3.403,57</p></td></tr><tr><td colspan="1" rowspan="1"><p>4329/ATAN3RP/2026</p></td><td colspan="1" rowspan="1"><p>3L AVIATION SERVICOS LTDA</p></td><td colspan="1" rowspan="1"><p>49.763.254/0001-50</p></td><td colspan="1" rowspan="1"><p>R$ 694,09</p></td></tr><tr><td colspan="1" rowspan="1"><p>4330/ATAN3RP/2026</p></td><td colspan="1" rowspan="1"><p>4A PARTICIPACOES LTDA</p></td><td colspan="1" rowspan="1"><p>57.109.595/0001-35</p></td><td colspan="1" rowspan="1"><p>R$ 890,78</p></td></tr><tr><td colspan="1" rowspan="1"><p>4331/ATAN3RP/2026</p></td><td colspan="1" rowspan="1"><p>7 REIS PARTICIPACAO E EMPREENDIMENTOS LTDA</p></td><td colspan="1" rowspan="1"><p>01.535.116/0001-98</p></td><td colspan="1" rowspan="1"><p>R$ 668,68</p></td></tr><tr><td colspan="1" rowspan="1"><p>4332/ATAN3RP/2026</p></td><td colspan="1" rowspan="1"><p>73 AVIATION LTDA</p></td><td colspan="1" rowspan="1"><p>65.479.601/0001-74</p></td><td colspan="1" rowspan="1"><p>R$ 668,54</p></td></tr><tr><td colspan="1" rowspan="1"><p>4333/ATAN3RP/2026</p></td><td colspan="1" rowspan="1"><p>A I B M SERVICOS AERONAUTICOS LTDA</p></td><td colspan="1" rowspan="1"><p>33.867.120/0001-40</p></td><td colspan="1" rowspan="1"><p>R$ 553,64</p></td></tr><tr><td colspan="1" rowspan="1"><p>4334/ATAN3RP/2026</p></td><td colspan="1" rowspan="1"><p>A. R. T. TAXI AEREO LTDA</p></td><td colspan="1" rowspan="1"><p>10.441.464/0001-97</p></td><td colspan="1" rowspan="1"><p>R$ 34.199,60</p></td></tr><tr><td colspan="1" rowspan="1"><p>4335/ATAN3RP/2026</p></td><td colspan="1" rowspan="1"><p>A.S.C INDUSTRIA E COMERCIO DE ROUPAS IMPORTACAO E EXPORTACAO LTDA</p></td><td colspan="1" rowspan="1"><p>08.062.888/0001-07</p></td><td colspan="1" rowspan="1"><p>R$ 2.464,57</p></td></tr><tr><td colspan="1" rowspan="1"><p>4336/ATAN3RP/2026</p></td><td colspan="1" rowspan="1"><p>AB ADMINISTRADORA DE BENS E SERVICOS DE PALESTRAS E CURSOS LTDA</p></td><td colspan="1" rowspan="1"><p>36.176.820/0001-86</p></td><td colspan="1" rowspan="1"><p>R$ 96,82</p></td></tr><tr><td colspan="1" rowspan="1"><p>4337/ATAN3RP/2026</p></td><td colspan="1" rowspan="1"><p>ABDUL HADI FARES</p></td><td colspan="1" rowspan="1"><p>XXX.XXX.428-03</p></td><td colspan="1" rowspan="1"><p>R$ 112.275,75</p></td></tr><tr><td colspan="1" rowspan="1"><p>4338/ATAN3RP/2026</p></td><td colspan="1" rowspan="1"><p>ABECKER EMPREENDIMENTOS IMOBILIARIOS LTDA</p></td><td colspan="1" rowspan="1"><p>05.220.639/0001-04</p></td><td colspan="1" rowspan="1"><p>R$ 1.121,90</p></td></tr><tr><td colspan="1" rowspan="1"><p>4339/ATAN3RP/2026</p></td><td colspan="1" rowspan="1"><p>ACM AUTO CENTER MAQUINAS LTDA</p></td><td colspan="1" rowspan="1"><p>05.476.456/0001-46</p></td><td colspan="1" rowspan="1"><p>R$ 4.709,56</p></td></tr><tr><td colspan="1" rowspan="1"><p>4340/ATAN3RP/2026</p></td><td colspan="1" rowspan="1"><p>ADALCIR RIBEIRO LOPES</p></td><td colspan="1" rowspan="1"><p>XXX.XXX.976-49</p></td><td colspan="1" rowspan="1"><p>R$ 1.543,57</p></td></tr><tr><td colspan="1" rowspan="1"><p>4341/ATAN3RP/2026</p></td><td colspan="1" rowspan="1"><p>ADD/SKY ESCOLA DE PILOTAGEM LTDA</p></td><td colspan="1" rowspan="1"><p>02.000.132/0001-49</p></td><td colspan="1" rowspan="1"><p>R$ 850,55</p></td></tr><tr><td colspan="1" rowspan="1"><p>4342/ATAN3RP/2026</p></td><td colspan="1" rowspan="1"><p>ADEMILSON BENEDITO ROMAGNOLI</p></td><td colspan="1" rowspan="1"><p>XXX.XXX.229-91</p></td><td colspan="1" rowspan="1"><p>R$ 557,50</p></td></tr><tr><td colspan="1" rowspan="1"><p>4343/ATAN3RP/2026</p></td><td colspan="1" rowspan="1"><p>ADEMIR CELSO ROSSATO</p></td><td colspan="1" rowspan="1"><p>XXX.XXX.029-53</p></td><td colspan="1" rowspan="1"><p>R$ 427,98</p></td></tr><tr><td colspan="1" rowspan="1"><p>4344/ATAN3RP/2026</p></td><td colspan="1" rowspan="1"><p>ADILSON MENDES JUNIOR</p></td><td colspan="1" rowspan="1"><p>37.165.568/0001-72</p></td><td colspan="1" rowspan="1"><p>R$ 1.276,46</p></td></tr><tr><td colspan="1" rowspan="1"><p>4345/ATAN3RP/2026</p></td><td colspan="1" rowspan="1"><p>ADM E PRECISO TREINAMENTO EM DESENVOLVIMENTO PROFISSIONAL LTDA</p></td><td colspan="1" rowspan="1"><p>31.288.641/0001-17</p></td><td colspan="1" rowspan="1"><p>R$ 393,40</p></td></tr><tr><td colspan="1" rowspan="1"><p>4346/ATAN3RP/2026</p></td><td colspan="1" rowspan="1"><p>ADRIA VITORIA DA SILVA OLIVEIRA</p></td><td colspan="1" rowspan="1"><p>XXX.XXX.082-01</p></td><td colspan="1" rowspan="1"><p>R$ 1.357,47</p></td></tr><tr><td colspan="1" rowspan="1"><p>4347/ATAN3RP/2026</p></td><td colspan="1" rowspan="1"><p>ADRIANY REGES LIMA</p></td><td colspan="1" rowspan="1"><p>XXX.XXX.991-91</p></td><td colspan="1" rowspan="1"><p>R$ 167,17</p></td></tr><tr><td colspan="1" rowspan="1"><p>4348/ATAN3RP/2026</p></td><td colspan="1" rowspan="1"><p>AERO AGRICOLA GIRUAENSE LTDA</p></td><td colspan="1" rowspan="1"><p>02.668.360/0001-91</p></td><td colspan="1" rowspan="1"><p>R$ 71,33</p></td></tr><tr><td colspan="1" rowspan="1"><p>4349/ATAN3RP/2026</p></td><td colspan="1" rowspan="1"><p>AERO AGRICOLA MEDIANEIRA LTDA</p></td><td colspan="1" rowspan="1"><p>24.740.932/0001-39</p></td><td colspan="1" rowspan="1"><p>R$ 120,50</p></td></tr><tr><td colspan="1" rowspan="1"><p>4350/ATAN3RP/2026</p></td><td colspan="1" rowspan="1"><p>AERO CENTER BRASIL ESCOLA DE AVIACAO CIVIL LTDA</p></td><td colspan="1" rowspan="1"><p>35.143.834/0001-30</p></td><td colspan="1" rowspan="1"><p>R$ 2.509,24</p></td></tr><tr><td colspan="1" rowspan="1"><p>4351/ATAN3RP/2026</p></td><td colspan="1" rowspan="1"><p>AERO CENTER BRASIL LTDA</p></td><td colspan="1" rowspan="1"><p>20.122.710/0001-00</p></td><td colspan="1" rowspan="1"><p>R$ 4.090,84</p></td></tr><tr><td colspan="1" rowspan="1"><p>4352/ATAN3RP/2026</p></td><td colspan="1" rowspan="1"><p>AERO CENTER BRASIL TÁXI AÉREO LTDA</p></td><td colspan="1" rowspan="1"><p>32.131.251/0001-00</p></td><td colspan="1" rowspan="1"><p>R$ 31.373,40</p></td></tr><tr><td colspan="1" rowspan="1"><p>4353/ATAN3RP/2026</p></td><td colspan="1" rowspan="1"><p>AERO MT - ESCOLA DE AVIACAO CIVIL LTDA</p></td><td colspan="1" rowspan="1"><p>53.442.446/0001-32</p></td><td colspan="1" rowspan="1"><p>R$ 149,73</p></td></tr><tr><td colspan="1" rowspan="1"><p>4354/ATAN3RP/2026</p></td><td colspan="1" rowspan="1"><p>AEROBRAN TAXI AEREO LTDA</p></td><td colspan="1" rowspan="1"><p>07.918.532/0001-51</p></td><td colspan="1" rowspan="1"><p>R$ 17.474,70</p></td></tr><tr><td colspan="1" rowspan="1"><p>4355/ATAN3RP/2026</p></td><td colspan="1" rowspan="1"><p>AEROCERRADO AVIACAO AGRICOLA LTDA</p></td><td colspan="1" rowspan="1"><p>59.254.254/0001-89</p></td><td colspan="1" rowspan="1"><p>R$ 314,66</p></td></tr><tr><td colspan="1" rowspan="1"><p>4356/ATAN3RP/2026</p></td><td colspan="1" rowspan="1"><p>AERODINAMICA ESCOLA DE AVIACAO CIVIL LTDA</p></td><td colspan="1" rowspan="1"><p>28.976.217/0001-50</p></td><td colspan="1" rowspan="1"><p>R$ 1.030,03</p></td></tr><tr><td colspan="1" rowspan="1"><p>4357/ATAN3RP/2026</p></td><td colspan="1" rowspan="1"><p>AEROGREEN AVIACAO AGRICOLA LTDA</p></td><td colspan="1" rowspan="1"><p>28.588.411/0001-69</p></td><td colspan="1" rowspan="1"><p>R$ 322,51</p></td></tr><tr><td colspan="1" rowspan="1"><p>4358/ATAN3RP/2026</p></td><td colspan="1" rowspan="1"><p>AEROHANGAR PARTICIPACOES LTDA</p></td><td colspan="1" rowspan="1"><p>57.594.516/0001-29</p></td><td colspan="1" rowspan="1"><p>R$ 1.049,37</p></td></tr><tr><td colspan="1" rowspan="1"><p>4359/ATAN3RP/2026</p></td><td colspan="1" rowspan="1"><p>AEROKING</p></td><td colspan="1" rowspan="1"><p>52.235.555/0001-16</p></td><td colspan="1" rowspan="1"><p>R$ 1.427,07</p></td></tr><tr><td colspan="1" rowspan="1"><p>4360/ATAN3RP/2026</p></td><td colspan="1" rowspan="1"><p>AERONORTE TAXI AEREO LTDA</p></td><td colspan="1" rowspan="1"><p>20.584.230/0001-52</p></td><td colspan="1" rowspan="1"><p>R$ 4.744,08</p></td></tr><tr><td colspan="1" rowspan="1"><p>4444/ATAN3RP/2026</p></td><td colspan="1" rowspan="1"><p>AEROSPEED TÁXI AÉREO LTDA</p></td><td colspan="1" rowspan="1"><p>26.479.153/0001-57</p></td><td colspan="1" rowspan="1"><p>R$ 3.242,68</p></td></tr><tr><td colspan="1" rowspan="1"><p>4445/ATAN3RP/2026</p></td><td colspan="1" rowspan="1"><p>AEROSUL</p></td><td colspan="1" rowspan="1"><p>46.836.937/0001-00</p></td><td colspan="1" rowspan="1"><p>R$ 3.216,55</p></td></tr><tr><td colspan="1" rowspan="1"><p>4446/ATAN3RP/2026</p></td><td colspan="1" rowspan="1"><p>AEROTOP TAXI AEREO LTDA</p></td><td colspan="1" rowspan="1"><p>06.180.439/0001-20</p></td><td colspan="1" rowspan="1"><p>R$ 27.995,90</p></td></tr><tr><td colspan="1" rowspan="1"><p>4447/ATAN3RP/2026</p></td><td colspan="1" rowspan="1"><p>AEROTRADING AVIACAO LTDA</p></td><td colspan="1" rowspan="1"><p>12.625.913/0001-82</p></td><td colspan="1" rowspan="1"><p>R$ 4.583,64</p></td></tr><tr><td colspan="1" rowspan="1"><p>4448/ATAN3RP/2026</p></td><td colspan="1" rowspan="1"><p>AEROTRI AEROFOTOGRAMETRIA E CARTOGRAFIA LTDA</p></td><td colspan="1" rowspan="1"><p>08.748.599/0001-58</p></td><td colspan="1" rowspan="1"><p>R$ 1.580,22</p></td></tr><tr><td colspan="1" rowspan="1"><p>4449/ATAN3RP/2026</p></td><td colspan="1" rowspan="1"><p>AEROTUR TAXI AEREO LTDA</p></td><td colspan="1" rowspan="1"><p>13.304.516/0001-71</p></td><td colspan="1" rowspan="1"><p>R$ 3.324,55</p></td></tr><tr><td colspan="1" rowspan="1"><p>4450/ATAN3RP/2026</p></td><td colspan="1" rowspan="1"><p>AEROVIDA TÁXI AÉREO LTDA</p></td><td colspan="1" rowspan="1"><p>28.445.023/0001-29</p></td><td colspan="1" rowspan="1"><p>R$ 117.855,88</p></td></tr><tr><td colspan="1" rowspan="1"><p>4451/ATAN3RP/2026</p></td><td colspan="1" rowspan="1"><p>AEROVIP SERVICOS AERONAUTICOS LTDA</p></td><td colspan="1" rowspan="1"><p>41.314.164/0001-70</p></td><td colspan="1" rowspan="1"><p>R$ 6.869,58</p></td></tr><tr><td colspan="1" rowspan="1"><p>4452/ATAN3RP/2026</p></td><td colspan="1" rowspan="1"><p>AFJ ADMINISTRADORA DE BENS LTDA</p></td><td colspan="1" rowspan="1"><p>54.843.659/0001-39</p></td><td colspan="1" rowspan="1"><p>R$ 1.256,15</p></td></tr><tr><td colspan="1" rowspan="1"><p>4453/ATAN3RP/2026</p></td><td colspan="1" rowspan="1"><p>AG AVIACAO LTDA</p></td><td colspan="1" rowspan="1"><p>51.236.753/0001-31</p></td><td colspan="1" rowspan="1"><p>R$ 988,04</p></td></tr><tr><td colspan="1" rowspan="1"><p>4454/ATAN3RP/2026</p></td><td colspan="1" rowspan="1"><p>AG AVIATION ADMINISTRACAO DE BENS LTDA</p></td><td colspan="1" rowspan="1"><p>62.976.322/0001-28</p></td><td colspan="1" rowspan="1"><p>R$ 2.135,37</p></td></tr><tr><td colspan="1" rowspan="1"><p>4455/ATAN3RP/2026</p></td><td colspan="1" rowspan="1"><p>AGRÍCOLA VONTOBEL LTDA</p></td><td colspan="1" rowspan="1"><p>19.534.485/0001-21</p></td><td colspan="1" rowspan="1"><p>R$ 6.214,57</p></td></tr><tr><td colspan="1" rowspan="1"><p>4456/ATAN3RP/2026</p></td><td colspan="1" rowspan="1"><p>AGRO KARANDA LTDA</p></td><td colspan="1" rowspan="1"><p>28.710.543/0001-11</p></td><td colspan="1" rowspan="1"><p>R$ 1.591,53</p></td></tr><tr><td colspan="1" rowspan="1"><p>4457/ATAN3RP/2026</p></td><td colspan="1" rowspan="1"><p>AGRO PECUARIA NOVA GALIA LTDA</p></td><td colspan="1" rowspan="1"><p>52.508.116/0001-30</p></td><td colspan="1" rowspan="1"><p>R$ 279,01</p></td></tr><tr><td colspan="1" rowspan="1"><p>4458/ATAN3RP/2026</p></td><td colspan="1" rowspan="1"><p>AGRO UNIONE LTDA</p></td><td colspan="1" rowspan="1"><p>05.524.405/0001-42</p></td><td colspan="1" rowspan="1"><p>R$ 2.690,35</p></td></tr><tr><td colspan="1" rowspan="1"><p>4459/ATAN3RP/2026</p></td><td colspan="1" rowspan="1"><p>AGROLIZ - SOCIEDADE AGROPECUARIA LTDA</p></td><td colspan="1" rowspan="1"><p>03.032.831/0001-33</p></td><td colspan="1" rowspan="1"><p>R$ 6.280,96</p></td></tr><tr><td colspan="1" rowspan="1"><p>4460/ATAN3RP/2026</p></td><td colspan="1" rowspan="1"><p>AGROPASTORIL CINCO LTDA</p></td><td colspan="1" rowspan="1"><p>32.691.659/0001-28</p></td><td colspan="1" rowspan="1"><p>R$ 1.073,52</p></td></tr><tr><td colspan="1" rowspan="1"><p>4461/ATAN3RP/2026</p></td><td colspan="1" rowspan="1"><p>AGROPECUARIA J D LTDA</p></td><td colspan="1" rowspan="1"><p>34.381.158/0001-70</p></td><td colspan="1" rowspan="1"><p>R$ 56.687,42</p></td></tr><tr><td colspan="1" rowspan="1"><p>4462/ATAN3RP/2026</p></td><td colspan="1" rowspan="1"><p>AGROPECUARIA J3 LTDA</p></td><td colspan="1" rowspan="1"><p>56.301.225/0001-32</p></td><td colspan="1" rowspan="1"><p>R$ 1.519,96</p></td></tr><tr><td colspan="1" rowspan="1"><p>4463/ATAN3RP/2026</p></td><td colspan="1" rowspan="1"><p>AGROPECUARIA SANTA FELICIDADE LTDA</p></td><td colspan="1" rowspan="1"><p>14.048.197/0001-43</p></td><td colspan="1" rowspan="1"><p>R$ 3.281,52</p></td></tr><tr><td colspan="1" rowspan="1"><p>4464/ATAN3RP/2026</p></td><td colspan="1" rowspan="1"><p>AGROSUL MAQUINAS LTDA</p></td><td colspan="1" rowspan="1"><p>40.512.337/0001-00</p></td><td colspan="1" rowspan="1"><p>R$ 1.842,63</p></td></tr><tr><td colspan="1" rowspan="1"><p>4465/ATAN3RP/2026</p></td><td colspan="1" rowspan="1"><p>AGUIDA SIANGE GOMES DA COSTA</p></td><td colspan="1" rowspan="1"><p>XXX.XXX.702-00</p></td><td colspan="1" rowspan="1"><p>R$ 249,46</p></td></tr><tr><td colspan="1" rowspan="1"><p>4466/ATAN3RP/2026</p></td><td colspan="1" rowspan="1"><p>AICITEL ADM DE BENS E PARTICIPAÇÕES LTDA</p></td><td colspan="1" rowspan="1"><p>37.603.165/0001-68</p></td><td colspan="1" rowspan="1"><p>R$ 42.284,63</p></td></tr><tr><td colspan="1" rowspan="1"><p>4467/ATAN3RP/2026</p></td><td colspan="1" rowspan="1"><p>AIR ONE SERVICOS ADMINISTRATIVOS DE AERONAVES LTDA</p></td><td colspan="1" rowspan="1"><p>09.537.452/0001-81</p></td><td colspan="1" rowspan="1"><p>R$ 2.691,70</p></td></tr><tr><td colspan="1" rowspan="1"><p>4468/ATAN3RP/2026</p></td><td colspan="1" rowspan="1"><p>AIR TAXI AEREO LTDA</p></td><td colspan="1" rowspan="1"><p>62.029.171/0001-09</p></td><td colspan="1" rowspan="1"><p>R$ 3.097,30</p></td></tr><tr><td colspan="1" rowspan="1"><p>4469/ATAN3RP/2026</p></td><td colspan="1" rowspan="1"><p>AIRPLANE ADMINISTRADORA LTDA</p></td><td colspan="1" rowspan="1"><p>47.079.051/0001-14</p></td><td colspan="1" rowspan="1"><p>R$ 9.647,35</p></td></tr><tr><td colspan="1" rowspan="1"><p>4470/ATAN3RP/2026</p></td><td colspan="1" rowspan="1"><p>AIRSTAR COMERCIO E INTERMEDIACAO DE AERONAVES LTDA</p></td><td colspan="1" rowspan="1"><p>05.311.680/0001-88</p></td><td colspan="1" rowspan="1"><p>R$ 591,50</p></td></tr><tr><td colspan="1" rowspan="1"><p>4471/ATAN3RP/2026</p></td><td colspan="1" rowspan="1"><p>AJPA EMPREENDIMENTOS IMOBILIARIOS LTDA</p></td><td colspan="1" rowspan="1"><p>38.306.085/0001-03</p></td><td colspan="1" rowspan="1"><p>R$ 167,17</p></td></tr><tr><td colspan="1" rowspan="1"><p>4472/ATAN3RP/2026</p></td><td colspan="1" rowspan="1"><p>ALBA CONSULTORIA AGROINDUSTRIAL S/S</p></td><td colspan="1" rowspan="1"><p>30.953.911/0001-02</p></td><td colspan="1" rowspan="1"><p>R$ 323,02</p></td></tr><tr><td colspan="1" rowspan="1"><p>4473/ATAN3RP/2026</p></td><td colspan="1" rowspan="1"><p>ALBANO ROYER ADMINISTRADORA DE PARTICIPACOES SOCIETARIAS LTDA</p></td><td colspan="1" rowspan="1"><p>20.161.878/0001-16</p></td><td colspan="1" rowspan="1"><p>R$ 1.022,23</p></td></tr><tr><td colspan="1" rowspan="1"><p>4474/ATAN3RP/2026</p></td><td colspan="1" rowspan="1"><p>ALEKCEY GLAYZER GAVIOLI COLIONE</p></td><td colspan="1" rowspan="1"><p>XXX.XXX.939-53</p></td><td colspan="1" rowspan="1"><p>R$ 99,82</p></td></tr><tr><td colspan="1" rowspan="1"><p>4475/ATAN3RP/2026</p></td><td colspan="1" rowspan="1"><p>ALENCAR MAGALHAES DA SILVEIRA JUNIOR</p></td><td colspan="1" rowspan="1"><p>XXX.XXX.656-04</p></td><td colspan="1" rowspan="1"><p>R$ 812,09</p></td></tr><tr><td colspan="1" rowspan="1"><p>4476/ATAN3RP/2026</p></td><td colspan="1" rowspan="1"><p>ALEX VENANCIO DA SILVA LTDA</p></td><td colspan="1" rowspan="1"><p>34.350.444/0001-79</p></td><td colspan="1" rowspan="1"><p>R$ 840,42</p></td></tr><tr><td colspan="1" rowspan="1"><p>4477/ATAN3RP/2026</p></td><td colspan="1" rowspan="1"><p>ALEXANDRE FRANCA SIQUEIRA</p></td><td colspan="1" rowspan="1"><p>XXX.XXX.942-72</p></td><td colspan="1" rowspan="1"><p>R$ 27.179,53</p></td></tr><tr><td colspan="1" rowspan="1"><p>4478/ATAN3RP/2026</p></td><td colspan="1" rowspan="1"><p>ALEXANDRE HUMBERTO CARAMATTI MANATA</p></td><td colspan="1" rowspan="1"><p>XXX.XXX.656-20</p></td><td colspan="1" rowspan="1"><p>R$ 1.038,32</p></td></tr><tr><td colspan="1" rowspan="1"><p>4479/ATAN3RP/2026</p></td><td colspan="1" rowspan="1"><p>ALEXANDRE PEREIRA DE FARIA</p></td><td colspan="1" rowspan="1"><p>XXX.XXX.917-70</p></td><td colspan="1" rowspan="1"><p>R$ 933,19</p></td></tr><tr><td colspan="1" rowspan="1"><p>4480/ATAN3RP/2026</p></td><td colspan="1" rowspan="1"><p>ALEXANDRE VASCONCELOS CASTRO</p></td><td colspan="1" rowspan="1"><p>XXX.XXX.465-49</p></td><td colspan="1" rowspan="1"><p>R$ 8.184,25</p></td></tr><tr><td colspan="1" rowspan="1"><p>4481/ATAN3RP/2026</p></td><td colspan="1" rowspan="1"><p>ALFFA EMPREENDIMENTOS E ADMINISTRACAO DE BENS PROPRIOS LTDA</p></td><td colspan="1" rowspan="1"><p>45.262.143/0001-00</p></td><td colspan="1" rowspan="1"><p>R$ 6.541,81</p></td></tr><tr><td colspan="1" rowspan="1"><p>4482/ATAN3RP/2026</p></td><td colspan="1" rowspan="1"><p>ALISSON PIRAJA DE JESUS</p></td><td colspan="1" rowspan="1"><p>XXX.XXX.085-31</p></td><td colspan="1" rowspan="1"><p>R$ 304,62</p></td></tr><tr><td colspan="1" rowspan="1"><p>4483/ATAN3RP/2026</p></td><td colspan="1" rowspan="1"><p>ALOISIO PEDRO HERINGER</p></td><td colspan="1" rowspan="1"><p>XXX.XXX.683-34</p></td><td colspan="1" rowspan="1"><p>R$ 3.622,56</p></td></tr><tr><td colspan="1" rowspan="1"><p>4484/ATAN3RP/2026</p></td><td colspan="1" rowspan="1"><p>ALOIZIO RODRIGUES</p></td><td colspan="1" rowspan="1"><p>XXX.XXX.896-53</p></td><td colspan="1" rowspan="1"><p>R$ 116,71</p></td></tr><tr><td colspan="1" rowspan="1"><p>4485/ATAN3RP/2026</p></td><td colspan="1" rowspan="1"><p>ALOYSIO RESENDE ROSSETI</p></td><td colspan="1" rowspan="1"><p>XXX.XXX.828-60</p></td><td colspan="1" rowspan="1"><p>R$ 106,17</p></td></tr><tr><td colspan="1" rowspan="1"><p>4486/ATAN3RP/2026</p></td><td colspan="1" rowspan="1"><p>ALPINA ADMINISTRACAO E PARTICIPACOES S.A.</p></td><td colspan="1" rowspan="1"><p>58.195.227/0001-10</p></td><td colspan="1" rowspan="1"><p>R$ 3.111,55</p></td></tr><tr><td colspan="1" rowspan="1"><p>4487/ATAN3RP/2026</p></td><td colspan="1" rowspan="1"><p>COSTA DO SOL TAXI AEREO S.A</p></td><td colspan="1" rowspan="1"><p>11.223.764/0001-62</p></td><td colspan="1" rowspan="1"><p>R$ 471.602,46</p></td></tr><tr><td colspan="1" rowspan="1"><p>4488/ATAN3RP/2026</p></td><td colspan="1" rowspan="1"><p>ALVARO AMORIM BASTOS</p></td><td colspan="1" rowspan="1"><p>XXX.XXX.771-20</p></td><td colspan="1" rowspan="1"><p>R$ 10.872,80</p></td></tr><tr><td colspan="1" rowspan="1"><p>4489/ATAN3RP/2026</p></td><td colspan="1" rowspan="1"><p>ALVARO JOAO ARAUJO LACERDA</p></td><td colspan="1" rowspan="1"><p>XXX.XXX.016-15</p></td><td colspan="1" rowspan="1"><p>R$ 1.857,55</p></td></tr><tr><td colspan="1" rowspan="1"><p>4490/ATAN3RP/2026</p></td><td colspan="1" rowspan="1"><p>AMAPIL TAXI AEREO LTDA</p></td><td colspan="1" rowspan="1"><p>70.390.497/0001-87</p></td><td colspan="1" rowspan="1"><p>R$ 44.455,03</p></td></tr><tr><td colspan="1" rowspan="1"><p>4491/ATAN3RP/2026</p></td><td colspan="1" rowspan="1"><p>AMARO AVIATION S.A</p></td><td colspan="1" rowspan="1"><p>40.264.431/0001-80</p></td><td colspan="1" rowspan="1"><p>R$ 12.844,14</p></td></tr><tr><td colspan="1" rowspan="1"><p>4492/ATAN3RP/2026</p></td><td colspan="1" rowspan="1"><p>AMAURY PAULO CORRÊA JÚNIOR</p></td><td colspan="1" rowspan="1"><p>XXX.XXX.556-89</p></td><td colspan="1" rowspan="1"><p>R$ 626,28</p></td></tr><tr><td colspan="1" rowspan="1"><p>4493/ATAN3RP/2026</p></td><td colspan="1" rowspan="1"><p>AMAURY VIEIRA REZENDE</p></td><td colspan="1" rowspan="1"><p>XXX.XXX.871-34</p></td><td colspan="1" rowspan="1"><p>R$ 79,30</p></td></tr><tr><td colspan="1" rowspan="1"><p>4494/ATAN3RP/2026</p></td><td colspan="1" rowspan="1"><p>AMAZON GREEN TAXI AEREO E SERVICOS AERONAUTICOS LTDA</p></td><td colspan="1" rowspan="1"><p>46.611.306/0001-85</p></td><td colspan="1" rowspan="1"><p>R$ 15.187,09</p></td></tr><tr><td colspan="1" rowspan="1"><p>4495/ATAN3RP/2026</p></td><td colspan="1" rowspan="1"><p>AMAZON GREEN TAXI AEREO E SERVICOS AERONAUTICOS LTDA</p></td><td colspan="1" rowspan="1"><p>46.611.306/0002-66</p></td><td colspan="1" rowspan="1"><p>R$ 12.624,09</p></td></tr><tr><td colspan="1" rowspan="1"><p>4496/ATAN3RP/2026</p></td><td colspan="1" rowspan="1"><p>AMAZONAS IMPORTADOS LTDA</p></td><td colspan="1" rowspan="1"><p>07.269.201/0001-38</p></td><td colspan="1" rowspan="1"><p>R$ 4.170,98</p></td></tr><tr><td colspan="1" rowspan="1"><p>4497/ATAN3RP/2026</p></td><td colspan="1" rowspan="1"><p>AMAZONIA AVIACAO AGRICOLA LTDA</p></td><td colspan="1" rowspan="1"><p>07.598.100/0001-00</p></td><td colspan="1" rowspan="1"><p>R$ 283,67</p></td></tr><tr><td colspan="1" rowspan="1"><p>4498/ATAN3RP/2026</p></td><td colspan="1" rowspan="1"><p>AMBIPAR PARTICIPACOES E EMPREENDIMENTOS S.A.</p></td><td colspan="1" rowspan="1"><p>12.648.266/0001-24</p></td><td colspan="1" rowspan="1"><p>R$ 16.382,07</p></td></tr></table>;21/08/2026
http://pesquisa.in.gov.br/imprensa/jsp/visualiza/index.jsp?data=21/08/2026&jornal=530&pagina=12;EXTRATO DE ACORDO DE PARCERIA;<p>PARA PESQUISA, DESENVOLVIMENTO E INOVAÇÃO</p><p>Espécie: Acordo de Parceria para Pesquisa, Desenvolvimento e Inovação, denominado no instrumento "Acordo de Cooperação Técnico-Financeiro".</p><p>Processo: PAG nº 67750.001370/2026-08. Partícipes: Instituto Tecnológico de Aeronáutica - ITA\; Serviço Nacional de Aprendizagem Industrial - SENAI, Departamentos Regionais de São Paulo, Santa Catarina e Paraná\; Volkswagen do Brasil Indústria de Veículos Automotores Ltda.\; Stellantis Automóveis Brasil Ltda.\; General Motors do Brasil Ltda.\; Hyundai Motor Brasil Montadora de Automóveis Ltda.\; CNH Industrial Brasil Ltda.\; Tupy S.A.\; MWM Tupy do Brasil Ltda.\; Horse Brasil S.A.\; Mahle Metal Leve S.A.\; Schaeffler Brasil Ltda.\; AVL South America Ltda.\; Dirac Inovações Tecnológicas Ltda.\; e Liconic Soluções Tecnológicas Ltda. Fundação de apoio: Fundação Casimiro Montenegro Filho - FCMF. Objeto: mútua cooperação para a execução do projeto "Motor a Etanol de Alta Eficiência", na categoria MOVER - Projetos Estruturantes (EMBRAPII e SENAI), visando viabilizar a tecnologia de ignição distribuída para o desenvolvimento de motores a etanol de alta eficiência, com aplicação estendida a motores multicilindro flex-fuel otimizados para o uso do etanol. Valor global: R$ 48.888.888,89. Data da última assinatura eletrônica: 11 de junho de 2026. Vigência: 5 (cinco) anos a partir da data da última assinatura eletrônica, até 11 de junho de 2031. ANTONIO GUILHERME DE ARRUDA LORENZI Reitor do ITA</p>;21/08/2026
http://pesquisa.in.gov.br/imprensa/jsp/visualiza/index.jsp?data=21/08/2026&jornal=530&pagina=12;EXTRATO DE APOSTILAMENTO Nº 3/2026 - UASG 120637;<p>Número do Contrato: 87/2025.</p><p>Nº Processo: 67291.004941/2024-41.</p><p>Contratante: BASE AEREA DE BOA VISTA. Contratado: 00.415.411/0001-48 - MONTEIRO CONSTRUCOES LTDA. Objeto: Prorrogação da paralisação de execução pelo tempo correspondente, com início em 26 de junho de 2026 até 03 de agosto de 2026, ordem de execução de serviço, ficando essa empresa autorizada a iniciar os serviços, objeto do contrato referenciado, a partir do dia 04 de agosto de 2026, atualização do cronograma físico-financeiro conforme artigo descrito no item 1.1 do presente termo e prorrogação da vigência de execução pelo tempo correspondente, até 31 de dezembro de 2026. Vigência: 16/10/2026 a 31/12/2026. Valor Total Atualizado do Contrato: R$ 1.944.822,21. Data de Assinatura: 26/06/2026.</p><p>(COMPRASNET 4.0 - 26/06/2026).</p>;21/08/2026
http://pesquisa.in.gov.br/imprensa/jsp/visualiza/index.jsp?data=21/08/2026&jornal=530&pagina=12;EXTRATO DE CONTRATO;<p>Nº 7/2026 - UASG 120025</p><p>Nº Processo: 67246.000444/2024-19</p><p>Pregão. Nº 90003/2023. Contratante: ESCOLA PREPARATORIA DE CADETES DO AR.</p><p>Contratado: 17.301.544/0001-96 - STAMM Mudanças e Transporte. Objeto: Contratação de Serviço de transporte nacional de bagagem dos militares e seus dependentes, inclusive os inativos, por via rodoviária, porta a porta, em caminhão fechado (tipo baú ou tipo cegonha), incluindo automóvel, para atendimento à Escola Preparatória de Cadetes do Ar. Fundamento Legal: LEI 14.133/2021 - Artigo: 28 - Inciso: I. Vigência: 08/04/2026 a 07/06/2026. Valor Total: R$ 17.744,40. Data de Assinatura: 08/04/2026.</p><p>(COMPRASNET 4.0 - 21/08/2026).</p>;21/08/2026
http://pesquisa.in.gov.br/imprensa/jsp/visualiza/index.jsp?data=21/08/2026&jornal=530&pagina=17;EXTRATO DE CONTRATO Nº 19/2026 - UASG 120006;<p>Nº Processo: 67800.002093/2025-29.</p><p>Dispensa Nº 263/2026. Contratante: DIRETORIA DE ECONOMIA E FINANÇAS DA AERONÁUTICA.</p><p>Contratado: 33.683.111/0001-07 - SERVIÇO FEDERAL DE PROCESSAMENTO DE DADOS (SERPRO). Objeto: Aquisição de certificado digital.</p><p>Fundamento Legal: LEI 14.133/2021 - Artigo: 75 - Inciso: IX. Vigência: 11/08/2026 a 11/08/2027. Valor Total: R$ 1.181,30. Data de Assinatura: 11/08/2026.</p><p>(COMPRASNET 4.0 - 20/08/2026).</p>;21/08/2026
http://pesquisa.in.gov.br/imprensa/jsp/visualiza/index.jsp?data=21/08/2026&jornal=530&pagina=12;EXTRATO DE CONTRATO Nº 35/BAFZ/2026 - UASG 120014;<p>Nº Processo: 67221.004035/2025-51.</p><p>Pregão nº 90022/2025. Contratante: BASE AÉREA DE FORTALEZA.</p><p>Contratado: 04.219.922/0001-45 - TEMPO ENGENHARIA LTDA - ME. Objeto: Contratação de empresa especializada para a prestação de serviços de manutenção predial nas edificações da Base Aérea de Fortaleza, com o fornecimento de materiais e mão de obra especializada, pelo modelo de maior desconto sobre a tabela SINAPI, sob demanda, conforme quantidades e exigências estabelecidas no Termo de Referência.</p><p>Fundamento Legal: Lei nº 14.133/2021. Vigência: 18/08/2026 a 18/08/2027. Valor Total: R$ 49.010,00. Data de Assinatura: 18/08/2026.</p><p>(COMPRASNET 4.0 - 20/08/2026).</p>;21/08/2026
http://pesquisa.in.gov.br/imprensa/jsp/visualiza/index.jsp?data=21/08/2026&jornal=530&pagina=17;EXTRATO DE CONTRATO Nº 40/2026 - UASG 120645;<p>Nº Processo: 67107.004280/2025-74.</p><p>Concorrência Nº 90004/2025. Contratante: GRUPAMENTO DE APOIO DO GALEAO.</p><p>Contratado: 21.375.119/0001-19 - PAVILION ARQUITETURA E ENGENHARIA LTDA. Objeto: Contratação de serviço especial de engenharia para prestação de serviços técnicos profissionais de engenharia para elaboração de estudos técnicos preliminares e projeto básico, visando a reforma completa dos ranchos do hfag, pamb-rj, cemal e cgabeg, nas condições estabelecidas no termo de referência..</p><p>Fundamento Legal: LEI 14.133/2021 - Artigo: 28 - Inciso: II. Vigência: 03/08/2026 a 30/01/2027. Valor Total: R$ 197.107,95. Data de Assinatura: 03/08/2026.</p><p>(COMPRASNET 4.0 - 18/08/2026).</p>;21/08/2026
http://pesquisa.in.gov.br/imprensa/jsp/visualiza/index.jsp?data=21/08/2026&jornal=530&pagina=17;EXTRATO DE CREDENCIAMENTO Nº 113/2025 - UASG 120073;<p>Nº Processo: 67272.008673/2025-45.</p><p>Inexigibilidade Nº 108/2026. Contratante: BASE AEREA DE FLORIANOPOLIS.</p><p>Contratado: 00.485.223/0001-96 - LABORATORIO DE ANALISES CLINICAS SANTA TEREZINHA LTDA. Objeto: Prestação de serviços profissionais de atendimento médico/hospitalar em geral, conforme especificado no Termo de Credenciamento nº 113/BAFL-GSAU/2025, aos usuários do Fundo de Saúde da Aeronáutica (FUNSA).</p><p>Fundamento Legal: LEI 14.133/2021 - Artigo: 74 - Inciso: IV. Vigência: 17/06/2026 a 16/06/2031. Valor Total: R$ 40.000,00. Data de Assinatura: 17/06/2026.</p><p>(COMPRASNET 4.0 - 20/08/2026).</p>;21/08/2026
http://pesquisa.in.gov.br/imprensa/jsp/visualiza/index.jsp?data=21/08/2026&jornal=530&pagina=17;EXTRATO DE REGISTRO DE PREÇOS;<p>ESPÉCIE: Atas de Registro de Preços nº 320 a 326/GAP-C0/2026\; Referente ao PAG nº 67278.000407/2026-03\; UNIDADE: GAP-CO\; MODALIDADE: Pregão Eletrônico nº 90024/2026\; OBJETO: Registro de preços para eventual Aquisição de Materiais Descartáveis, em proveito do Grupamento de Apoio de Canoas (GAP-CO). VIGÊNCIA: 21/08/2026 á 21/08/2027, conforme empresas vencedoras: BC CASTRO COMERCIO E SERVICOS LTDA - CNPJ 45.314.193/0001-93, no valor total de R$ 259.700,97\; CAMPOS SOLUCOES ATACADISTAS LTDA - CNPJ 60.915.736/0001-11, no valor total de R$ 5.773,46\; DESKART SUL DISTRIBUIDORA DE MATERIAIS DE LIMPEZA LTDA - CNPJ 08.471.046/0001-09, no valor total de R$ 2.665,32\; FERRALLY - COMERCIO DE EMBALAGENS LTDA - CNPJ 00.528.262/0001-23, no valor total de R$ 10.732,20\; MBM STORE LTDA - CNPJ 40.225.662/0001-84, no valor total de R$ 20.512,79\; MULTISUL COMERCIO E DISTRIBUICAO LTDA - CNPJ 12.811.487/0001-71, no valor total de R$ 780,85\; VIVIANI ANELISE MONTEIRO DE SOUZA - CNPJ 17.579.774/0001-11, no valor total de R$ 31.682,79.</p>;21/08/2026
http://pesquisa.in.gov.br/imprensa/jsp/visualiza/index.jsp?data=21/08/2026&jornal=530&pagina=12;EXTRATO DE TERMO ADITIVO Nº 1/2026 - UASG 120631;<p>Número do Contrato: 35/2025.</p><p>Nº Processo: 67222.000839/8202-55.</p><p>Pregão. Nº 90040/2025. Contratante: BASE AEREA DE NATAL. Contratado: 05.340.639/0001-30 - PRIME CONSULTORIA E ASSESSORIA EMPRESARIAL LTDA. Objeto: Acréscimo de 25% do valor do contrato nº 035/bant/2025, mantidas as demais cláusulas do contrato e assegurada a manutenção do equilíbrio econômico financeiro. Vigência: 13/08/2026 a 24/12/2026. Valor Total Atualizado do Contrato: R$ 627.989,59. Data de Assinatura: 13/08/2026.</p><p>(COMPRASNET 4.0 - 13/08/2026).</p>;21/08/2026
http://pesquisa.in.gov.br/imprensa/jsp/visualiza/index.jsp?data=21/08/2026&jornal=530&pagina=17;EXTRATO DE TERMO ADITIVO Nº 1/2026 - UASG 120645;<p>Número do Contrato: 101/2025.</p><p>Nº Processo: 67107.002898/2025-08.</p><p>Pregão. Nº 90038/2025. Contratante: GRUPAMENTO DE APOIO DO GALEAO. Contratado: 02.478.800/0001-48 - CHADA COMERCIO E SERVICOS LTDA. Objeto: O presente termo aditivo tem por objeto a prorrogação do prazo de vigência do contrato por</p><p>mais 12 (doze) meses, a partir de 25/08/2026 a 24/08/2027, podendo ser prorrogado</p><p>sucessivamente, respeitada a vigência máxima decenal, na forma do artigo 107 da lei nº 14.133,</p><p>de 2021.. Vigência: 24/08/2026 a 24/08/2027. Valor Total Atualizado do Contrato: R$ 6.105,60. Data de Assinatura: 10/08/2026.</p><p>(COMPRASNET 4.0 - 10/08/2026).</p>;21/08/2026
http://pesquisa.in.gov.br/imprensa/jsp/visualiza/index.jsp?data=21/08/2026&jornal=530&pagina=12;EXTRATO DE TERMO ADITIVO Nº 4/2026 - UASG 120016;<p>Número do Contrato: 62/2022.</p><p>Nº Processo: 67720.003158/2022-09.</p><p>Inexigibilidade. Nº 30/2022. Contratante: GRUPAMENTO DE APOIO DE S J CAMPOS. Contratado: 73.302.879/0001-08 - PROGRAMA NACIONAL DE CONTROLE DE QUALIDADE LTDA. Objeto: Prorrogar o prazo de vigência do contrato de despesa em 12 (doze) meses e reajustar o valor do contrato de despesa em razão do reajuste de 3,812500% ao seu valor atual, com base na IPCA. Vigência: 01/10/2026 a 30/09/2027. Valor Total Atualizado do Contrato: R$ 12.787,87. Data de Assinatura: 18/08/2026.</p><p>(COMPRASNET 4.0 - 18/08/2026).</p>;21/08/2026
http://pesquisa.in.gov.br/imprensa/jsp/visualiza/index.jsp?data=21/08/2026&jornal=530&pagina=17;EXTRATO DE TERMO ADITIVO Nº 4/2026 - UASG 120195;<p>Número do Contrato: 130/2022.</p><p>Nº Processo: 67106.002184/2022-59.</p><p>Pregão. Nº 127/2022. Contratante: SUBDIRETORIA DE APOIO ADMINISTRATIVO. Contratado: 02.913.444/0001-43 - REDE SOL FUEL DISTRIBUIDORA S/A. Objeto: Prorrogar o prazo de vigência por mais 12 (doze) meses. Fundamento Legal: artigo 57, inciso II, da Lei nº 8.666, de 21 de junho de 1993. Vigência: 20/08/2026 a 19/08/2027. Valor deste Termo Aditivo: R$ 1.392.527,50. Data de Assinatura: 18/08/2026.</p><p>(COMPRASNET 4.0 - 18/08/2026).</p>;21/08/2026
http://pesquisa.in.gov.br/imprensa/jsp/visualiza/index.jsp?data=21/08/2026&jornal=530&pagina=17;EXTRATO DE TERMO ADITIVO Nº 4/2026 - UASG 120633;<p>Número do Contrato: 5/2022.</p><p>Nº Processo: 67438.007783/2021-26.</p><p>Inexigibilidade. Nº 11/2021. Contratante: HOSPITAL DE FORÇA AÉREA DE SÃO PAULO. Contratado: 09.032.626/0002-35 - AGFA DO BRASIL LTDA. Objeto: Prorrogação do prazo da vigência e reajuste do Contrato nº 005/GAPSP-HFASP/2022, cujo objeto é a ontratação de serviços continuados de manutenção preventiva e corretiva, com inclusão total de peças, exceto consumíveis (suprimentos, tais como baterias, cassetes, plates), dos equipamentos e softwares de digitalização de imagens da AGFA. Vigência: 18/10/2026 a 17/10/2027. Valor Total Atualizado do Contrato: R$ 54.919,92. Data de Assinatura: 18/08/2026.</p><p>(COMPRASNET 4.0 - 18/08/2026).</p>;21/08/2026
http://pesquisa.in.gov.br/imprensa/jsp/visualiza/index.jsp?data=21/08/2026&jornal=530&pagina=18;EXTRATO DE TERMO ADITIVO Nº 4/2026 - UASG 123001;<p>Número do Contrato: 8/2024.</p><p>Nº Processo: 67011.000475/2024-23.</p><p>Inexigibilidade. Nº 90005/2023. Contratante: CAIXA FINANCIAMENTO IMOBILIARIO AERONAUTICA. Contratado: 36.153.963/0001-72 - PROGNUM INFORMATICA LTDA. Objeto: O presente termo aditivo tem por objetivo a prorrogação do prazo de vigência do contrato por mais 12 meses, a partir de 20/08/2026 até 19/08/2027, podendo ser prorrogado sucessivamente, respeitada a vigência máxima decenal, na forma do artigo 107 da lei nº 14.133 de 2021.. Vigência: 20/08/2026 a 19/08/2027. Valor Total Atualizado do Contrato: R$ 557.720,40. Data de Assinatura: 18/08/2026.</p><p>(COMPRASNET 4.0 - 18/08/2026).</p>;21/08/2026
http://pesquisa.in.gov.br/imprensa/jsp/visualiza/index.jsp?data=21/08/2026&jornal=530&pagina=17;EXTRATO DE TERMO ADITIVO Nº 5/2026 - UASG 120195;<p>Número do Contrato: 173/2021.</p><p>Nº Processo: 67106.001516/2021-05.</p><p>Pregão. Nº 127/2021. Contratante: SUBDIRETORIA DE APOIO ADMINISTRATIVO. Contratado: 34.274.233/0001-02 - VIBRA ENERGIA S.A. Objeto: PRORROGAR o prazo da vigência do Contrato nº 173/CAE-SDAP/2023, por 06 (seis) meses, contemplando-se, nesta ocasião, o período de 19/08/2026 a 18/02/2027, ou até concluído o processo licitatório em andamento, o que ocorrer primeiro, nos termos do inciso I e IV, do Art. 57, da Lei n.º 8.666, de 1993. Vigência: 19/08/2026 a 18/02/2027. Valor Total do Termo Aditivo: R$ 835.821,25. Data de Assinatura: 18/08/2026. (COMPRASNET 4.0 - 20/08/2026).</p>;21/08/2026
http://pesquisa.in.gov.br/imprensa/jsp/visualiza/index.jsp?data=21/08/2026&jornal=530&pagina=13;EXTRATO DO 5º TERMO ADITIVO AO CONTRATO DE DESPESA Nº 40/BAFZ - ES-FZ/2021 - UASG 120014;<p>Número do Contrato: 040/BAFZ/2021.</p><p>Nº Processo: 67437.004483/2021-03.</p><p>Pregão nº 014/BAFZ/2021. Contratante: BASE AÉREA DE FORTALEZA. Contratado: 10.293.515/0001-80 - EXCIMER TECNOLOGIA COMÉRCIO E ASSISTÊNCIA DE EQUIPAMENTOS MÉDICOS E HOSPITALARES. Objeto: Alteração qualitativa consensual no contrato nº 040/BAFZ-ESFZ/2021, fundamentado no Art. 65, inciso I, alínea "a", c/c § 1º, da Lei nº 8.666/1993, e Acórdão nº 1.753/2026 - TCU - Plenário, cujo objeto consiste na prestação de serviços de assistência técnica especializada para manutenção preventiva e corretiva em equipamentos odontológicos pertencentes à Seção de Odontologia do Grupo de Saúde de Fortaleza (GSAU-FZ), incluindo o fornecimento de peças/materiais, montagem e desmontagem, assegurando a operacionalidade dos equipamentos remanescentes em uso, conforme termo de referência. Valor Total Atualizado do Contrato: R$ 107.438,60. Data de Assinatura: 20/08/2026.</p><p>(COMPRASNET 4.0 - 20/12/2024).</p>;21/08/2026
http://pesquisa.in.gov.br/imprensa/jsp/visualiza/index.jsp?data=21/08/2026&jornal=530&pagina=12;EXTRATO DO MEMORANDO DE ENTENDIMENTO;<p>Espécie: MEMORANDO DE ENTENDIMENTO</p><p>1) Partícipes: Instituto Tecnológico de Aeronáutica - ITA e a Federação das Indústrias do Estado de São Paulo - FIESP/2) Instrumento: Memorando de Entendimento/3) Origem: NUP nº 67750.003211/2026-30./4) Objeto: O objetivo deste Memorando de Entendimento são os benefícios advindos da colaboração, cooperação e interação entre as duas Partes, particularmente no que diz respeito à cooperação técnico-educacional, bem como a programas científicos e culturais conjuntos, no âmbito do setor constituído pelas Micro, Pequenas e Médias indústrias do Estado de São Paulo./5) Data de Assinatura: 12 de agosto de 2026./6) Vigência: 31 de dezembro de 2029./ 7) Signatários: Pelo ITA: Magnífico Reitor Prof. Dr. Antônio Guilherme de Arruda Lorenzi /Pela FIESP: Sr. Sylvio Araujo Gomide e Jacyr da Silva Costa Filho, Procuradores. Prof. Dr. Antônio Guilherme de Arruda Lorenzi Reitor do ITA</p>;21/08/2026
http://pesquisa.in.gov.br/imprensa/jsp/visualiza/index.jsp?data=21/08/2026&jornal=530&pagina=12;EXTRATO DO MEMORANDO DE ENTENDIMENTO;<p>Espécie: MEMORANDO DE ENTENDIMENTO</p><p>1) Partícipes: Instituto Tecnológico de Aeronáutica - ITA e o Instituto de Ensino e Pesquisa - INSPER/2) Instrumento: Memorando de Entendimento/3) Origem: NUP nº 67750.003211/2026-30./4) Objeto: O objetivo deste Memorando de Entendimento é unir competências para realizar ações coordenadas em benefício mútuo. Entre as atividades previstas estão a mobilidade acadêmica, o desenvolvimento do ensino de engenharia, projetos de sustentabilidade e aviação, estímulo ao empreendedorismo e pesquisas aplicadas alinhadas à política de inovação do ITA./5) Data de Assinatura: 17 de julho de 2026./6) Vigência: 17 de julho de 2031./ 7) Signatários: Pelo ITA: Magnífico Reitor Prof. Dr. Antônio Guilherme de Arruda Lorenzi /Pelo INSPER: Sr. Guilherme Silveira Martins, Presidente do INSPER e Sr. André Filipe de Moraes Batista, Diretor da Unidade Acadêmica de Engenharia e Ciência da Computação do Insper. Prof. Dr. Antônio Guilherme de Arruda Lorenzi Reitor do ITA</p>;21/08/2026
http://pesquisa.in.gov.br/imprensa/jsp/visualiza/index.jsp?data=21/08/2026&jornal=530&pagina=14;NOTIFICACAO_017 10 DIAS_002;<p></p><p></p><table><tr><td colspan="1" rowspan="1"><p>4499/ATAN3RP/2026</p></td><td colspan="1" rowspan="1"><p>AMILTON JOSÉ DE OLIVEIRA</p></td><td colspan="1" rowspan="1"><p>XXX.XXX.010-87</p></td><td colspan="1" rowspan="1"><p>R$ 322,46</p></td></tr><tr><td colspan="1" rowspan="1"><p>4500/ATAN3RP/2026</p></td><td colspan="1" rowspan="1"><p>ANATOLE DEINZER DUARTE</p></td><td colspan="1" rowspan="1"><p>XXX.XXX.399-15</p></td><td colspan="1" rowspan="1"><p>R$ 149,73</p></td></tr><tr><td colspan="1" rowspan="1"><p>4501/ATAN3RP/2026</p></td><td colspan="1" rowspan="1"><p>ANAXIMANDRO DA SILVA SOARES</p></td><td colspan="1" rowspan="1"><p>XXX.XXX.923-68</p></td><td colspan="1" rowspan="1"><p>R$ 1.632,91</p></td></tr><tr><td colspan="1" rowspan="1"><p>4502/ATAN3RP/2026</p></td><td colspan="1" rowspan="1"><p>ANDRADE VALE PARTICIPAÇÕES LTDA</p></td><td colspan="1" rowspan="1"><p>22.846.173/0001-68</p></td><td colspan="1" rowspan="1"><p>R$ 1.254,16</p></td></tr><tr><td colspan="1" rowspan="1"><p>4503/ATAN3RP/2026</p></td><td colspan="1" rowspan="1"><p>ANDRE BELLANDI</p></td><td colspan="1" rowspan="1"><p>XXX.XXX.951-53</p></td><td colspan="1" rowspan="1"><p>R$ 573,59</p></td></tr><tr><td colspan="1" rowspan="1"><p>4504/ATAN3RP/2026</p></td><td colspan="1" rowspan="1"><p>ANDRE DE MEDEIROS BULLE</p></td><td colspan="1" rowspan="1"><p>XXX.XXX.668-86</p></td><td colspan="1" rowspan="1"><p>R$ 304,43</p></td></tr><tr><td colspan="1" rowspan="1"><p>4505/ATAN3RP/2026</p></td><td colspan="1" rowspan="1"><p>ANDRE DE OLIVEIRA MARTINS</p></td><td colspan="1" rowspan="1"><p>XXX.XXX.207-94</p></td><td colspan="1" rowspan="1"><p>R$ 1.072,90</p></td></tr><tr><td colspan="1" rowspan="1"><p>4506/ATAN3RP/2026</p></td><td colspan="1" rowspan="1"><p>ANDRE LUIGI COELHO DE OLIVEIRA COMERCIO MATERIAIS DE CONSTRUCAO LTDA</p></td><td colspan="1" rowspan="1"><p>14.716.929/0001-26</p></td><td colspan="1" rowspan="1"><p>R$ 1.110,04</p></td></tr><tr><td colspan="1" rowspan="1"><p>4507/ATAN3RP/2026</p></td><td colspan="1" rowspan="1"><p>ANDRE LUIS XAVIER MACHADO</p></td><td colspan="1" rowspan="1"><p>XXX.XXX.891-00</p></td><td colspan="1" rowspan="1"><p>R$ 501,51</p></td></tr><tr><td colspan="1" rowspan="1"><p>4508/ATAN3RP/2026</p></td><td colspan="1" rowspan="1"><p>ANDRE PINHEIRO DE LARA RESENDE</p></td><td colspan="1" rowspan="1"><p>XXX.XXX.437-68</p></td><td colspan="1" rowspan="1"><p>R$ 65,07</p></td></tr><tr><td colspan="1" rowspan="1"><p>4509/ATAN3RP/2026</p></td><td colspan="1" rowspan="1"><p>ANDRE RUARO</p></td><td colspan="1" rowspan="1"><p>XXX.XXX.091-04</p></td><td colspan="1" rowspan="1"><p>R$ 216,19</p></td></tr><tr><td colspan="1" rowspan="1"><p>4510/ATAN3RP/2026</p></td><td colspan="1" rowspan="1"><p>ANDREZA LÍDIA SOUZA DE SIQUEIRA</p></td><td colspan="1" rowspan="1"><p>XXX.XXX.212-25</p></td><td colspan="1" rowspan="1"><p>R$ 456,89</p></td></tr><tr><td colspan="1" rowspan="1"><p>4511/ATAN3RP/2026</p></td><td colspan="1" rowspan="1"><p>ANGELO CARLOS MARONEZZI</p></td><td colspan="1" rowspan="1"><p>XXX.XXX.101-10</p></td><td colspan="1" rowspan="1"><p>R$ 716,05</p></td></tr><tr><td colspan="1" rowspan="1"><p>4512/ATAN3RP/2026</p></td><td colspan="1" rowspan="1"><p>ANÍSIO VILELA CRUVINEL</p></td><td colspan="1" rowspan="1"><p>XXX.XXX.531-72</p></td><td colspan="1" rowspan="1"><p>R$ 1.102,08</p></td></tr><tr><td colspan="1" rowspan="1"><p>4513/ATAN3RP/2026</p></td><td colspan="1" rowspan="1"><p>ANTONIO BARBOSA MAIA</p></td><td colspan="1" rowspan="1"><p>XXX.XXX.408-26</p></td><td colspan="1" rowspan="1"><p>R$ 791,23</p></td></tr><tr><td colspan="1" rowspan="1"><p>4514/ATAN3RP/2026</p></td><td colspan="1" rowspan="1"><p>ANTONIO CAPISTRANO SOCIEDADE INDIVIDUAL DE ADVOCACIA</p></td><td colspan="1" rowspan="1"><p>42.419.371/0001-52</p></td><td colspan="1" rowspan="1"><p>R$ 607,78</p></td></tr><tr><td colspan="1" rowspan="1"><p>4516/ATAN3RP/2026</p></td><td colspan="1" rowspan="1"><p>ANTONIO FILLIPE MARQUES REGO</p></td><td colspan="1" rowspan="1"><p>XXX.XXX.863-34</p></td><td colspan="1" rowspan="1"><p>R$ 6.585,87</p></td></tr><tr><td colspan="1" rowspan="1"><p>4517/ATAN3RP/2026</p></td><td colspan="1" rowspan="1"><p>ANTONIO JOSE DE ARAUJO JUNIOR</p></td><td colspan="1" rowspan="1"><p>XXX.XXX.211-49</p></td><td colspan="1" rowspan="1"><p>R$ 621,66</p></td></tr><tr><td colspan="1" rowspan="1"><p>4518/ATAN3RP/2026</p></td><td colspan="1" rowspan="1"><p>ANTONIO MARINS PEIXOTO FILHO</p></td><td colspan="1" rowspan="1"><p>XXX.XXX.347-00</p></td><td colspan="1" rowspan="1"><p>R$ 304,62</p></td></tr><tr><td colspan="1" rowspan="1"><p>4519/ATAN3RP/2026</p></td><td colspan="1" rowspan="1"><p>ANTONIO MASSEI JUNIOR</p></td><td colspan="1" rowspan="1"><p>XXX.XXX.268-85</p></td><td colspan="1" rowspan="1"><p>R$ 589,94</p></td></tr><tr><td colspan="1" rowspan="1"><p>4520/ATAN3RP/2026</p></td><td colspan="1" rowspan="1"><p>ANTONIO PEDRO GOMES TEIXEIRA</p></td><td colspan="1" rowspan="1"><p>XXX.XXX.802-10</p></td><td colspan="1" rowspan="1"><p>R$ 1.301,18</p></td></tr><tr><td colspan="1" rowspan="1"><p>4521/ATAN3RP/2026</p></td><td colspan="1" rowspan="1"><p>ANTONIO SERGIO GERONDOLI CAMPISTA</p></td><td colspan="1" rowspan="1"><p>XXX.XXX.275-20</p></td><td colspan="1" rowspan="1"><p>R$ 1.233,64</p></td></tr><tr><td colspan="1" rowspan="1"><p>4522/ATAN3RP/2026</p></td><td colspan="1" rowspan="1"><p>APK HOLDING PATRIMONIAL AEREA LTDA</p></td><td colspan="1" rowspan="1"><p>66.628.288/0001-51</p></td><td colspan="1" rowspan="1"><p>R$ 2.068,57</p></td></tr><tr><td colspan="1" rowspan="1"><p>4523/ATAN3RP/2026</p></td><td colspan="1" rowspan="1"><p>ARCO-IRIS AVIACAO AGRICOLA LTDA</p></td><td colspan="1" rowspan="1"><p>53.817.194/0001-89</p></td><td colspan="1" rowspan="1"><p>R$ 1.364,92</p></td></tr><tr><td colspan="1" rowspan="1"><p>4524/ATAN3RP/2026</p></td><td colspan="1" rowspan="1"><p>ARENA PARTICIPACOES SOCIETARIAS LTDA</p></td><td colspan="1" rowspan="1"><p>02.879.936/0001-60</p></td><td colspan="1" rowspan="1"><p>R$ 647,49</p></td></tr><tr><td colspan="1" rowspan="1"><p>4525/ATAN3RP/2026</p></td><td colspan="1" rowspan="1"><p>ARES A ESCOLA DE AVIACAO CIVIL LTDA</p></td><td colspan="1" rowspan="1"><p>29.043.433/0001-06</p></td><td colspan="1" rowspan="1"><p>R$ 2.877,44</p></td></tr><tr><td colspan="1" rowspan="1"><p>4526/ATAN3RP/2026</p></td><td colspan="1" rowspan="1"><p>ARISTIDES ZACARELLI NETO</p></td><td colspan="1" rowspan="1"><p>XXX.XXX.798-35</p></td><td colspan="1" rowspan="1"><p>R$ 559,16</p></td></tr><tr><td colspan="1" rowspan="1"><p>4527/ATAN3RP/2026</p></td><td colspan="1" rowspan="1"><p>ARMAZENS GERAIS BOM JESUS LTDA</p></td><td colspan="1" rowspan="1"><p>02.180.451/0001-83</p></td><td colspan="1" rowspan="1"><p>R$ 1.974,74</p></td></tr><tr><td colspan="1" rowspan="1"><p>4528/ATAN3RP/2026</p></td><td colspan="1" rowspan="1"><p>ASAS DO ARAGUAIA LOCACOES AEREAS LTDA</p></td><td colspan="1" rowspan="1"><p>54.400.872/0001-76</p></td><td colspan="1" rowspan="1"><p>R$ 1.867,68</p></td></tr><tr><td colspan="1" rowspan="1"><p>4529/ATAN3RP/2026</p></td><td colspan="1" rowspan="1"><p>ASN ADMINISTRADORA DE NEGOCIOS SPE LTDA</p></td><td colspan="1" rowspan="1"><p>57.415.996/0001-13</p></td><td colspan="1" rowspan="1"><p>R$ 2.023,28</p></td></tr><tr><td colspan="1" rowspan="1"><p>4530/ATAN3RP/2026</p></td><td colspan="1" rowspan="1"><p>ASSOCIACAO ALIANCA DE ESPERANCA</p></td><td colspan="1" rowspan="1"><p>08.147.424/0001-95</p></td><td colspan="1" rowspan="1"><p>R$ 2.147,63</p></td></tr><tr><td colspan="1" rowspan="1"><p>4531/ATAN3RP/2026</p></td><td colspan="1" rowspan="1"><p>ASSOCIACAO DE COMPARTILHAMENTO DE AERONAVESPRIVADAS (ACAP)</p></td><td colspan="1" rowspan="1"><p>62.192.405/0001-26</p></td><td colspan="1" rowspan="1"><p>R$ 10.793,07</p></td></tr><tr><td colspan="1" rowspan="1"><p>4532/ATAN3RP/2026</p></td><td colspan="1" rowspan="1"><p>ASSOCIACAO IGREJA ADVENTISTA MISSIONARIA - AIAMIS</p></td><td colspan="1" rowspan="1"><p>03.365.403/0001-22</p></td><td colspan="1" rowspan="1"><p>R$ 3.701,04</p></td></tr><tr><td colspan="1" rowspan="1"><p>4533/ATAN3RP/2026</p></td><td colspan="1" rowspan="1"><p>ASSOCIACAO VIPAIR DE CONDOMINOS</p></td><td colspan="1" rowspan="1"><p>19.968.249/0001-13</p></td><td colspan="1" rowspan="1"><p>R$ 71,33</p></td></tr><tr><td colspan="1" rowspan="1"><p>4534/ATAN3RP/2026</p></td><td colspan="1" rowspan="1"><p>ASTOLFI AGROPECUARIA LTDA</p></td><td colspan="1" rowspan="1"><p>40.050.748/0001-13</p></td><td colspan="1" rowspan="1"><p>R$ 3.188,13</p></td></tr><tr><td colspan="1" rowspan="1"><p>4535/ATAN3RP/2026</p></td><td colspan="1" rowspan="1"><p>AUTO POSTO PIONEIRO LTDA</p></td><td colspan="1" rowspan="1"><p>22.992.784/0001-14</p></td><td colspan="1" rowspan="1"><p>R$ 526,05</p></td></tr><tr><td colspan="1" rowspan="1"><p>4536/ATAN3RP/2026</p></td><td colspan="1" rowspan="1"><p>AUTO POSTO SANTA FE LTDA</p></td><td colspan="1" rowspan="1"><p>83.322.412/0001-75</p></td><td colspan="1" rowspan="1"><p>R$ 161,96</p></td></tr><tr><td colspan="1" rowspan="1"><p>4537/ATAN3RP/2026</p></td><td colspan="1" rowspan="1"><p>AVIATION MANAGEMENT SERVICES - SERVICOS AERONAUTICOS LTDA</p></td><td colspan="1" rowspan="1"><p>11.450.358/0001-32</p></td><td colspan="1" rowspan="1"><p>R$ 14.408,04</p></td></tr><tr><td colspan="1" rowspan="1"><p>4538/ATAN3RP/2026</p></td><td colspan="1" rowspan="1"><p>AVN CONSULTORIA EMPRESARIAL LTDA</p></td><td colspan="1" rowspan="1"><p>41.732.379/0001-01</p></td><td colspan="1" rowspan="1"><p>R$ 2.567,50</p></td></tr><tr><td colspan="1" rowspan="1"><p>4539/ATAN3RP/2026</p></td><td colspan="1" rowspan="1"><p>B. C. SOUZA ALMEIDA LTDA</p></td><td colspan="1" rowspan="1"><p>57.372.110/0001-00</p></td><td colspan="1" rowspan="1"><p>R$ 18.076,45</p></td></tr><tr><td colspan="1" rowspan="1"><p>4540/ATAN3RP/2026</p></td><td colspan="1" rowspan="1"><p>BALADA EVENTOS E PRODUCOES LTDA</p></td><td colspan="1" rowspan="1"><p>21.363.253/0001-08</p></td><td colspan="1" rowspan="1"><p>R$ 16.906,33</p></td></tr><tr><td colspan="1" rowspan="1"><p>4541/ATAN3RP/2026</p></td><td colspan="1" rowspan="1"><p>BALLYMORE INCORPORADORA LTDA</p></td><td colspan="1" rowspan="1"><p>35.287.832/0001-15</p></td><td colspan="1" rowspan="1"><p>R$ 720,54</p></td></tr><tr><td colspan="1" rowspan="1"><p>4542/ATAN3RP/2026</p></td><td colspan="1" rowspan="1"><p>BARBOSA MAIA SOCIEDADE DE ADVOGADOS</p></td><td colspan="1" rowspan="1"><p>24.627.784/0001-40</p></td><td colspan="1" rowspan="1"><p>R$ 120,50</p></td></tr><tr><td colspan="1" rowspan="1"><p>4543/ATAN3RP/2026</p></td><td colspan="1" rowspan="1"><p>BARDOCK PARTICIPAÇÕES LTDA</p></td><td colspan="1" rowspan="1"><p>00.862.951/0001-70</p></td><td colspan="1" rowspan="1"><p>R$ 1.327,83</p></td></tr><tr><td colspan="1" rowspan="1"><p>4544/ATAN3RP/2026</p></td><td colspan="1" rowspan="1"><p>BARTOLOMEU DOS SANTOS SILVA</p></td><td colspan="1" rowspan="1"><p>XXX.XXX.022-00</p></td><td colspan="1" rowspan="1"><p>R$ 332,11</p></td></tr><tr><td colspan="1" rowspan="1"><p>4545/ATAN3RP/2026</p></td><td colspan="1" rowspan="1"><p>BEIRA MAR COMERCIO DE COMBUSTIVEIS E LUBRICANTES LTDA</p></td><td colspan="1" rowspan="1"><p>44.538.552/0001-23</p></td><td colspan="1" rowspan="1"><p>R$ 14.281,44</p></td></tr><tr><td colspan="1" rowspan="1"><p>4546/ATAN3RP/2026</p></td><td colspan="1" rowspan="1"><p>BELGA HOLDING E PARTICIPACOES LTDA</p></td><td colspan="1" rowspan="1"><p>45.750.519/0001-25</p></td><td colspan="1" rowspan="1"><p>R$ 824,27</p></td></tr><tr><td colspan="1" rowspan="1"><p>4547/ATAN3RP/2026</p></td><td colspan="1" rowspan="1"><p>BEM NUTRI LIMITADA</p></td><td colspan="1" rowspan="1"><p>17.475.068/0001-20</p></td><td colspan="1" rowspan="1"><p>R$ 2.483,89</p></td></tr><tr><td colspan="1" rowspan="1"><p>4548/ATAN3RP/2026</p></td><td colspan="1" rowspan="1"><p>BENEVIDES MADEIRA LTDA</p></td><td colspan="1" rowspan="1"><p>03.278.503/0001-11</p></td><td colspan="1" rowspan="1"><p>R$ 3.371,78</p></td></tr><tr><td colspan="1" rowspan="1"><p>4549/ATAN3RP/2026</p></td><td colspan="1" rowspan="1"><p>BENJAMIM PIVETA ASSUNCAO</p></td><td colspan="1" rowspan="1"><p>XXX.XXX.509-44</p></td><td colspan="1" rowspan="1"><p>R$ 322,07</p></td></tr><tr><td colspan="1" rowspan="1"><p>4550/ATAN3RP/2026</p></td><td colspan="1" rowspan="1"><p>BERNABE AVIATION HOLDING LTDA</p></td><td colspan="1" rowspan="1"><p>59.763.014/0001-00</p></td><td colspan="1" rowspan="1"><p>R$ 1.553,00</p></td></tr><tr><td colspan="1" rowspan="1"><p>4551/ATAN3RP/2026</p></td><td colspan="1" rowspan="1"><p>BERNARDINO DE SOUZA COELHO</p></td><td colspan="1" rowspan="1"><p>XXX.XXX.328-00</p></td><td colspan="1" rowspan="1"><p>R$ 2.162,80</p></td></tr><tr><td colspan="1" rowspan="1"><p>4552/ATAN3RP/2026</p></td><td colspan="1" rowspan="1"><p>BERNECK S.A.PAINEIS E SERRADOS</p></td><td colspan="1" rowspan="1"><p>81.905.176/0001-94</p></td><td colspan="1" rowspan="1"><p>R$ 3.327,89</p></td></tr><tr><td colspan="1" rowspan="1"><p>4553/ATAN3RP/2026</p></td><td colspan="1" rowspan="1"><p>BFC CRED CONSULTORIA EM GESTAO EMPRESARIAL LTDA</p></td><td colspan="1" rowspan="1"><p>29.326.930/0001-11</p></td><td colspan="1" rowspan="1"><p>R$ 3.992,77</p></td></tr><tr><td colspan="1" rowspan="1"><p>4554/ATAN3RP/2026</p></td><td colspan="1" rowspan="1"><p>BIANCA TERPINS GARCIA</p></td><td colspan="1" rowspan="1"><p>XXX.XXX.541-34</p></td><td colspan="1" rowspan="1"><p>R$ 780,50</p></td></tr><tr><td colspan="1" rowspan="1"><p>4555/ATAN3RP/2026</p></td><td colspan="1" rowspan="1"><p>BIMAVA TAXI AEREO LTDA</p></td><td colspan="1" rowspan="1"><p>17.040.617/0001-33</p></td><td colspan="1" rowspan="1"><p>R$ 3.088,15</p></td></tr><tr><td colspan="1" rowspan="1"><p>4556/ATAN3RP/2026</p></td><td colspan="1" rowspan="1"><p>BLUE SKY AERO LTDA</p></td><td colspan="1" rowspan="1"><p>44.583.989/0001-89</p></td><td colspan="1" rowspan="1"><p>R$ 1.830,34</p></td></tr><tr><td colspan="1" rowspan="1"><p>4557/ATAN3RP/2026</p></td><td colspan="1" rowspan="1"><p>BM ADMINISTRACAO INVESTIMENTOS LOCACOES &amp\; SERVICOS LIMITADA</p></td><td colspan="1" rowspan="1"><p>19.323.513/0001-61</p></td><td colspan="1" rowspan="1"><p>R$ 1.710,24</p></td></tr><tr><td colspan="1" rowspan="1"><p>4558/ATAN3RP/2026</p></td><td colspan="1" rowspan="1"><p>BOLSA TAXI AEREO LOGISTICA E ADMINISTRACAO LTDA</p></td><td colspan="1" rowspan="1"><p>80.739.014/0001-60</p></td><td colspan="1" rowspan="1"><p>R$ 412,70</p></td></tr><tr><td colspan="1" rowspan="1"><p>4559/ATAN3RP/2026</p></td><td colspan="1" rowspan="1"><p>BOM FUTURO AGRICOLA LTDA</p></td><td colspan="1" rowspan="1"><p>10.425.282/0036-52</p></td><td colspan="1" rowspan="1"><p>R$ 189,69</p></td></tr><tr><td colspan="1" rowspan="1"><p>4560/ATAN3RP/2026</p></td><td colspan="1" rowspan="1"><p>BOM FUTURO AGRICOLA LTDA</p></td><td colspan="1" rowspan="1"><p>10.425.282/0034-90</p></td><td colspan="1" rowspan="1"><p>R$ 163,80</p></td></tr><tr><td colspan="1" rowspan="1"><p>4561/ATAN3RP/2026</p></td><td colspan="1" rowspan="1"><p>BOMAR MARICULTURA LTDA</p></td><td colspan="1" rowspan="1"><p>05.628.087/0001-60</p></td><td colspan="1" rowspan="1"><p>R$ 5.676,09</p></td></tr><tr><td colspan="1" rowspan="1"><p>4562/ATAN3RP/2026</p></td><td colspan="1" rowspan="1"><p>BONANZA EMPREENDIMENTOS E PARTICIPACOES LTDA</p></td><td colspan="1" rowspan="1"><p>11.509.392/0001-35</p></td><td colspan="1" rowspan="1"><p>R$ 2.047,78</p></td></tr><tr><td colspan="1" rowspan="1"><p>4563/ATAN3RP/2026</p></td><td colspan="1" rowspan="1"><p>BONANZA PARTICIPACOES SOCIETARIAS E EMPREENDIMENTOS LTDA</p></td><td colspan="1" rowspan="1"><p>32.665.633/0001-05</p></td><td colspan="1" rowspan="1"><p>R$ 1.144,23</p></td></tr><tr><td colspan="1" rowspan="1"><p>4564/ATAN3RP/2026</p></td><td colspan="1" rowspan="1"><p>BORILLE PARTICIPAÇÕES SOCIETÁRIAS LTDA</p></td><td colspan="1" rowspan="1"><p>45.460.218/0001-67</p></td><td colspan="1" rowspan="1"><p>R$ 837,21</p></td></tr><tr><td colspan="1" rowspan="1"><p>4565/ATAN3RP/2026</p></td><td colspan="1" rowspan="1"><p>BORIS MACIEL PADILHA</p></td><td colspan="1" rowspan="1"><p>XXX.XXX.034-07</p></td><td colspan="1" rowspan="1"><p>R$ 3.917,98</p></td></tr><tr><td colspan="1" rowspan="1"><p>4566/ATAN3RP/2026</p></td><td colspan="1" rowspan="1"><p>BRABO TAXI AEREO LTDA</p></td><td colspan="1" rowspan="1"><p>15.309.149/0001-24</p></td><td colspan="1" rowspan="1"><p>R$ 13.090,36</p></td></tr><tr><td colspan="1" rowspan="1"><p>4567/ATAN3RP/2026</p></td><td colspan="1" rowspan="1"><p>BRAS ANTONIO OVIDIO</p></td><td colspan="1" rowspan="1"><p>XXX.XXX.561-04</p></td><td colspan="1" rowspan="1"><p>R$ 813,64</p></td></tr><tr><td colspan="1" rowspan="1"><p>4568/ATAN3RP/2026</p></td><td colspan="1" rowspan="1"><p>BRASIL CARD INSTITUICAO DE PAGAMENTOS LTDA</p></td><td colspan="1" rowspan="1"><p>03.130.170/0001-89</p></td><td colspan="1" rowspan="1"><p>R$ 640,13</p></td></tr><tr><td colspan="1" rowspan="1"><p>4569/ATAN3RP/2026</p></td><td colspan="1" rowspan="1"><p>BRASIL VIDA TAXI AEREO LTDA</p></td><td colspan="1" rowspan="1"><p>06.234.656/0001-55</p></td><td colspan="1" rowspan="1"><p>R$ 908.539,56</p></td></tr><tr><td colspan="1" rowspan="1"><p>4570/ATAN3RP/2026</p></td><td colspan="1" rowspan="1"><p>BRASTUB LOCACAO DE ANDAIMES LTDA</p></td><td colspan="1" rowspan="1"><p>01.436.162/0001-30</p></td><td colspan="1" rowspan="1"><p>R$ 4.455,95</p></td></tr><tr><td colspan="1" rowspan="1"><p>4571/ATAN3RP/2026</p></td><td colspan="1" rowspan="1"><p>BRAULIO SANTANA FILHO</p></td><td colspan="1" rowspan="1"><p>XXX.XXX.315-72</p></td><td colspan="1" rowspan="1"><p>R$ 340,16</p></td></tr><tr><td colspan="1" rowspan="1"><p>4572/ATAN3RP/2026</p></td><td colspan="1" rowspan="1"><p>BRISANET SERVICOS DE TELECOMUNICACOES S.A.</p></td><td colspan="1" rowspan="1"><p>04.601.397/0001-28</p></td><td colspan="1" rowspan="1"><p>R$ 906,27</p></td></tr><tr><td colspan="1" rowspan="1"><p>4573/ATAN3RP/2026</p></td><td colspan="1" rowspan="1"><p>BROOKS AGROPECUARIA LTDA</p></td><td colspan="1" rowspan="1"><p>00.023.704/0001-80</p></td><td colspan="1" rowspan="1"><p>R$ 353,49</p></td></tr><tr><td colspan="1" rowspan="1"><p>4574/ATAN3RP/2026</p></td><td colspan="1" rowspan="1"><p>BRUCKER SOLUCOES EM FORNOS LTDA</p></td><td colspan="1" rowspan="1"><p>11.065.883/0001-34</p></td><td colspan="1" rowspan="1"><p>R$ 1.519,80</p></td></tr><tr><td colspan="1" rowspan="1"><p>4575/ATAN3RP/2026</p></td><td colspan="1" rowspan="1"><p>BRUNO ALMEIDA SOUZA</p></td><td colspan="1" rowspan="1"><p>XXX.XXX.401-06</p></td><td colspan="1" rowspan="1"><p>R$ 417,92</p></td></tr><tr><td colspan="1" rowspan="1"><p>4576/ATAN3RP/2026</p></td><td colspan="1" rowspan="1"><p>BRUNO ALVES VALVERDE</p></td><td colspan="1" rowspan="1"><p>XXX.XXX.525-70</p></td><td colspan="1" rowspan="1"><p>R$ 6.673,81</p></td></tr><tr><td colspan="1" rowspan="1"><p>4577/ATAN3RP/2026</p></td><td colspan="1" rowspan="1"><p>BRUNO MIRANDA TRAD ALVES</p></td><td colspan="1" rowspan="1"><p>XXX.XXX.148-80</p></td><td colspan="1" rowspan="1"><p>R$ 6.464,45</p></td></tr><tr><td colspan="1" rowspan="1"><p>4578/ATAN3RP/2026</p></td><td colspan="1" rowspan="1"><p>BSA ADMINISTRACAO DE BENS PROPRIOS S/A</p></td><td colspan="1" rowspan="1"><p>64.664.736/0001-47</p></td><td colspan="1" rowspan="1"><p>R$ 45.936,20</p></td></tr><tr><td colspan="1" rowspan="1"><p>4579/ATAN3RP/2026</p></td><td colspan="1" rowspan="1"><p>BTA EQUIPAMENTOS LTDA</p></td><td colspan="1" rowspan="1"><p>49.040.053/0001-25</p></td><td colspan="1" rowspan="1"><p>R$ 423,56</p></td></tr><tr><td colspan="1" rowspan="1"><p>4580/ATAN3RP/2026</p></td><td colspan="1" rowspan="1"><p>BUCKBEAK PARTICIPAÇÕES S.A</p></td><td colspan="1" rowspan="1"><p>08.992.826/0001-96</p></td><td colspan="1" rowspan="1"><p>R$ 292,18</p></td></tr><tr><td colspan="1" rowspan="1"><p>4581/ATAN3RP/2026</p></td><td colspan="1" rowspan="1"><p>BUIAR E BUIAR CONSTRUTORA LTDA</p></td><td colspan="1" rowspan="1"><p>30.800.811/0001-38</p></td><td colspan="1" rowspan="1"><p>R$ 95,84</p></td></tr><tr><td colspan="1" rowspan="1"><p>4582/ATAN3RP/2026</p></td><td colspan="1" rowspan="1"><p>CABANO ENGENHARIA E CONSTRUCOES LTDA</p></td><td colspan="1" rowspan="1"><p>83.764.449/0001-53</p></td><td colspan="1" rowspan="1"><p>R$ 805,40</p></td></tr><tr><td colspan="1" rowspan="1"><p>4583/ATAN3RP/2026</p></td><td colspan="1" rowspan="1"><p>CAIO CÉSAR VIEIRA</p></td><td colspan="1" rowspan="1"><p>XXX.XXX.186-69</p></td><td colspan="1" rowspan="1"><p>R$ 1.329,93</p></td></tr><tr><td colspan="1" rowspan="1"><p>4584/ATAN3RP/2026</p></td><td colspan="1" rowspan="1"><p>CAIO VITOR DE CASTRO CUNHA</p></td><td colspan="1" rowspan="1"><p>XXX.XXX.193-14</p></td><td colspan="1" rowspan="1"><p>R$ 5.721,60</p></td></tr><tr><td colspan="1" rowspan="1"><p>4585/ATAN3RP/2026</p></td><td colspan="1" rowspan="1"><p>CAIRU TAXI AEREO LTDA</p></td><td colspan="1" rowspan="1"><p>17.246.407/0001-04</p></td><td colspan="1" rowspan="1"><p>R$ 420,80</p></td></tr><tr><td colspan="1" rowspan="1"><p>4586/ATAN3RP/2026</p></td><td colspan="1" rowspan="1"><p>CALTINS CALCARIO TOCANTINS LTDA</p></td><td colspan="1" rowspan="1"><p>02.649.005/0001-75</p></td><td colspan="1" rowspan="1"><p>R$ 927,29</p></td></tr><tr><td colspan="1" rowspan="1"><p>4587/ATAN3RP/2026</p></td><td colspan="1" rowspan="1"><p>CAMCOPTER COMERCIO DE PECAS E MANUTENCAO DE HELICOPTEROS LTDA</p></td><td colspan="1" rowspan="1"><p>13.665.905/0001-22</p></td><td colspan="1" rowspan="1"><p>R$ 71,33</p></td></tr><tr><td colspan="1" rowspan="1"><p>4588/ATAN3RP/2026</p></td><td colspan="1" rowspan="1"><p>CANADA INVESTIMENTOS E PARTICIPACOES LTDA</p></td><td colspan="1" rowspan="1"><p>50.724.094/0001-10</p></td><td colspan="1" rowspan="1"><p>R$ 572,84</p></td></tr><tr><td colspan="1" rowspan="1"><p>4589/ATAN3RP/2026</p></td><td colspan="1" rowspan="1"><p>CANAPU PARTICIPACOES LTDA</p></td><td colspan="1" rowspan="1"><p>10.402.019/0001-18</p></td><td colspan="1" rowspan="1"><p>R$ 379,38</p></td></tr><tr><td colspan="1" rowspan="1"><p>4590/ATAN3RP/2026</p></td><td colspan="1" rowspan="1"><p>CARLOS A. B. FERRAZ - SOCIEDADE INDIVIDUAL DE ADVOCACIA</p></td><td colspan="1" rowspan="1"><p>24.505.259/0001-52</p></td><td colspan="1" rowspan="1"><p>R$ 216,47</p></td></tr><tr><td colspan="1" rowspan="1"><p>4591/ATAN3RP/2026</p></td><td colspan="1" rowspan="1"><p>CARLOS ALBERTO GUERRA FILGUEIRAS</p></td><td colspan="1" rowspan="1"><p>XXX.XXX.418-35</p></td><td colspan="1" rowspan="1"><p>R$ 356,65</p></td></tr><tr><td colspan="1" rowspan="1"><p>4592/ATAN3RP/2026</p></td><td colspan="1" rowspan="1"><p>CARLOS DE OLIVEIRA DIAS</p></td><td colspan="1" rowspan="1"><p>XXX.XXX.628-91</p></td><td colspan="1" rowspan="1"><p>R$ 1.285,02</p></td></tr><tr><td colspan="1" rowspan="1"><p>4593/ATAN3RP/2026</p></td><td colspan="1" rowspan="1"><p>CARLOS HENRIQUE ALVES DE ABARCA E MESSAS</p></td><td colspan="1" rowspan="1"><p>XXX.XXX.338-57</p></td><td colspan="1" rowspan="1"><p>R$ 372,57</p></td></tr><tr><td colspan="1" rowspan="1"><p>4594/ATAN3RP/2026</p></td><td colspan="1" rowspan="1"><p>CARRARD ENTERPRISES HOLDING LTDA</p></td><td colspan="1" rowspan="1"><p>29.510.019/0001-60</p></td><td colspan="1" rowspan="1"><p>R$ 747,19</p></td></tr><tr><td colspan="1" rowspan="1"><p>4595/ATAN3RP/2026</p></td><td colspan="1" rowspan="1"><p>CASSIANO LUIZ DA SILVA</p></td><td colspan="1" rowspan="1"><p>XXX.XXX.837-87</p></td><td colspan="1" rowspan="1"><p>R$ 199,64</p></td></tr><tr><td colspan="1" rowspan="1"><p>4596/ATAN3RP/2026</p></td><td colspan="1" rowspan="1"><p>CAVALCA ADMINISTRADORA DE BENS LTDA</p></td><td colspan="1" rowspan="1"><p>21.488.338/0001-04</p></td><td colspan="1" rowspan="1"><p>R$ 1.077,00</p></td></tr><tr><td colspan="1" rowspan="1"><p>4597/ATAN3RP/2026</p></td><td colspan="1" rowspan="1"><p>CAZECA LOCADORA DE VEICULOS CORRETORA DE SEGUROS E ASSESSORIAS LTDA</p></td><td colspan="1" rowspan="1"><p>07.093.920/0001-40</p></td><td colspan="1" rowspan="1"><p>R$ 1.346,41</p></td></tr></table>;21/08/2026
http://pesquisa.in.gov.br/imprensa/jsp/visualiza/index.jsp?data=21/08/2026&jornal=530&pagina=16;NOTIFICACAO_017 10 DIAS_003;<p></p><p></p><table><tr><td colspan="1" rowspan="1"><p>4598/ATAN3RP/2026</p></td><td colspan="1" rowspan="1"><p>CBJ COMERCIO E PARTICIPACOES LTDA</p></td><td colspan="1" rowspan="1"><p>45.413.247/0001-78</p></td><td colspan="1" rowspan="1"><p>R$ 15.101,84</p></td></tr><tr><td colspan="1" rowspan="1"><p>4599/ATAN3RP/2026</p></td><td colspan="1" rowspan="1"><p>CCG CONSTRUÇÕES E TERRAPLANAGEM LTDA</p></td><td colspan="1" rowspan="1"><p>05.638.550/0001-54</p></td><td colspan="1" rowspan="1"><p>R$ 927,29</p></td></tr><tr><td colspan="1" rowspan="1"><p>4600/ATAN3RP/2026</p></td><td colspan="1" rowspan="1"><p>CEARA TAXI AEREO LTDA</p></td><td colspan="1" rowspan="1"><p>03.003.930/0001-97</p></td><td colspan="1" rowspan="1"><p>R$ 41.086,85</p></td></tr><tr><td colspan="1" rowspan="1"><p>4601/ATAN3RP/2026</p></td><td colspan="1" rowspan="1"><p>CELEIRO METALURGICA E CONSTRUTORA LTDA</p></td><td colspan="1" rowspan="1"><p>32.981.557/0001-47</p></td><td colspan="1" rowspan="1"><p>R$ 152,31</p></td></tr><tr><td colspan="1" rowspan="1"><p>4602/ATAN3RP/2026</p></td><td colspan="1" rowspan="1"><p>CELIA REGINA DA COSTA</p></td><td colspan="1" rowspan="1"><p>XXX.XXX.336-00</p></td><td colspan="1" rowspan="1"><p>R$ 1.060,21</p></td></tr><tr><td colspan="1" rowspan="1"><p>4603/ATAN3RP/2026</p></td><td colspan="1" rowspan="1"><p>CELSO CARLOS ROQUETTO</p></td><td colspan="1" rowspan="1"><p>XXX.XXX.058-47</p></td><td colspan="1" rowspan="1"><p>R$ 111,50</p></td></tr><tr><td colspan="1" rowspan="1"><p>4604/ATAN3RP/2026</p></td><td colspan="1" rowspan="1"><p>CELSO MARTINS PIMENTEL</p></td><td colspan="1" rowspan="1"><p>XXX.XXX.427-00</p></td><td colspan="1" rowspan="1"><p>R$ 177,50</p></td></tr><tr><td colspan="1" rowspan="1"><p>4605/ATAN3RP/2026</p></td><td colspan="1" rowspan="1"><p>CENOGRAFOS ASSOCIADOS CONSULTORIA LTDA</p></td><td colspan="1" rowspan="1"><p>10.199.591/0001-21</p></td><td colspan="1" rowspan="1"><p>R$ 354,01</p></td></tr><tr><td colspan="1" rowspan="1"><p>4606/ATAN3RP/2026</p></td><td colspan="1" rowspan="1"><p>CENTRO DE ENSINO SUPERIOR MORGANA POTRICH LTDA</p></td><td colspan="1" rowspan="1"><p>07.218.565/0001-99</p></td><td colspan="1" rowspan="1"><p>R$ 8.745,59</p></td></tr><tr><td colspan="1" rowspan="1"><p>4607/ATAN3RP/2026</p></td><td colspan="1" rowspan="1"><p>CENTRO EDUCACIONAL DE ENSINO SUPERIOR DE PATOS LTDA</p></td><td colspan="1" rowspan="1"><p>19.768.173/0001-82</p></td><td colspan="1" rowspan="1"><p>R$ 4.649,07</p></td></tr><tr><td colspan="1" rowspan="1"><p>4608/ATAN3RP/2026</p></td><td colspan="1" rowspan="1"><p>CENTURION - ASSOCIACAO DE PROPRIETARIOS DE AERONAVE</p></td><td colspan="1" rowspan="1"><p>44.326.348/0001-49</p></td><td colspan="1" rowspan="1"><p>R$ 446,00</p></td></tr><tr><td colspan="1" rowspan="1"><p>4609/ATAN3RP/2026</p></td><td colspan="1" rowspan="1"><p>CERÂMICA PARANÁ</p></td><td colspan="1" rowspan="1"><p>41.325.839/0001-87</p></td><td colspan="1" rowspan="1"><p>R$ 5.731,57</p></td></tr><tr><td colspan="1" rowspan="1"><p>4610/ATAN3RP/2026</p></td><td colspan="1" rowspan="1"><p>CERES SECURITIZACAO DE ATIVOS EMPRESARIAIS S/A</p></td><td colspan="1" rowspan="1"><p>35.412.066/0001-73</p></td><td colspan="1" rowspan="1"><p>R$ 8.271,59</p></td></tr><tr><td colspan="1" rowspan="1"><p>4611/ATAN3RP/2026</p></td><td colspan="1" rowspan="1"><p>CERQUEIRA LOG TRANPORTE &amp\; LOGISTICA LTDA</p></td><td colspan="1" rowspan="1"><p>67.061.842/0001-24</p></td><td colspan="1" rowspan="1"><p>R$ 1.024,43</p></td></tr><tr><td colspan="1" rowspan="1"><p>4612/ATAN3RP/2026</p></td><td colspan="1" rowspan="1"><p>CEU AZUL ADMINISTRADORA DE BENS PROPRIOS LTDA</p></td><td colspan="1" rowspan="1"><p>55.606.978/0001-93</p></td><td colspan="1" rowspan="1"><p>R$ 334,34</p></td></tr><tr><td colspan="1" rowspan="1"><p>4613/ATAN3RP/2026</p></td><td colspan="1" rowspan="1"><p>CHAMONE NACIFE JUNIOR</p></td><td colspan="1" rowspan="1"><p>XXX.XXX.426-87</p></td><td colspan="1" rowspan="1"><p>R$ 251,13</p></td></tr><tr><td colspan="1" rowspan="1"><p>4615/ATAN3RP/2026</p></td><td colspan="1" rowspan="1"><p>CHARLES TAVARES DO NASCIMENTO</p></td><td colspan="1" rowspan="1"><p>XXX.XXX.609-45</p></td><td colspan="1" rowspan="1"><p>R$ 196,16</p></td></tr><tr><td colspan="1" rowspan="1"><p>4616/ATAN3RP/2026</p></td><td colspan="1" rowspan="1"><p>CHRONOS HOLDING LTDA</p></td><td colspan="1" rowspan="1"><p>57.795.646/0001-20</p></td><td colspan="1" rowspan="1"><p>R$ 24.645,57</p></td></tr><tr><td colspan="1" rowspan="1"><p>4617/ATAN3RP/2026</p></td><td colspan="1" rowspan="1"><p>CIA REAL PORTUARIA LTDA</p></td><td colspan="1" rowspan="1"><p>13.823.664/0001-00</p></td><td colspan="1" rowspan="1"><p>R$ 750,44</p></td></tr><tr><td colspan="1" rowspan="1"><p>4618/ATAN3RP/2026</p></td><td colspan="1" rowspan="1"><p>CIAR AVIATION PARTICIPAÇÕES LTDA</p></td><td colspan="1" rowspan="1"><p>54.408.096/0001-50</p></td><td colspan="1" rowspan="1"><p>R$ 504,36</p></td></tr><tr><td colspan="1" rowspan="1"><p>4619/ATAN3RP/2026</p></td><td colspan="1" rowspan="1"><p>CIDREIRA ADMINISTRADORA DE BENS LTDA</p></td><td colspan="1" rowspan="1"><p>23.057.301/0001-57</p></td><td colspan="1" rowspan="1"><p>R$ 462,78</p></td></tr><tr><td colspan="1" rowspan="1"><p>4620/ATAN3RP/2026</p></td><td colspan="1" rowspan="1"><p>CIRQUE PROPAGANDA AEREA LTDA</p></td><td colspan="1" rowspan="1"><p>28.468.595/0001-23</p></td><td colspan="1" rowspan="1"><p>R$ 3.153,77</p></td></tr><tr><td colspan="1" rowspan="1"><p>4621/ATAN3RP/2026</p></td><td colspan="1" rowspan="1"><p>CIRRUS TRIPLO INDIA - HOLDING PATRIMONIAL SPE LTDA</p></td><td colspan="1" rowspan="1"><p>41.078.934/0001-23</p></td><td colspan="1" rowspan="1"><p>R$ 800,03</p></td></tr><tr><td colspan="1" rowspan="1"><p>4622/ATAN3RP/2026</p></td><td colspan="1" rowspan="1"><p>CLASSIC ROCHAS ORNAMENTAIS LTDA</p></td><td colspan="1" rowspan="1"><p>32.801.828/0001-35</p></td><td colspan="1" rowspan="1"><p>R$ 752,79</p></td></tr><tr><td colspan="1" rowspan="1"><p>4623/ATAN3RP/2026</p></td><td colspan="1" rowspan="1"><p>CLAUDIO APARECIDO ZAMPERLINE JR</p></td><td colspan="1" rowspan="1"><p>XXX.XXX.258-44</p></td><td colspan="1" rowspan="1"><p>R$ 1.979,81</p></td></tr><tr><td colspan="1" rowspan="1"><p>4624/ATAN3RP/2026</p></td><td colspan="1" rowspan="1"><p>CLAUDIO JOSE ZANCANARO</p></td><td colspan="1" rowspan="1"><p>XXX.XXX.419-87</p></td><td colspan="1" rowspan="1"><p>R$ 2.946,29</p></td></tr><tr><td colspan="1" rowspan="1"><p>4625/ATAN3RP/2026</p></td><td colspan="1" rowspan="1"><p>CLAUDIO NICCHIO</p></td><td colspan="1" rowspan="1"><p>XXX.XXX.857-15</p></td><td colspan="1" rowspan="1"><p>R$ 3.147,99</p></td></tr><tr><td colspan="1" rowspan="1"><p>4626/ATAN3RP/2026</p></td><td colspan="1" rowspan="1"><p>CLAUDIOMAR ANTONIO DAL PUPO</p></td><td colspan="1" rowspan="1"><p>XXX.XXX.000-04</p></td><td colspan="1" rowspan="1"><p>R$ 2.054,05</p></td></tr><tr><td colspan="1" rowspan="1"><p>4627/ATAN3RP/2026</p></td><td colspan="1" rowspan="1"><p>CLAUDIOMIR JOSE MARTINS VIEIRA</p></td><td colspan="1" rowspan="1"><p>XXX.XXX.016-87</p></td><td colspan="1" rowspan="1"><p>R$ 230,41</p></td></tr><tr><td colspan="1" rowspan="1"><p>4628/ATAN3RP/2026</p></td><td colspan="1" rowspan="1"><p>CLAUZIO ARAGAO MARQUES</p></td><td colspan="1" rowspan="1"><p>XXX.XXX.953-68</p></td><td colspan="1" rowspan="1"><p>R$ 1.131,60</p></td></tr><tr><td colspan="1" rowspan="1"><p>4629/ATAN3RP/2026</p></td><td colspan="1" rowspan="1"><p>CLEAN D GIROTO PERES</p></td><td colspan="1" rowspan="1"><p>41.341.804/0001-31</p></td><td colspan="1" rowspan="1"><p>R$ 638,52</p></td></tr><tr><td colspan="1" rowspan="1"><p>4630/ATAN3RP/2026</p></td><td colspan="1" rowspan="1"><p>CLEIDE DE LOURDES CELONI DOMBROSKI</p></td><td colspan="1" rowspan="1"><p>XXX.XXX.119-00</p></td><td colspan="1" rowspan="1"><p>R$ 1.035,93</p></td></tr><tr><td colspan="1" rowspan="1"><p>4631/ATAN3RP/2026</p></td><td colspan="1" rowspan="1"><p>CLINICA ODONTOLOGICA JOSE RIOS LTDA</p></td><td colspan="1" rowspan="1"><p>01.054.361/0001-83</p></td><td colspan="1" rowspan="1"><p>R$ 900,03</p></td></tr><tr><td colspan="1" rowspan="1"><p>4632/ATAN3RP/2026</p></td><td colspan="1" rowspan="1"><p>CLUBE DE PARA-QUEDISMO ARAPONGAS</p></td><td colspan="1" rowspan="1"><p>01.930.991/0001-74</p></td><td colspan="1" rowspan="1"><p>R$ 173,92</p></td></tr><tr><td colspan="1" rowspan="1"><p>4633/ATAN3RP/2026</p></td><td colspan="1" rowspan="1"><p>COBRA - CENTRO ONCOLOGICO BRASILEIRO LTD</p></td><td colspan="1" rowspan="1"><p>02.756.031/0001-00</p></td><td colspan="1" rowspan="1"><p>R$ 3.818,15</p></td></tr><tr><td colspan="1" rowspan="1"><p>4634/ATAN3RP/2026</p></td><td colspan="1" rowspan="1"><p>COM. ATACADISTA E VAREJISTA PROG. LTDA</p></td><td colspan="1" rowspan="1"><p>83.121.426/0001-20</p></td><td colspan="1" rowspan="1"><p>R$ 452,49</p></td></tr><tr><td colspan="1" rowspan="1"><p>4635/ATAN3RP/2026</p></td><td colspan="1" rowspan="1"><p>COMEXPORT TRADING COMERCIO EXTERIOR LTDA</p></td><td colspan="1" rowspan="1"><p>01.135.153/0001-09</p></td><td colspan="1" rowspan="1"><p>R$ 142,66</p></td></tr><tr><td colspan="1" rowspan="1"><p>4636/ATAN3RP/2026</p></td><td colspan="1" rowspan="1"><p>COMPANY PARTICIPACOES E ADMINISTRACAO DE BENS LTDA</p></td><td colspan="1" rowspan="1"><p>53.209.294/0001-22</p></td><td colspan="1" rowspan="1"><p>R$ 331,16</p></td></tr><tr><td colspan="1" rowspan="1"><p>4637/ATAN3RP/2026</p></td><td colspan="1" rowspan="1"><p>CONCRETIZE CONSTRUTORA LTDA</p></td><td colspan="1" rowspan="1"><p>22.808.302/0001-23</p></td><td colspan="1" rowspan="1"><p>R$ 884,97</p></td></tr><tr><td colspan="1" rowspan="1"><p>4638/ATAN3RP/2026</p></td><td colspan="1" rowspan="1"><p>CONECT PEÇAS E ACESSÓRIOS INDUSTRIAIS LTDA</p></td><td colspan="1" rowspan="1"><p>00.988.202/0001-93</p></td><td colspan="1" rowspan="1"><p>R$ 460,86</p></td></tr><tr><td colspan="1" rowspan="1"><p>4639/ATAN3RP/2026</p></td><td colspan="1" rowspan="1"><p>CONSTRUSERVICE-EMPREEND E CONST LTDA</p></td><td colspan="1" rowspan="1"><p>08.643.644/0001-00</p></td><td colspan="1" rowspan="1"><p>R$ 8.449,42</p></td></tr><tr><td colspan="1" rowspan="1"><p>4640/ATAN3RP/2026</p></td><td colspan="1" rowspan="1"><p>CONSTRUTORA CARDOSO LTDA</p></td><td colspan="1" rowspan="1"><p>03.785.719/0001-73</p></td><td colspan="1" rowspan="1"><p>R$ 11.158,46</p></td></tr><tr><td colspan="1" rowspan="1"><p>4641/ATAN3RP/2026</p></td><td colspan="1" rowspan="1"><p>CONSTRUTORA E INCORPORADORA J.L.C LTDA</p></td><td colspan="1" rowspan="1"><p>00.177.944/0001-39</p></td><td colspan="1" rowspan="1"><p>R$ 301,19</p></td></tr><tr><td colspan="1" rowspan="1"><p>4642/ATAN3RP/2026</p></td><td colspan="1" rowspan="1"><p>CONSTRUTORA MARQUISE S.A</p></td><td colspan="1" rowspan="1"><p>07.950.702/0001-85</p></td><td colspan="1" rowspan="1"><p>R$ 5.094,67</p></td></tr><tr><td colspan="1" rowspan="1"><p>4643/ATAN3RP/2026</p></td><td colspan="1" rowspan="1"><p>CONSTRUTORA REALEZA LTDA</p></td><td colspan="1" rowspan="1"><p>10.808.213/0001-06</p></td><td colspan="1" rowspan="1"><p>R$ 821,34</p></td></tr><tr><td colspan="1" rowspan="1"><p>4644/ATAN3RP/2026</p></td><td colspan="1" rowspan="1"><p>CONSTRUTORA SARAIVA DE REZENDE LTDA</p></td><td colspan="1" rowspan="1"><p>02.100.999/0001-76</p></td><td colspan="1" rowspan="1"><p>R$ 477,15</p></td></tr><tr><td colspan="1" rowspan="1"><p>4645/ATAN3RP/2026</p></td><td colspan="1" rowspan="1"><p>CONSTRUTORA V F RONCATO LTDA - EPP</p></td><td colspan="1" rowspan="1"><p>04.508.209/0001-11</p></td><td colspan="1" rowspan="1"><p>R$ 167,17</p></td></tr><tr><td colspan="1" rowspan="1"><p>4646/ATAN3RP/2026</p></td><td colspan="1" rowspan="1"><p>CONSTRUTORA ZADAR LTDA</p></td><td colspan="1" rowspan="1"><p>30.183.941/0001-79</p></td><td colspan="1" rowspan="1"><p>R$ 1.312,80</p></td></tr><tr><td colspan="1" rowspan="1"><p>4647/ATAN3RP/2026</p></td><td colspan="1" rowspan="1"><p>CPS CIA. DE PRODUCAO SUSTENTAVEL S.A.</p></td><td colspan="1" rowspan="1"><p>00.119.633/0001-13</p></td><td colspan="1" rowspan="1"><p>R$ 1.183,33</p></td></tr><tr><td colspan="1" rowspan="1"><p>4648/ATAN3RP/2026</p></td><td colspan="1" rowspan="1"><p>CRISTIANO ESCOBAR</p></td><td colspan="1" rowspan="1"><p>XXX.XXX.690-20</p></td><td colspan="1" rowspan="1"><p>R$ 166,62</p></td></tr><tr><td colspan="1" rowspan="1"><p>4649/ATAN3RP/2026</p></td><td colspan="1" rowspan="1"><p>CSM AGROPECUARIA LTDA</p></td><td colspan="1" rowspan="1"><p>05.303.431/0001-40</p></td><td colspan="1" rowspan="1"><p>R$ 1.695,01</p></td></tr><tr><td colspan="1" rowspan="1"><p>4650/ATAN3RP/2026</p></td><td colspan="1" rowspan="1"><p>CTN TRANSPORTES LTDA</p></td><td colspan="1" rowspan="1"><p>77.886.398/0001-30</p></td><td colspan="1" rowspan="1"><p>R$ 2.833,95</p></td></tr><tr><td colspan="1" rowspan="1"><p>4651/ATAN3RP/2026</p></td><td colspan="1" rowspan="1"><p>DALIRIO GROSS</p></td><td colspan="1" rowspan="1"><p>XXX.XXX.800-87</p></td><td colspan="1" rowspan="1"><p>R$ 90,63</p></td></tr><tr><td colspan="1" rowspan="1"><p>4652/ATAN3RP/2026</p></td><td colspan="1" rowspan="1"><p>DANIELY CRISTINA REISDORFER DA SILVA</p></td><td colspan="1" rowspan="1"><p>XXX.XXX.859-08</p></td><td colspan="1" rowspan="1"><p>R$ 6.713,57</p></td></tr><tr><td colspan="1" rowspan="1"><p>4653/ATAN3RP/2026</p></td><td colspan="1" rowspan="1"><p>DARCI GARCIA DA ROCHA</p></td><td colspan="1" rowspan="1"><p>XXX.XXX.558-15</p></td><td colspan="1" rowspan="1"><p>R$ 213,99</p></td></tr><tr><td colspan="1" rowspan="1"><p>4654/ATAN3RP/2026</p></td><td colspan="1" rowspan="1"><p>DARCI PETKOV</p></td><td colspan="1" rowspan="1"><p>XXX.XXX.429-04</p></td><td colspan="1" rowspan="1"><p>R$ 240,72</p></td></tr><tr><td colspan="1" rowspan="1"><p>4655/ATAN3RP/2026</p></td><td colspan="1" rowspan="1"><p>DARCI ROBERTO SCHNEID</p></td><td colspan="1" rowspan="1"><p>XXX.XXX.370-72</p></td><td colspan="1" rowspan="1"><p>R$ 1.578,71</p></td></tr><tr><td colspan="1" rowspan="1"><p>4656/ATAN3RP/2026</p></td><td colspan="1" rowspan="1"><p>DARLISSON DA SILVA DAMASCENA</p></td><td colspan="1" rowspan="1"><p>XXX.XXX.862-05</p></td><td colspan="1" rowspan="1"><p>R$ 855,96</p></td></tr><tr><td colspan="1" rowspan="1"><p>4657/ATAN3RP/2026</p></td><td colspan="1" rowspan="1"><p>D'ARTAGNAN PADUA MAIA</p></td><td colspan="1" rowspan="1"><p>XXX.XXX.108-10</p></td><td colspan="1" rowspan="1"><p>R$ 917,82</p></td></tr><tr><td colspan="1" rowspan="1"><p>4658/ATAN3RP/2026</p></td><td colspan="1" rowspan="1"><p>DAVID DE ALMEIDA E ARAUJO</p></td><td colspan="1" rowspan="1"><p>XXX.XXX.593-87</p></td><td colspan="1" rowspan="1"><p>R$ 149,73</p></td></tr><tr><td colspan="1" rowspan="1"><p>4659/ATAN3RP/2026</p></td><td colspan="1" rowspan="1"><p>DAVID DIOGO ZACATEI DO CARMO</p></td><td colspan="1" rowspan="1"><p>XXX.XXX.518-78</p></td><td colspan="1" rowspan="1"><p>R$ 2.979,11</p></td></tr><tr><td colspan="1" rowspan="1"><p>4660/ATAN3RP/2026</p></td><td colspan="1" rowspan="1"><p>DECIO IMOBILIARIA LTDA</p></td><td colspan="1" rowspan="1"><p>18.749.263/0001-63</p></td><td colspan="1" rowspan="1"><p>R$ 993,59</p></td></tr><tr><td colspan="1" rowspan="1"><p>4661/ATAN3RP/2026</p></td><td colspan="1" rowspan="1"><p>DEISI FACCIN DE SOUZA</p></td><td colspan="1" rowspan="1"><p>XXX.XXX.812-00</p></td><td colspan="1" rowspan="1"><p>R$ 13.359,26</p></td></tr><tr><td colspan="1" rowspan="1"><p>4662/ATAN3RP/2026</p></td><td colspan="1" rowspan="1"><p>DEISI JULIANE DOLVITSCH STEFFENS</p></td><td colspan="1" rowspan="1"><p>XXX.XXX.700-25</p></td><td colspan="1" rowspan="1"><p>R$ 126,32</p></td></tr><tr><td colspan="1" rowspan="1"><p>4663/ATAN3RP/2026</p></td><td colspan="1" rowspan="1"><p>DELAZZERI ADMINISTRADORA DE BENS LTDA</p></td><td colspan="1" rowspan="1"><p>30.964.354/0001-17</p></td><td colspan="1" rowspan="1"><p>R$ 684,32</p></td></tr><tr><td colspan="1" rowspan="1"><p>4664/ATAN3RP/2026</p></td><td colspan="1" rowspan="1"><p>DELTASUL UTILIDADES LTDA</p></td><td colspan="1" rowspan="1"><p>98.102.924/0016-80</p></td><td colspan="1" rowspan="1"><p>R$ 1.054,99</p></td></tr><tr><td colspan="1" rowspan="1"><p>4665/ATAN3RP/2026</p></td><td colspan="1" rowspan="1"><p>DI - SERVIÇOS DE PROMOC.DE EVENTOS LTDA</p></td><td colspan="1" rowspan="1"><p>32.111.633/0001-63</p></td><td colspan="1" rowspan="1"><p>R$ 1.695,75</p></td></tr><tr><td colspan="1" rowspan="1"><p>4666/ATAN3RP/2026</p></td><td colspan="1" rowspan="1"><p>DI MONTECHIARI ESTALEIRO LTDA</p></td><td colspan="1" rowspan="1"><p>47.053.398/0001-98</p></td><td colspan="1" rowspan="1"><p>R$ 1.148,44</p></td></tr><tr><td colspan="1" rowspan="1"><p>4667/ATAN3RP/2026</p></td><td colspan="1" rowspan="1"><p>DIEGO DA SILVA SOARES CRUZ</p></td><td colspan="1" rowspan="1"><p>XXX.XXX.041-13</p></td><td colspan="1" rowspan="1"><p>R$ 716,25</p></td></tr><tr><td colspan="1" rowspan="1"><p>4668/ATAN3RP/2026</p></td><td colspan="1" rowspan="1"><p>DIFUSORA INCORP. CONSTRUCAO LTDA EPP</p></td><td colspan="1" rowspan="1"><p>00.116.349/0001-93</p></td><td colspan="1" rowspan="1"><p>R$ 356,65</p></td></tr><tr><td colspan="1" rowspan="1"><p>4669/ATAN3RP/2026</p></td><td colspan="1" rowspan="1"><p>DIMED S/A DISTRIBUIDORA DE MEDICAMENTOS</p></td><td colspan="1" rowspan="1"><p>92.665.611/0001-77</p></td><td colspan="1" rowspan="1"><p>R$ 2.269,06</p></td></tr><tr><td colspan="1" rowspan="1"><p>4670/ATAN3RP/2026</p></td><td colspan="1" rowspan="1"><p>DINBO PARTICIPAÇÕES E INVESTIMENTOS LTDA</p></td><td colspan="1" rowspan="1"><p>18.321.205/0001-34</p></td><td colspan="1" rowspan="1"><p>R$ 1.589,86</p></td></tr><tr><td colspan="1" rowspan="1"><p>4671/ATAN3RP/2026</p></td><td colspan="1" rowspan="1"><p>DIOGENES ADM. DE BENS LTDA</p></td><td colspan="1" rowspan="1"><p>52.603.707/0001-96</p></td><td colspan="1" rowspan="1"><p>R$ 1.144,23</p></td></tr><tr><td colspan="1" rowspan="1"><p>4672/ATAN3RP/2026</p></td><td colspan="1" rowspan="1"><p>DIOGO STASIAK</p></td><td colspan="1" rowspan="1"><p>XXX.XXX.429-67</p></td><td colspan="1" rowspan="1"><p>R$ 192,73</p></td></tr><tr><td colspan="1" rowspan="1"><p>4673/ATAN3RP/2026</p></td><td colspan="1" rowspan="1"><p>DIOGO VIUDES</p></td><td colspan="1" rowspan="1"><p>XXX.XXX.358-53</p></td><td colspan="1" rowspan="1"><p>R$ 401,71</p></td></tr><tr><td colspan="1" rowspan="1"><p>4674/ATAN3RP/2026</p></td><td colspan="1" rowspan="1"><p>DIOMAR PEDRASSANI</p></td><td colspan="1" rowspan="1"><p>XXX.XXX.121-91</p></td><td colspan="1" rowspan="1"><p>R$ 241,27</p></td></tr><tr><td colspan="1" rowspan="1"><p>4675/ATAN3RP/2026</p></td><td colspan="1" rowspan="1"><p>DIRECAO TAXI AEREO LTDA</p></td><td colspan="1" rowspan="1"><p>43.143.216/0001-19</p></td><td colspan="1" rowspan="1"><p>R$ 5.027,10</p></td></tr><tr><td colspan="1" rowspan="1"><p>4676/ATAN3RP/2026</p></td><td colspan="1" rowspan="1"><p>DIRECT BRAZIL TAXI AEREO LTDA</p></td><td colspan="1" rowspan="1"><p>50.218.631/0001-50</p></td><td colspan="1" rowspan="1"><p>R$ 1.651,28</p></td></tr><tr><td colspan="1" rowspan="1"><p>4677/ATAN3RP/2026</p></td><td colspan="1" rowspan="1"><p>DIRPAM ADMINISTRADORA DE BENS LTDA</p></td><td colspan="1" rowspan="1"><p>55.725.998/0001-83</p></td><td colspan="1" rowspan="1"><p>R$ 1.787,81</p></td></tr><tr><td colspan="1" rowspan="1"><p>4678/ATAN3RP/2026</p></td><td colspan="1" rowspan="1"><p>DISNEY BARRETO MESQUITA</p></td><td colspan="1" rowspan="1"><p>XXX.XXX.462-20</p></td><td colspan="1" rowspan="1"><p>R$ 4.760,87</p></td></tr><tr><td colspan="1" rowspan="1"><p>4679/ATAN3RP/2026</p></td><td colspan="1" rowspan="1"><p>DISTRIBUIDORA MARANHENSE DE FRANGOS E FRIOS LTDA</p></td><td colspan="1" rowspan="1"><p>04.897.346/0001-95</p></td><td colspan="1" rowspan="1"><p>R$ 645,44</p></td></tr><tr><td colspan="1" rowspan="1"><p>4680/ATAN3RP/2026</p></td><td colspan="1" rowspan="1"><p>DKS INCORPORADORA LTDA</p></td><td colspan="1" rowspan="1"><p>32.458.272/0001-26</p></td><td colspan="1" rowspan="1"><p>R$ 1.721,59</p></td></tr><tr><td colspan="1" rowspan="1"><p>4681/ATAN3RP/2026</p></td><td colspan="1" rowspan="1"><p>DLC ADM DE BENS PRÓPRIOS SPE LTDA</p></td><td colspan="1" rowspan="1"><p>40.512.863/0001-62</p></td><td colspan="1" rowspan="1"><p>R$ 912,93</p></td></tr><tr><td colspan="1" rowspan="1"><p>4682/ATAN3RP/2026</p></td><td colspan="1" rowspan="1"><p>DMG ADMINISTRADORA DE BENS LTDA</p></td><td colspan="1" rowspan="1"><p>46.980.255/0001-69</p></td><td colspan="1" rowspan="1"><p>R$ 10.545,21</p></td></tr><tr><td colspan="1" rowspan="1"><p>4683/ATAN3RP/2026</p></td><td colspan="1" rowspan="1"><p>DMNL INVESTIMENTOS LTDA</p></td><td colspan="1" rowspan="1"><p>59.754.547/0001-25</p></td><td colspan="1" rowspan="1"><p>R$ 553,33</p></td></tr><tr><td colspan="1" rowspan="1"><p>4684/ATAN3RP/2026</p></td><td colspan="1" rowspan="1"><p>DOMINGOS ANGELO DEBARBA</p></td><td colspan="1" rowspan="1"><p>XXX.XXX.969-15</p></td><td colspan="1" rowspan="1"><p>R$ 99,82</p></td></tr><tr><td colspan="1" rowspan="1"><p>4685/ATAN3RP/2026</p></td><td colspan="1" rowspan="1"><p>DONADONI PARTICIPACOES SA</p></td><td colspan="1" rowspan="1"><p>18.228.418/0001-16</p></td><td colspan="1" rowspan="1"><p>R$ 190,62</p></td></tr><tr><td colspan="1" rowspan="1"><p>4686/ATAN3RP/2026</p></td><td colspan="1" rowspan="1"><p>DOUGLAS APARECIDO DE OLIVEIRA</p></td><td colspan="1" rowspan="1"><p>XXX.XXX.741-81</p></td><td colspan="1" rowspan="1"><p>R$ 3.113,12</p></td></tr><tr><td colspan="1" rowspan="1"><p>4687/ATAN3RP/2026</p></td><td colspan="1" rowspan="1"><p>DPC EMPREENDIMENTOS MERCANTIS LTDA</p></td><td colspan="1" rowspan="1"><p>18.817.551/0001-08</p></td><td colspan="1" rowspan="1"><p>R$ 575,49</p></td></tr><tr><td colspan="1" rowspan="1"><p>4688/ATAN3RP/2026</p></td><td colspan="1" rowspan="1"><p>DUGOMES AIR TÁXI AÉREO LTDA</p></td><td colspan="1" rowspan="1"><p>09.235.989/0001-97</p></td><td colspan="1" rowspan="1"><p>R$ 36.053,27</p></td></tr><tr><td colspan="1" rowspan="1"><p>4689/ATAN3RP/2026</p></td><td colspan="1" rowspan="1"><p>DVC TRANSPORTES LTDA</p></td><td colspan="1" rowspan="1"><p>52.229.852/0001-59</p></td><td colspan="1" rowspan="1"><p>R$ 1.099,52</p></td></tr><tr><td colspan="1" rowspan="1"><p>4690/ATAN3RP/2026</p></td><td colspan="1" rowspan="1"><p>DZ7 PATRIMONIAL LTDA</p></td><td colspan="1" rowspan="1"><p>59.686.729/0001-06</p></td><td colspan="1" rowspan="1"><p>R$ 3.545,41</p></td></tr></table><p>Ten Brig Ar SÉRGIO RODRIGUES PEREIRA BASTOS JÚNIOR</p><p class="cargo">Diretor-Geral do DECEA</p>;21/08/2026
